PMID,Title,Authors,Citation,First Author,Journal/Book,Publication Year,Create Date,PMCID,NIHMS ID,DOI
42561913,A complete diploid human genome benchmark for personalized genomics,"Hansen NF, Dwarshuis N, Ji HJ, Rhie A, Loucks H, Logsdon GA, Vollger MR, Storer JM, Kim J, Adam E, Altemose N, Antipov D, Asri M, Barreira S, Bohaczuk SC, Bzikadze AV, Carioscia SA, Carroll A, Chao KH, Chu Y, Das A, Ebert P, English A, Fleharty M, Fleming LE, Formenti G, Guarracino A, Hartley GA, Jenike K, Kalleberg J, Kang Y, King R, Lipovac J, Mastoras M, Mitchell MW, Negi S, Olson ND, Oshima KK, Paulin LF, Pickett BD, Porubsky D, Ranchalis J, Ranjan D, Rautiainen M, Riethman H, Schnabel RD, Sedlazeck FJ, Shafin K, Sikic M, Solar SJ, Sweeten AP, Timp W, Wagner J, Yoo D, Zhou Y, Garrison E, Eichler EE, Schatz MC, Stergachis AB, O'Neill RJ, Miga KH, Salzberg SL, Koren S, Zook JM, Phillippy AM.",Cell. 2026 Aug 6;189(16):4857-4875.e31. doi: 10.1016/j.cell.2026.06.016.,Hansen NF,Cell,2026,2026-08-06,PMC13456413,NIHMS2189544,10.1016/j.cell.2026.06.016
42539208,HPRC2: A human pangenome reference with near-complete coverage of common genetic variation,"Lucas JK, Hebbar P, Liao WW, Macias-Velasco JF, Novak AM, Asri M, Balacco JR, Blair AP, Ebler J, Gardner JMV, Geleta M, Groza C, Guarracino A, Heringer P, Hickey G, Lu S, Marin MG, Markovic C, Mastoras M, Mayoud C, McNulty B, Menendez JM, Minkina A, Mohanty SK, Monlong J, Munson KM, Oshima KK, Porubsky D, Ranallo-Benavidez TR, Seligmann WE, Shemirani R, Violich I, Yoo D, Zhuo X, Albracht D, Alexandrov IA, Allen J, Alsheikh-Ali AA, Andrews C, Antipov D, Antonacci-Fulton L, Arguello A, Ayllon M, Belter EA, Bender HD, Bolognini D, Bonini KE, Buonaiuto S, Cao S, Cartney AMM, Chang PC, Chang X, Cheema J, Ciofi C, Clawson H, Cody S, Colonna V, Conwell HC, Diekhans M, Diroma MA, Dong Z, Dubocanin D, Eizenga JM, Eskandar P, Ferro E, Ford SM, Ford WW, Frankish A, Freeberg MA, Fu Q, Gao S, Gao Y, Garcia GH, Garcia OA, Garza JE, Ghorbani M, Graves-Lindsay TA, Gu B, Haggerty L, Hansen NF, Hao Y, Hillaker TL, Hossain SN, Huang N, Hunt SE, Hunt T, Jafarzadeh N, Jain N, Jehangir M, Jiang J, Kim J, Koo B, Kremitzki M, Li D, Li R, Lin J, Liu T, Lorig-Roach R, Loucks H, Loveland JE, et al.",bioRxiv [Preprint]. 2026 Jul 22:2026.07.21.739710. doi: 10.64898/2026.07.21.739710.,Lucas JK,bioRxiv,2026,2026-08-01,PMC13419748,,10.64898/2026.07.21.739710
42549015,Optimally controlled nuclear magnetic resonance (NMR) in electrochemistry: Larmor versus nutation frequency selective spin excitation for locally selective NMR experiments,"Kochs JF, Römer AJ, Schatz M, Streun M, Jovanovic S, Eichel RA, Köcher SS, Granwehr J.",Magn Reson (Gott). 2026 Jul 17;7(2):113-123. doi: 10.5194/mr-7-113-2026. eCollection 2026.,Kochs JF,Magn Reson (Gott),2026,2026-08-04,PMC13430427,,10.5194/mr-7-113-2026
42457959,An encyclopedia of human enhancer-gene regulatory interactions,"Gschwind AR, Mualim KS, Karbalayghareh A, Sheth MU, Dey KK, Jagoda E, Nurtdinov RN, Xi W, Tan AS, Galante J, Jones H, Ma XR, Yao D, Amgalan D, Ray J, Munger CJ, Nasser J, Avsec Ž, James BT, Shamim MS, Durand NC, Rao SSP, Mahajan R, Doughty BR, Andreeva K, Ulirsch JC, Fan K, Perez EM, Nguyen TC, Kelley DR, Finucane HK, Moore JE, Weng Z, Kellis M, Bassik MC, Ustun B, Price AL, Beer MA, Guigó R, Stamatoyannopoulos JA, Lieberman Aiden E, Greenleaf WJ, Leslie CS, Steinmetz LM, Kundaje A, Engreitz JM.",Nature. 2026 Jul 15:10.1038/s41586-026-10781-4. doi: 10.1038/s41586-026-10781-4. Online ahead of print.,Gschwind AR,Nature,2026,2026-07-15,PMC13471189,NIHMS2191683,10.1038/s41586-026-10781-4
42465356,Navigating the pangenome coordinate system with Shredtools,"Shivakumar VS, Langmead B.",bioRxiv [Preprint]. 2026 Jul 8:2026.07.03.736354. doi: 10.64898/2026.07.03.736354.,Shivakumar VS,bioRxiv,2026,2026-07-17,PMC13370438,,10.64898/2026.07.03.736354
42465392,SpliSync: Genomic language model-driven splice site correction of long RNA sequencing reads,"Lui WW, Florea L.",bioRxiv [Preprint]. 2026 Jul 6:2026.07.04.736518. doi: 10.64898/2026.07.04.736518.,Lui WW,bioRxiv,2026,2026-07-17,PMC13370377,,10.64898/2026.07.04.736518
42401580,A multi-fidelity tabular prior-data fitted network model for accurate prediction and uncertainty quantification,"Shi Y, Liu C, Yu A, Lu Z, Elias S, Cheng K, Kou J, Chen X, Liu Y, Huang HZ, Beer M.",Nat Commun. 2026 Jul 4;17(1):8308. doi: 10.1038/s41467-026-75163-w.,Shi Y,Nat Commun,2026,2026-07-04,PMC13469094,,10.1038/s41467-026-75163-w
42461016,BatchSVG: identifying batch-biased genes in the application of spatially variable gene detection,"Shah K, Hou C, Thompson JR, Hicks SC.",Bioinformatics. 2026 Jul 2;42(7):btag522. doi: 10.1093/bioinformatics/btag522.,Shah K,Bioinformatics,2026,2026-07-16,PMC13412158,,10.1093/bioinformatics/btag522
42391265,Another 10 years of PLOS Computational Biology: A data-driven reflection on trends in genomics research,Fan J.,PLoS Comput Biol. 2026 Jul 2;22(7):e1014471. doi: 10.1371/journal.pcbi.1014471. eCollection 2026 Jul.,Fan J,PLoS Comput Biol,2026,2026-07-02,PMC13327146,,10.1371/journal.pcbi.1014471
42312341,Movi 2: fast and space-efficient queries on pangenomes,"Zakeri M, Brown NK, Gagie T, Langmead B.",Bioinformatics. 2026 Jul 2;42(7):btag362. doi: 10.1093/bioinformatics/btag362.,Zakeri M,Bioinformatics,2026,2026-06-18,PMC13379629,,10.1093/bioinformatics/btag362
41838954,DNA Methylation Stochasticity Is Linked to Transcriptional Variability and Convergent Epigenetic Disruption across Genetic Subtypes of Acute Myeloid Leukemia,"Hilgart E, Zhou W, Martinez-Montes E, Tryggvadottir R, Gondek LP, Majeti R, Ji H, Koldobskiy MA, Feinberg AP.",Cancer Res. 2026 Jul 2;86(13):3325-3343. doi: 10.1158/0008-5472.CAN-25-5822.,Hilgart E,Cancer Res,2026,2026-03-16,PMC13148364,NIHMS2159665,10.1158/0008-5472.CAN-25-5822
42412836,RLBWT-based LCP computation in compressed space for terabase-scale pangenome analysis,"Sanaullah A, Brown NK, Shakya P, Deegutla A, Naseri A, Langmead B, Zhi D, Zhang S.",Bioinformatics. 2026 Jul 1;42(Supplement_1):btag268. doi: 10.1093/bioinformatics/btag268.,Sanaullah A,Bioinformatics,2026,2026-07-07,PMC13340163,,10.1093/bioinformatics/btag268
42385701,Four-dimensional molecular mapping from a spatial snapshot reveals the dynamics of hair follicle organogenesis,"Asami S, Yin C, Fan J, Garza LA, Kalhor R.",Cell. 2026 Jul 1:S0092-8674(26)00702-6. doi: 10.1016/j.cell.2026.06.014. Online ahead of print.,Asami S,Cell,2026,2026-07-01,PMC13379681,NIHMS2193327,10.1016/j.cell.2026.06.014
42385698,Spatiomolecular mapping reveals anatomical organization of heterogeneous cell types in the human nucleus accumbens,"Ravichandran P, Bach SV, Phillips RA 3rd, Valentine MR, Eagles NJ, Du Y, Del Rosario I, AlGrain HA, Maguire SE, Miller RA, Divecha HR, Tippani M, Montgomery KD, Kleinman JE, Han S, Page SC, Hyde TM, Collado-Torres L, Battle A, Martinowich K, Hicks SC, Maynard KR.",Neuron. 2026 Jul 1:S0896-6273(26)00448-4. doi: 10.1016/j.neuron.2026.06.002. Online ahead of print.,Ravichandran P,Neuron,2026,2026-07-01,PMC13378871,NIHMS2193301,10.1016/j.neuron.2026.06.002
42246252,Drop-on-fixed-target reaction initiation approach for serial and time-resolved crystallography,"Kamps JJAG, Hinchliffe P, Glerup J, Freeman EI, Lang PA, Tooke CL, Beer M, Parkinson L, Gu DH, Park S, Devenish N, Zhou T, Shilova A, Kaur S, Rabe P, Schofield CJ, Spencer J, Park J, Owen RL, Orville AM, Aller P.",IUCrJ. 2026 Jul 1;13(Pt 4):471-484. doi: 10.1107/S2052252526003489.,Kamps JJAG,IUCrJ,2026,2026-06-05,PMC13324609,,10.1107/S2052252526003489
42427579,Indirect genomic effects shape cancer risk across species,"Butler G, Ramakrishnan S, Collins T, Baker J, Amend SR; Vertebrate Genomes Project Consortium Phase I; Schatz MC, Venditti C, Pienta KJ.",bioRxiv [Preprint]. 2026 Jun 29:2026.06.29.735167. doi: 10.64898/2026.06.29.735167.,Butler G,bioRxiv,2026,2026-07-10,PMC13345119,,10.64898/2026.06.29.735167
42396206,"pVACtools v6: A comprehensive suite for neoantigen prediction, visualization, and therapy design","Hoang MH, Kiwala S, Richters M, Hendrickson L, Xia H, Schmidt E, Miller CA, Cotto KC, Lichti CF, Skidmore Z, Singhal K, Yao JX, Li J, Khanfar M, Risch I, Ward J, Govindan R, Dunn G, Johanns TM, Goedegebuure SP, Fehniger TA, Karchin R, Schreiber RD, Gillanders W, Griffith OL, Griffith M.",ArXiv [Preprint]. 2026 Jun 25:arXiv:2606.26659v1.,Hoang MH,ArXiv,2026,2026-07-03,PMC13321332,,
42395566,The Vertebrate Genomes Project Phase I: A global reference genome resource,"Formenti G, Absolon DE, Abueg LAL, Ackerman F, Al-Ajli FO, Aleixo A, Antunes A, Arcila D, Audet JN, Balacco JR, Beavan AJS, Belov K, Betancur-R R, Bidwell SL, Biegler MT, Bista I, Blaxter M, Boyer K, Braasch I, Bradbury IR, Brajuka N, Bronikowski AM, Brown T, Butler G, Cao S, Charvel E, Chen Y, Ciofi C, Clawson HM, Collins JC, Correard S, Corrigan S, Couture M, Crawford AJ, D'Alessandre ND, da Conceicao HB, da Fonseca RR, Daigavane M, Dalapicolla J, de Bruyn M, de Jong E, De Panis DN, Detrich HW 3rd, Scott CD, Diekhans M, Duarte E, Durbin R, Escalona M, Eschenbrenner M, Fedrigo O, Fenn J, Flannery P, Forde N, Gable SM, Galante PA, Ganesan R, Gardiner A, Garrison E, Gemmell NJ, Gilbert MTP, Giudicelli F, Gonçalves TM, Guardia GDA, Guarracino A, Gupta A, Haase B, Hays D, Hickey G, Hiller M, Hime PM, Hogg CJ, Horan KM, Howe K, Jackson D, Jain N, Kang L, Kliver S, Ko BJ, Koepfli KP, Komissarov A, Komoroske LM, Koo B, Koren S, Korlach J, Kovacic I, Krasheninnikova K, Kuderna LF, Langlois RA, Lariviere D, Larkin DM, Lee C, Lee YH, Lewin HA, Lim D, Lou RN, Mak SS, Makova KD, Marín-Gual L, Marques-Bonet T, Martin FJ, et al.",bioRxiv [Preprint]. 2026 Jun 25:2026.06.24.732306. doi: 10.64898/2026.06.24.732306.,Formenti G,bioRxiv,2026,2026-07-03,PMC13320880,,10.64898/2026.06.24.732306
42396288,Deleterious mitochondrial heteroplasmy drives high-risk clonal hematopoiesis and hematological malignancy,"Arking DE, McDonald T, Shi W, Puiu D, Arking JV, Pasca S, Hong YS, Gondek L.",medRxiv [Preprint]. 2026 Jun 24:2026.06.22.26356227. doi: 10.64898/2026.06.22.26356227.,Arking DE,medRxiv,2026,2026-07-03,PMC13321106,,10.64898/2026.06.22.26356227
42327329,Testing the reliability of AI-generated protein structures,"Xu A, Salzberg SL.",bioRxiv [Preprint]. 2026 Jun 13:2026.06.11.731682. doi: 10.64898/2026.06.11.731682.,Xu A,bioRxiv,2026,2026-06-22,PMC13278076,,10.64898/2026.06.11.731682
42327190,Perturbation of genes linked to common schizophrenia risk variants identifies cilia programs,"Lee J, Min H, Casingal C, Ledford AT, Lee H, Ma W, Gao Y, Mao H, McCoy ES, Xing L, Fang C, Kwon SH, Zylka MJ, Martinowich K, Maynard KR, Hicks SC, Anton ES, Won H.",bioRxiv [Preprint]. 2026 Jun 10:2026.06.09.731172. doi: 10.64898/2026.06.09.731172.,Lee J,bioRxiv,2026,2026-06-22,PMC13278005,,10.64898/2026.06.09.731172
42241279,Spatio-molecular gene expression reflects dorsal anterior cingulate cortex structure and function in the human brain,"Shah K, Totty MS, Bach SV, Valentine MR, Chandra A, AlGrain HA, Divecha HR, Miller RA, Siewe FRM, Kwon SH, Del Rosario Alvia I, Ramnauth AD, Tippani M, Tyagi S, Kleinman JE, Collado-Torres L, Han S, Hyde TM, Page SC, Maynard KR, Hicks SC, Martinowich K.",Cell Rep. 2026 Jun 23;45(6):117500. doi: 10.1016/j.celrep.2026.117500. Epub 2026 Jun 4.,Shah K,Cell Rep,2026,2026-06-04,PMC13359017,NIHMS2190746,10.1016/j.celrep.2026.117500
41843762,"A reference genome sequence for the exceptionally long-lived Great Basin bristlecone pine, Pinus longaeva","Neale DB, Zimin AV, Millar CI, McGuire PE, Hosea JA, Li E, Puiu D, Timp W, Salzberg SL.",G3 (Bethesda). 2026 Jun 3;16(6):jkag064. doi: 10.1093/g3journal/jkag064.,Neale DB,G3 (Bethesda),2026,2026-03-17,PMC13233319,,10.1093/g3journal/jkag064
42244644,Autism associated Cntnap2 deletion disrupts vestibular sensory signaling and spatial cognition in mice,"Shu Y, Chen Y, Zhou D, Deng X, Florea LD, Deemyad T, Sadeghi SG.",bioRxiv [Preprint]. 2026 May 29:2026.05.28.728446. doi: 10.64898/2026.05.28.728446.,Shu Y,bioRxiv,2026,2026-06-05,PMC13232327,,10.64898/2026.05.28.728446
42214366,Facile generation of Hermes insertion mutants in prototrophic Candida glabrata for use in nutrient-limited environments,"Zaeske AM, Harrington AA, Nickels TJ, Gale AN, Timp W, Alayo N, Hassoun Y, Perlin DS, Shor E, Cunningham KW.",Microbiol Spectr. 2026 Jul 7;14(7):e0084826. doi: 10.1128/spectrum.00848-26. Epub 2026 May 29.,Zaeske AM,Microbiol Spectr,2026,2026-05-29,PMC13340276,,10.1128/spectrum.00848-26
42256797,"Drivers of disparities in asthma exacerbation and healthcare utilization: a quantitative analysis of neighborhood deprivation in Southern California, United States","Xu S, Xie F, Powers DA, Puttock EJ, Schatz M, Vollmer WM, Zeiger RS, Chen W.",Prev Med Rep. 2026 May 25;67:103510. doi: 10.1016/j.pmedr.2026.103510. eCollection 2026 Jul.,Xu S,Prev Med Rep,2026,2026-06-08,PMC13233807,,10.1016/j.pmedr.2026.103510
42162411,Non-Mendelian inheritance of DNA methylation patterns in mice,"Davidovich A, Cuomo D, Su H, Kambhampati S, Gong Q, Naron A, Tryggvadottir R, McMillan L, Hansen KD, Threadgill DW, Feinberg AP.",Nat Genet. 2026 Jun;58(6):1409-1422. doi: 10.1038/s41588-026-02604-z. Epub 2026 May 20.,Davidovich A,Nat Genet,2026,2026-05-20,PMC13263155,NIHMS2179005,10.1038/s41588-026-02604-z
42157005,StringTie3 improves total RNA-seq assembly by resolving nascent and mature transcripts,"Shinder I, Pertea G, Hu R, Rudnick Z, Pertea M.",Nat Methods. 2026 Jun;23(6):1126-1137. doi: 10.1038/s41592-026-03080-3. Epub 2026 May 19.,Shinder I,Nat Methods,2026,2026-05-19,PMC13250942,NIHMS2178377,10.1038/s41592-026-03080-3
42239246,SpatialArtifacts: a computational framework for tissue artifact detection in spatial transcriptomics data,"He JH, Thompson JR, Totty M, Hicks SC.",bioRxiv [Preprint]. 2026 May 18:2026.05.15.725260. doi: 10.64898/2026.05.15.725260.,He JH,bioRxiv,2026,2026-06-04,PMC13228377,,10.64898/2026.05.15.725260
42238399,A genome-wide meta-analysis identifies a sex-specific genetic effect for platelet aggregation in response to agonists,"Ngwa JS, Chen MH, Brady G, Yanek LR, Kammers K, Kanchan K, Taub MA, Dun Y, Chatterjee N, Ryan KA; NHLBI Trans-Omics for Precision (TOPMed) Consortium; Becker LC, Mathias RA, Lewis JP, Johnson AD, Faraday N, Ruczinski I.",medRxiv [Preprint]. 2026 May 18:2026.05.14.26353192. doi: 10.64898/2026.05.14.26353192.,Ngwa JS,medRxiv,2026,2026-06-04,PMC13228654,,10.64898/2026.05.14.26353192
42138085,Simultaneous CRISPR/Cas9-induced double-strand breaks are lethal in models of pancreatic cancer,"Teh SSK, Kotwal A, Bennett A, Halper-Stromberg E, Morsberger L, Zamani S, Shi Y, Skaist A, Zhu Q, Bowland K, Liang H, Hruban RH, Hung CF, Anders RA, Roberts NJ, Scharpf RB, Goldstein M, Zou YS, Eshleman JR.",J Clin Invest. 2026 May 15;136(10):e190121. doi: 10.1172/JCI190121. eCollection 2026 May 15.,Teh SSK,J Clin Invest,2026,2026-05-15,PMC13178663,,10.1172/JCI190121
42182231,Quantifying Cross-Modal Association Confidence for Single-Cell RNA-ATAC Integration,"Furutani T, Ji H.",bioRxiv [Preprint]. 2026 May 12:2026.05.07.723400. doi: 10.64898/2026.05.07.723400.,Furutani T,bioRxiv,2026,2026-05-25,PMC13192985,,10.64898/2026.05.07.723400
42115188,The multi-kinase inhibitor tinengotinib as monotherapy or combined with atezolizumab in advanced solid tumors: a phase Ib/II trial,"Zhang P, Niu Z, Guo H, Zhang M, Jiang S, Cao B, He C, Hou X, Zhang J, Yuan J, Zhu Y, Yu Y, Sun C, Peng P, Fan J, Gong J, Zhou J, Shen L.",Nat Commun. 2026 May 11;17(1):6290. doi: 10.1038/s41467-026-72541-2.,Zhang P,Nat Commun,2026,2026-05-11,PMC13376351,,10.1038/s41467-026-72541-2
42146349,A complete human pancreatic cancer genome,"Wagner J, Keskus AG, Oshima KK, Ranallo-Benavidez TR, McDaniel J, Sikic M, Lin D, Paulin LF, English AC, Sedlazeck FJ, Munding EM, Sanborn JZ, Carroll A, Chang PC, Cook DE, Shafin K, de Ligt J, Hassaine R, Cameron D, Catreux S, Lee Y, Murray L, Truong S, Brueffer C, Zimin AV, Cross E, McGowan M, Vernich M, Liss AS, Kocher JP, Stephens Z, Ahmad T, Bryant A, Dwarshuis N, He HJ, He Z, Olson ND, Thibaud-Nissen F, Antipov D, Koren S, Phillippy A, Musunuri RL, Narzisi G, Jain M, Wenger AM, Eacker S, Sahraeian SME, Boutros PC, Patel Y, Yamaguchi TN, McConnell J, Borchers M, Gerton JL, Kostos P, Guarracino A, Jehangir M, Benjamin H, Mootor MFE, Xu Y, Asri M, Miga KH, Park J, Paten B, Luo R, Zheng Z, Choi JY, Nguyen L, Vats P, Robinson DR, Vo JN, Gao S, Murtaza G, Mason CE, Cheng H, Barthel FP, Xiao C, Logsdon GA, Kolmogorov M, Zook JM.",bioRxiv [Preprint]. 2026 May 10:2026.05.01.722316. doi: 10.64898/2026.05.01.722316.,Wagner J,bioRxiv,2026,2026-05-18,PMC13174521,,10.64898/2026.05.01.722316
42146445,Spatial imprints of emergent cardiomyocyte states in the pressure-overloaded heart,"Liu Y, Coles AM, Castiglione J, Thiyagarajan VV, Clifton K, Goyal D, Wu J, Sheridan A, Vujic A, Harris KM, Manor U, Pereira TD, Fan J, Lee RT, Kosuri P.",bioRxiv [Preprint]. 2026 May 8:2026.05.04.721738. doi: 10.64898/2026.05.04.721738.,Liu Y,bioRxiv,2026,2026-05-18,PMC13174657,,10.64898/2026.05.04.721738
42096470,Comparison of unbiased metagenomic next generation sequencing to targeted multiplex diagnostic assays for the detection of respiratory viruses,"Hardick J, Anantharam R, Lu J, Salzberg SL, Rothman RE, Fenstermacher KZJ, Pekosz A, Onzia A, Nakiyingi L, Manabe YC, Kandathil AJ.",PLoS One. 2026 May 7;21(5):e0347750. doi: 10.1371/journal.pone.0347750. eCollection 2026.,Hardick J,PLoS One,2026,2026-05-07,PMC13152136,,10.1371/journal.pone.0347750
42201032,Mesenchymal Stem Cell-Derived Extracellular Vesicles and Plant-Derived Nanovesicles as Cell-Free Therapies for Thermal Burn Healing: A Systematic Review of Preclinical Evidence and Delivery Strategies,"Amarandei AH, Avadanei-Luca S, Bulgaru-Iliescu AI, Moraru DC, Solovastru DFG, Constantinescu MC, Tatar R, Poroch V, Gheuca Solovastru L, Pertea M.",Med Sci (Basel). 2026 May 5;14(2):240. doi: 10.3390/medsci14020240.,Amarandei AH,Med Sci (Basel),2026,2026-05-27,PMC13214687,,10.3390/medsci14020240
42147184,"Rare coding variant architecture and gene discovery from 130,000 sequenced cases of atrial fibrillation","Jurgens SJ, Enzan N, Dinsmore IR, Choi SH, Luo J, Lipov A, Hartle C, Wang X, Marston NA, Weng LC, Melloni GE, Chalazan B, Gray MP, Pirruccello JP, Diaz A, Chaffin MD, Ornelas-Loredo A, Tang O, Darbar FA, Kany S, Chen Y, von Falkenhausen AS, Morrison AC, Natale A, Tveit A, Geelhoed B, Cade B, Van Wagoner DR, Haase D, Soliman EZ, Davogustto GE, Calkins H, Anderson JL, Brody JA, Barnard J, Hokanson JE, Smith JD, Bis JC, Young K, Johnson LS, Long L, Risch L, Gula LJ, Kwee LC, Kühne M, Preuss M, Gupta N, Nafissi NA, Smith NL, Nilsson PM, van der Harst P, Wells QS, Judy RL, Schnabel RB, Johnson R, Smit RA, Gabriel S, Knight S, Furukawa T, Min YI, Yoneda ZT, Laksman ZW, Alonso A, Psaty BM, Albert CM, Arking DE, Roden DM, Chasman DI, Rader DJ, Conen D, McManus DD, Fatkin D, Boerwinkle E, Marcus GM, Christophersen IE, Smith JG, Roberts JD, Raffield LM, Shoemaker MB, Cho MH, Cutler MJ, Chung MK, Olesen MS, Sinner MF, Sotoodehnia N, Kirchhof P, Loos RJ, Nazarian S, Mohanty S, Damrauer SM, Kaab S, Heckbert SR, Redline S, Shah SH, Tanaka T, Ebana Y; Regeneron Genetics Center; NHLBI Trans-Omics for Precision Medicine (TOPMed) Consortium; Lubitz SA, Lunetta KL, et al.",Res Sq [Preprint]. 2026 May 4:rs.3.rs-9191644. doi: 10.21203/rs.3.rs-9191644/v1.,Jurgens SJ,Res Sq,2026,2026-05-18,PMC13174801,,10.21203/rs.3.rs-9191644/v1
42065925,Evidence of off-target probe binding affecting 10x Genomics Xenium gene panels compromise accuracy of spatial transcriptomic profiling,"Hallinan C, Ji HJ, Tsou E, Salzberg SL, Fan J.",Elife. 2026 May 1;14:RP107070. doi: 10.7554/eLife.107070.,Hallinan C,Elife,2026,2026-05-01,PMC13134852,,10.7554/eLife.107070
42001480,plasmaCHORD: A Machine Learning Approach to Distinguish Clonal Hematopoiesis-Derived Variants in Liquid Biopsies from Patients with Solid Tumors,"Canzoniero JV, Rabizadeh D, Ziakas I, Wehr J, Balan A, Jamali A, Landon BV, Sivapalan L, Scott S, Pereira G, Lam VK, Hann CL, Lovly CM, Tao J, Forde PM, Murray JC, Sausen M, Meijer GA, Vink GR, Fijneman RJA; MEDOCC Group; Velculescu VE, Phallen J, Scharpf RB, Anagnostou V.",Clin Cancer Res. 2026 May 1;32(9):1729-1744. doi: 10.1158/1078-0432.CCR-25-0976.,Canzoniero JV,Clin Cancer Res,2026,2026-04-19,PMC13133610,,10.1158/1078-0432.CCR-25-0976
42195105,Integrating Negative-Pressure Wound Therapy in the Therapeutic Protocol of Extensive Pediatric Burns: Current Practice and Further Treatment Decision Algorithm,"Nacea DI, Enescu DM, Pertea M, Mitrache P, Gavrila IM, Tatar R.",Medicina (Kaunas). 2026 Apr 30;62(5):852. doi: 10.3390/medicina62050852.,Nacea DI,Medicina (Kaunas),2026,2026-05-27,PMC13208412,,10.3390/medicina62050852
41521844,Human Immunodeficiency Virus-Associated Proteomic Signature of Myocardial Fibrosis and Incident Heart Failure,"Peterson TE, Hahn VS, Moaddel R, Zhu M, Fan J, De S, Haberlen SA, Palella FJ, Plankey M, Bader JS, Lima JAC, Gerszten RE, Rotter JI, Kirk GD, Piggott DA, Ferrucci L, Margolick JB, Brown TT, Post WS, Wu KC.",J Infect Dis. 2026 Apr 29;233(4):e937-e947. doi: 10.1093/infdis/jiag013.,Peterson TE,J Infect Dis,2026,2026-01-12,PMC12985786,NIHMS2149792,10.1093/infdis/jiag013
42048161,Steroid hormone antagonism affords vascular protection in a mouse model of vascular Ehlers-Danlos syndrome,"Juzwiak EE, Bowen CJ, Edwards R, Restrepo L, Lee S, Parks CA, Zeng A, Black MM, Reyes Gaido OE, Bramel EE, Shigaki DT, Beer MA, Bellini C, Dietz HC, Gallo MacFarlane E.",JCI Insight. 2026 Apr 28;11(12):e198202. doi: 10.1172/jci.insight.198202. eCollection 2026 Jun 22.,Juzwiak EE,JCI Insight,2026,2026-04-28,PMC13313488,,10.1172/jci.insight.198202
42014555,Cohort vs case-control design for transformer-based prediction of asthma exacerbations in mild asthma,"Xie F, Puttock EJ, Slaughter MT, Zeiger RS, Crawford W, Schatz M, Xu S, Chen W.",NPJ Digit Med. 2026 Apr 21;9(1):481. doi: 10.1038/s41746-026-02624-3.,Xie F,NPJ Digit Med,2026,2026-04-21,PMC13287595,,10.1038/s41746-026-02624-3
42074234,Amino Acids-Potential Biomarkers of Histological Features for MASLD in Pediatric Obesity,"Zamosteanu D, Filip N, Lozneanu L, Giusca SE, Badulescu OV, Pertea M, Filip A, Ungureanu C, Morosan E, Cojocaru E.",Int J Mol Sci. 2026 Apr 17;27(8):3596. doi: 10.3390/ijms27083596.,Zamosteanu D,Int J Mol Sci,2026,2026-05-04,PMC13115668,,10.3390/ijms27083596
41993383,The Common Fund Data Ecosystem (CFDE),"Jurgens JA, Bueckle A, Vora J, Maurya MR, Ahooyi TM, Zheng E, Stear B, Wang D, Ree C, Ramachandran S, Nekrutenko A, Brandes M, Thaker S, Katz DH, Munoz-Torres MC, Diamant I, Chun HE, Simmons JA, Tasian SK, Jenkins SL, Evangelista JE, Dodia H, Saha S, Lindquist MA, Gajjala V, Nemarich C, Zhen J, Ross KE, Byrd AI, Shilin A, Metzger VT, Bologa CG, Srinivasan S, Jang D, Kumar P, Taub LD, Levanto MP, Petrosyan V, Anandakrishnan M, Kim M, Clarke DJB, Ivich A, Crichton DJ, Smallen S, Bordelon D, Chen C, Schroeder AJ, Mahabal A, Cao-Berg I, Kim S, Masood D, Yu K, Gaulton KJ, Jimenez-Morales D, Rincon JM, Honick BJ, Wang W, Wu CH, Milosavljevic A, Blood PD, Boline J, Oprea TI, Lambert CG, de Bono B, Park PJ, Silverstein JC, Flannick J, Yang JJ, Grethe JS, Subramaniam S, Tiemeyer M, Clark T, Wheeler MT, Kahn A, Burnette J, Ranzinger R, Schatz MC, Gibson L, Burtt NP, Carson JP, Chen JY, Ping P, Davis S, Taylor DM, Börner K, Dillman A, Bursey K, Ma'ayan A; CFDE Consortium; Mazumder R, Roth ME, Greene CS.",bioRxiv [Preprint]. 2026 Apr 16:2026.04.10.717672. doi: 10.64898/2026.04.10.717672.,Jurgens JA,bioRxiv,2026,2026-04-17,PMC13082093,,10.64898/2026.04.10.717672
41591979,Epigenetic Instability-Based Metrics in Cell-Free DNA for Early Cancer Detection,"Thursby SJ, Jin Z, Blum J, Gurau A, Noë M, Scharpf RB, Velculescu VE, Cope L, Brock M, Baylin S, Pisanic T 2nd, Easwaran H.",Clin Cancer Res. 2026 Apr 15;32(8):1528-1539. doi: 10.1158/1078-0432.CCR-25-3384.,Thursby SJ,Clin Cancer Res,2026,2026-01-27,PMC13080316,,10.1158/1078-0432.CCR-25-3384
41963335,Assembling unmapped reads reveals hidden variation in South Asian genomes,"Das A, Biddanda A, McCoy RC, Schatz MC.",Nat Commun. 2026 Apr 10;17(1):5095. doi: 10.1038/s41467-026-71755-8.,Das A,Nat Commun,2026,2026-04-10,PMC13246962,,10.1038/s41467-026-71755-8
41786604,Minimizing reference bias with an imputed personalized reference,"Vaddadi K, Lin MJ, Majidian S, Mun T, Langmead B.",Genome Res. 2026 Apr 7;36(4):740-753. doi: 10.1101/gr.280989.125.,Vaddadi K,Genome Res,2026,2026-03-05,PMC13138014,,10.1101/gr.280989.125
42016771,Platelet-rich plasma in the management of diabetic foot ulcers (Review),"Tomac AA, Coșarcă CM, Trâmbițaș C, Dorobanțu DC, Pertea M, Tilinca R, Carasca C, Raduly G, Rezmuves MG, Tilinca MC.",Biomed Rep. 2026 Apr 2;24(6):69. doi: 10.3892/br.2026.2142. eCollection 2026 Jun.,Tomac AA,Biomed Rep,2026,2026-04-22,PMC13093009,,10.3892/br.2026.2142
41959200,Haplotype-resolved centromeric chromatin organization from a complete diploid human genome,"Xu Y, Loucks H, Menendez J, Ryabov F, Lucas JK, Cechova M, Morina L, Xu E, Dubocanin D, Chittenden C, Asri M, Violich I, Ortiz C, Gardner JMV, Hillaker T, O'Rourke S, McNulty B, Potapova TA, Mitchell MW, Schwartz JP, Straight AF, Gerton JL, Timp W, Alexandrov IA, Altemose N, Miga KH.",bioRxiv [Preprint]. 2026 Mar 31:2026.03.27.714900. doi: 10.64898/2026.03.27.714900.,Xu Y,bioRxiv,2026,2026-04-10,PMC13060124,,10.64898/2026.03.27.714900
41892872,Histopathological Changes Following Bromelain-Based Enzymatic Debridement (NexoBrid(®)): A Comprehensive Systematic Review of Preclinical and Clinical Evidence,"Avadanei-Luca S, Moraru DC, Bulgaru-Iliescu AI, Tatar R, Nacea I, Amarandei AH, Constantinescu MC, Pertea M.",Med Sci (Basel). 2026 Mar 23;14(1):157. doi: 10.3390/medsci14010157.,Avadanei-Luca S,Med Sci (Basel),2026,2026-03-27,PMC13028588,,10.3390/medsci14010157
41915760,Plant-based dietary patterns are associated with slower epigenetic aging,"Kim H, Castellani CA, Ma J, Wood AC, Ting A, Grams ME, Yu B, Ruggles K, Floyd JS, Arking DE, Rebholz CM.",Aging (Albany NY). 2026 Mar 20;18(1):138-158. doi: 10.18632/aging.206362. Online ahead of print.,Kim H,Aging (Albany NY),2026,2026-03-31,PMC13249531,,10.18632/aging.206362
41826141,Beyond the baseline: mapping the context-specific regulatory landscape of disease,"Gilad Y, Battle A.",Trends Genet. 2026 Apr;42(4):324-338. doi: 10.1016/j.tig.2026.01.010. Epub 2026 Mar 12.,Gilad Y,Trends Genet,2026,2026-03-13,PMC12991421,NIHMS2139478,10.1016/j.tig.2026.01.010
41900956,Prognostic Value of Intraoperative Distal Radioulnar Joint Instability Grading in Distal Radius and Galeazzi Fractures: A Prospective Multicenter Cohort Study,"Dmour A, Khair Y, Alyamani A, Sirbu PD, Dmour BA, Al-Zoubi A, Al-Saraireh Y, Gheorghevici TS, Tirnovanu SD, Popescu DC, Pertea M, Burlui A, Dmour H, Puha B.",Life (Basel). 2026 Mar 9;16(3):437. doi: 10.3390/life16030437.,Dmour A,Life (Basel),2026,2026-03-28,PMC13028341,,10.3390/life16030437
41867767,Perseus: Lineage-Aware Refinement of Kraken2 Taxonomic Classification for Long Read Metagenomes,"Nguyen MH, Schatz MC.",bioRxiv [Preprint]. 2026 Mar 8:2026.03.06.710148. doi: 10.64898/2026.03.06.710148.,Nguyen MH,bioRxiv,2026,2026-03-23,PMC13001417,,10.64898/2026.03.06.710148
41867870,Reprogramming of neuronal genome function and phenotype by astrocytes,"Li B, Hagy KT, Safi A, Beer MA, Barrera A, Geraghty S, Rai R, Pederson AN, Reisman SJ, Love MI, Sullivan PF, Eroglu C, Crawford GE, Gersbach CA.",bioRxiv [Preprint]. 2026 Mar 7:2026.03.07.710282. doi: 10.64898/2026.03.07.710282.,Li B,bioRxiv,2026,2026-03-23,PMC13001311,,10.64898/2026.03.07.710282
41867770,Deep Learning Enabled 3D Multi-Omic Analysis Reveals Molecular Signatures of Heterogeneous Response to Chemotherapy in Pancreatic Cancer,"Forjaz A, Mojdeganlou H, Valentin A, Wetzel M, Lvovs D, Deshpande A, Shin SM, Piya S, Rajapakshe KI, Guerrero PA, Pedro BA, Sidiropoulos DN, Wu PH, Pagan VB; Demystifying Pancreatic Cancer Therapies TeamLab; Wirtz D, Fertig EJ, Kagohara LT, Ho WJ, Kiemen AL, Wood LD, Christenson ES, Freed-Pastor WA, Iacobuzio-Donahue CA, Karchin R, Karnoub ER, Maitra A, Melchor J, Park W, Matos-Romero V, O'Reilly E, Soares KC.",bioRxiv [Preprint]. 2026 Mar 5:2026.03.03.709150. doi: 10.64898/2026.03.03.709150.,Forjaz A,bioRxiv,2026,2026-03-23,PMC13001410,,10.64898/2026.03.03.709150
41779869,Cell-free DNA fragmentomes for noninvasive detection of liver cirrhosis and other diseases,"Annapragada AV, Foda ZH, Orjuela H, Norton C, Koul S, Niknafs N, Short S, Boyapati K, Bartolomucci A, Mathios D, Noë M, Cherry C, Carey J, Leal A, Chesnick B, Dracopoli NC, Medina JE, Vulpescu NA, Bruhm DC, Bacus S, Adleff V, Kim AK, Baylin SB, Kirk GD, Sorop A, Iacob R, Iacob S, Gheorghe L, Dima S, Ramírez-Zea M, McGlynn KA, Feltoft CL, Johansen JS, Groopman J, Phallen J, Scharpf RB, Velculescu VE.",Sci Transl Med. 2026 Mar 4;18(839):eadw2603. doi: 10.1126/scitranslmed.adw2603. Epub 2026 Mar 4.,Annapragada AV,Sci Transl Med,2026,2026-03-04,PMC13255278,NIHMS2171412,10.1126/scitranslmed.adw2603
41379538,The Histone Methyltransferase KMT2D Is a Critical Mediator of Lineage Plasticity and Therapeutic Response in Castration-Resistant Prostate Cancer,"Kittane S, Ladewig E, Li T, Love JR, Blawski R, Gao Y, Arruabarrena-Aristorena A, Zhao P, Dalrymple SL, Liu H, Guo X, Sallaku M, Kelkar N, Garcia-Martinez L, Carmona Sanz J, Chen W, Stoudmann C, Baldino L, Razavi-Mohseni M, Kalemi I, Beer MA, Castel P, Brennen WN, Scaltriti M, Morey L, Cocco E, Ji H, Chan HM, Battle A, Leslie CS, Karthaus WR, Toska E.",Cancer Res. 2026 Mar 2;86(5):1113-1131. doi: 10.1158/0008-5472.CAN-25-2053.,Kittane S,Cancer Res,2026,2025-12-11,PMC12900249,NIHMS2130972,10.1158/0008-5472.CAN-25-2053
41525152,Impact of Maternal Diabetes in Pregnancy on Newborn IgG Antibody Repertoire and Infection Risk in the First 6 Months of Life,"Wang G, Ruczinski I, Larman HB, Gutierrez MJ, Frischmeyer-Guerrerio PA, Hong X, Ji H, Pearson C, Adams WG, Wang X.",Diabetes Care. 2026 Mar 1;49(3):410-418. doi: 10.2337/dc25-0990.,Wang G,Diabetes Care,2026,2026-01-12,PMC12925977,,10.2337/dc25-0990
41759705,Transcriptomic analysis of cells following decreased mitochondrial DNA-copy number reveals compensatory mechanisms in mitochondrial DNA replication and cellular energetics,"Xie J, Win PW, Newcomb C, Zeng S, Castellani CA, Arking DE.",Exp Cell Res. 2026 May 1;458(1):114951. doi: 10.1016/j.yexcr.2026.114951. Epub 2026 Feb 25.,Xie J,Exp Cell Res,2026,2026-02-27,PMC13000920,NIHMS2155041,10.1016/j.yexcr.2026.114951
42124697,Benchmarking foundation models for splice site and exon annotation,"He Z, Florea L.",bioRxiv [Preprint]. 2026 Feb 23:2026.02.22.707219. doi: 10.64898/2026.02.22.707219.,He Z,bioRxiv,2026,2026-05-13,PMC13160154,,10.64898/2026.02.22.707219
41757091,A neofunctionalized flowering antagonist created an evolutionary contingency that channeled Solanaceae adaptation,"Shohat H, Ciren D, Arrones A, Gentile I, Ramakrishnan S, Hendelman A, Jenike KM, Brown NL, Luna-Ramos J, Passalacqua MJ, Satterlee JW, Fitzgerald B, Baraja-Fonseca V, Robitaille GM, Seman BM, Gillis J, Van Eck J, Prohens J, Schatz MC, Lippman ZB.",bioRxiv [Preprint]. 2026 Feb 21:2026.02.20.707063. doi: 10.64898/2026.02.20.707063.,Shohat H,bioRxiv,2026,2026-02-27,PMC12934750,,10.64898/2026.02.20.707063
41714823,Setting higher standards for reports of microbial species in human cancers,"Salzberg SL, Chia M, Tay A, de Miranda NFCC, Smit V, Wesseling J, Irizarry R, Marshall B, Willerslev E, Neefjes J, Nagarajan N.",Nat Cancer. 2026 Mar;7(3):414-423. doi: 10.1038/s43018-026-01121-6. Epub 2026 Feb 19.,Salzberg SL,Nat Cancer,2026,2026-02-19,PMC13180263,NIHMS2170630,10.1038/s43018-026-01121-6
41708630,Mitochondrial heteroplasmy is a risk factor for the development of chronic lymphocytic leukemia,"Pasca S, Hong YS, Shi W, Puiu D, Lake NJ, Lek M, Guallar E, Arking DE, Gondek LP.",Nat Commun. 2026 Feb 18;17(1):2898. doi: 10.1038/s41467-026-69861-8.,Pasca S,Nat Commun,2026,2026-02-18,PMC13031533,,10.1038/s41467-026-69861-8
41701534,Cardiac radiotherapy-induced epigenetic memory underlies electrophysiologic and metabolic reprogramming,"Jordan SD, Fu S, Fulkerson A, Hu D, Ng S, Zhang DM, Manikandan S, Szymanski J, Hu N, Xie Y, Bedi A, Tabor J, Boggs-Bailey L, Strong L, Hicks S, Aryan L, Gabriel N, Hugo GD, Weng KC, Huebsch N, Schwarz JK, Zhang B, Rentschler SL.",J Clin Invest. 2026 Feb 17;136(7):e193087. doi: 10.1172/JCI193087. eCollection 2026 Apr 1.,Jordan SD,J Clin Invest,2026,2026-02-17,PMC13038212,,10.1172/JCI193087
41757081,Mapping spatially organized molecular and genetic signatures of schizophrenia across multiple scales in human prefrontal cortex,"Kwon SH, Guo B, Fang C, Tippani M, Bach SV, Miller RA, Maguire SE, Iatrou A, Pertea G, Eagles NJ, Valentine MR, Oh S, Jajoo A, Balakundi V, Du Y, Nguyen AB, Zhang R, Kaipa UM, Divecha HR, Lobana JS, Kleinman JE, Han S, Daskalakis NP, Hyde TM, Collado-Torres L, Page SC, Maynard KR, Hicks SC, Martinowich K.",bioRxiv [Preprint]. 2026 Feb 16:2026.02.16.706214. doi: 10.64898/2026.02.16.706214.,Kwon SH,bioRxiv,2026,2026-02-27,PMC12934622,,10.64898/2026.02.16.706214
41752971,Biomechanical Comparison of Three Fixation Constructs for Tile Type C1.2 Pelvic Ring Fractures: A Finite Element Analysis,"Carp AC, Veliceasa B, Awad D, Filip A, Perțea M, Forna N, Puha B, Tîrnovanu ȘD, Sîrbu MT, Pavăl SD, Sîrbu PD.",Life (Basel). 2026 Feb 15;16(2):336. doi: 10.3390/life16020336.,Carp AC,Life (Basel),2026,2026-02-27,PMC12942397,,10.3390/life16020336
41751314,Development of a Radiotherapy-Induced Wound Model in Wistar Rats: Simulating Post-Radiation Skin and Soft Tissue Complications for Therapeutic Evaluation,"Avadanei-Luca S, Tamba BI, Draga Caruntu I, Giusca SE, Timofte AD, Szilagyi A, Costachescu I, Gogu MR, Avadanei AN, Pertea M, Benamor M, Cojocaru ID, Ciofu ML, Scripcariu V.",Biomedicines. 2026 Feb 12;14(2):415. doi: 10.3390/biomedicines14020415.,Avadanei-Luca S,Biomedicines,2026,2026-02-27,PMC12937668,,10.3390/biomedicines14020415
41687615,A dorsal hippocampus-prodynorphinergic dorsolateral septum-to-lateral hypothalamus circuit mediates contextual gating of feeding,"Goode TD, Bernstein MX, Totty MS, Alipio JB, Vicidomini C, Pathak D, Besnard A, Chizari D, Sachdev N, Kritzer MD, Chung A, Duan X, Macosko E, Hicks SC, Zweifel LS, Sahay A.",Neuron. 2026 Jun 3;114(11):2050-2072.e14. doi: 10.1016/j.neuron.2026.01.025. Epub 2026 Feb 12.,Goode TD,Neuron,2026,2026-02-13,PMC13288035,NIHMS2181647,10.1016/j.neuron.2026.01.025
41394605,Chromatin boundary permeability is controlled by CTCF conformational ensembles,"Rudnizky S, Murray PJ, Sørensen EW, Koenig TJR, Pangeni S, Merino-Urteaga R, Chhabra H, Caccianini L, Davidson IF, Osorio-Valeriano M, Hook PW, Meneses P, Hao J, Zarb JS, Hatzakis NS, Timp W, Farnung L, Vos SM, Peters J, Aksimentiev A, Ha T.",bioRxiv [Preprint]. 2026 Feb 12:2025.11.25.690553. doi: 10.1101/2025.11.25.690553.,Rudnizky S,bioRxiv,2026,2025-12-15,PMC12699295,,10.1101/2025.11.25.690553
41668133,CRISPR screen of human pancreatic cancer xenografts identifies a KLF5 proliferation vulnerability through epigenetic modifiers NCAPD2 and MTHFD1,"Maeda M, Sherman K, Zhou W, Cheng J, Nihongaki Y, Idrizi A, Tryggvadottir R, Camacho O, Shang X, Min J, Koldobskiy MA, Maitra A, Levchenko A, Slusher BS, Ji H, Feinberg AP.",Mol Cancer. 2026 Feb 10;25(1):75. doi: 10.1186/s12943-026-02575-z.,Maeda M,Mol Cancer,2026,2026-02-10,PMC12998327,,10.1186/s12943-026-02575-z
41667480,Frailty phenotype reveals heterogeneity in aging and distinct taurine associations,"Kim A, Keener R, Omdahl A, Bene M, Westbrook R, Le A, Zhang C, Khare P, Khadeer M, Ferrucci L, Moaddel R, Battle A, Abadir P.",NPJ Aging. 2026 Feb 10;12(1):42. doi: 10.1038/s41514-026-00342-4.,Kim A,NPJ Aging,2026,2026-02-10,PMC13002985,,10.1038/s41514-026-00342-4
42051578,Trans-eQTLs reveal the architecture of human gene regulatory networks,"Warmerdam CAR, Westra HJ, van der Graaf A, Bonder MJ, Deelen P, van Lieshout T, Landman AJ, Jesse M, Strober BJ, Boltz T, Lapinska S, Nagpal S, Xie M, Tay D, Kirsten H, Naeem H, Raghavan V, Farzeen A, Teumer A, Favé MJ, Persyn E, Tokolyi A, Pool R, Hottenga JJ, Rodríguez RD, Rivas-Torrubia M, Mishra BH, Pierce B, Tong L, Wang QS, Hasegawa T, Chhetri SB, Dutta D, Weiss S, Dupuis T, Lyytikäinen LP, Mishra PP, Wood AR, Burnham KL, Wen J, Cheruiyot E, Boahen CK, Jansen R, Krohn K, Thiery J; IMI DIRECT Consortium; Daida K, Gibbs JR, Verlouw J, Kukushkina V, Mägi R, Budde J, Johnson M, Sanford J, Slagboom E, Beutner F, Loeffler M; PRECISESADS Clinical Consortium; Martin J, Raitoharju E, Kibriya MG, Jasmine F, Nauck M; HELIOS Study Team; Souto JC, Martinez-Perez A, Ikram MA, Mykkänen J, Pahkala K, Rovio SP, Raffield LM, van Greevenbroek M, van der Kallen CJH, Schalkwijk CG, Veldink J, Freimann K, Vochteloo M, Kooijmans A, Ouadah L, Claringbould A, Huang Y, Bryois J, Tsai EA, Heinig M, van der Wijst MGP; Estonian Biobank Research Team; sc-eQTLGen Consortium; Kumar V, Visscher PM, McRae AF, Montgomery GW, Li Y, Knight JC, Singleton A, Ferrucci L, Frayling TM, Brown A, Soria JM, Völker U, Battle A, et al.",medRxiv [Preprint]. 2026 Feb 5:2026.02.04.26343575. doi: 10.64898/2026.02.04.26343575.,Warmerdam CAR,medRxiv,2026,2026-04-29,PMC13119349,,10.64898/2026.02.04.26343575
41643661,C9orf72 hexanucleotide repeat RNA drives transcriptional dysregulation through genome-wide DNA:RNA hybrid G-quadruplexes,"Liu H, Liu M, Liu Y, Gui G, Paul T, Lu YN, Huang Z, Wang H, Xiao Y, Zheng Z, Periz G, Shi Y, Ichida JK, Myong S, Ji H, Wang J.",Neuron. 2026 Mar 18;114(6):1045-1065.e13. doi: 10.1016/j.neuron.2025.12.005. Epub 2026 Feb 4.,Liu H,Neuron,2026,2026-02-05,PMC13204405,NIHMS2168308,10.1016/j.neuron.2025.12.005
41853111,Limited genome evolution of Cryptococcus neoformans following an accidental infection in the research laboratory,"Fan Y, Kulkarni M, Zhang SX, Timp W, Sullivan DJ, Smith DFQ, Casadevall A, Hardwick JM.",ASM Case Rep. 2026 Feb 3;2(2):e00209-25. doi: 10.1128/asmcr.00209-25. eCollection 2026 Mar.,Fan Y,ASM Case Rep,2026,2026-03-19,PMC12955409,,10.1128/asmcr.00209-25
41676512,Immune checkpoint inhibitors amplify type 2 immune mediated repair by pro-regenerative scaffolds,"Garcia J, Ruta A, Yu FH, Mejías JC, Peña AN, Rutkowski N, Gray-Gaillard EF, Dubois C, Cherry C, Browne M, Stivers K, Maestas DR, Krishnan K, Bell ATF, Fertig EJ, Cooney CM, Cooney D, Byrne P, Hillel AT, Smith KN, Ji H, Anders R, Pardoll DM, Elisseeff JH.",bioRxiv [Preprint]. 2026 Feb 3:2026.01.31.703034. doi: 10.64898/2026.01.31.703034.,Garcia J,bioRxiv,2026,2026-02-12,PMC12889431,,10.64898/2026.01.31.703034
41633766,Corrigendum: Machine learning identifies activation of RUNX/AP-1 as drivers of mesenchymal and fibrotic regulatory programs in gastric cancer,"Razavi-Mohseni M, Huang W, Guo YA, Shigaki D, Ho SWT, Tan P, Skanderup AJ, Beer MA.",Genome Res. 2026 Feb 3;36(2):432. doi: 10.1101/gr.281294.125.,Razavi-Mohseni M,Genome Res,2026,2026-02-03,PMC12863181,,10.1101/gr.281294.125
41203424,Partitioned multi-MUM finding for scalable pangenomics with MumemtoM,"Shivakumar VS, Langmead B.",Genome Res. 2026 Feb 3;36(2):397-404. doi: 10.1101/gr.280940.125.,Shivakumar VS,Genome Res,2026,2025-11-07,PMC12863168,,10.1101/gr.280940.125
41752881,Interobserver and Intraobserver Reliability of a Novel Classification System for Distal Radioulnar Joint Instability,"Dmour A, Burlui AM, Dmour BA, Tîrnovanu ȘD, Popescu DC, Tîrnovanu MC, Savin L, Pertea M, Cozma T, Carp AC, Sîrbu PD, Puha B.",Life (Basel). 2026 Feb 2;16(2):243. doi: 10.3390/life16020243.,Dmour A,Life (Basel),2026,2026-02-27,PMC12941914,,10.3390/life16020243
41677031,Plasma Proteome Signature for Leukocyte Telomere Length and Its Link to Abdominal Aortic Aneurysm,"Li A, Austin TR, Steffen BT, Jacobson I, Xie J, Pankratz N, Lane JA, Fitzpatrick A, Bis JC, Arking DE, Mosley T, Sedaghat S, Pankow JS, Lutsey PL, Guan W, Tang W.",J Cell Mol Med. 2026 Feb;30(3):e71047. doi: 10.1111/jcmm.71047.,Li A,J Cell Mol Med,2026,2026-02-12,PMC12895465,,10.1111/jcmm.71047
41615800,Spatially resolved molecular sex differences at single-cell resolution in the adult human ventromedial and arcuate hypothalamus,"Mulvey B, Wang Y, Divecha HR, Bach SV, Montgomery KD, Cinquemani S, Chandra A, Du Y, Miller RA, Kleinman JE, Page SC, Hyde TM, Martinowich K, Hicks SC, Hansen KD, Maynard KR.",Cell Rep. 2026 Feb 24;45(2):116877. doi: 10.1016/j.celrep.2025.116877. Epub 2026 Jan 29.,Mulvey B,Cell Rep,2026,2026-01-30,PMC13003713,NIHMS2151722,10.1016/j.celrep.2025.116877
41659693,AniAnn's: alignment-free annotation of tandem repeat arrays using fast average nucleotide identity estimates,"Sweeten A, Schatz MC, Phillippy AM.",bioRxiv [Preprint]. 2026 Jan 28:2026.01.27.702063. doi: 10.64898/2026.01.27.702063.,Sweeten A,bioRxiv,2026,2026-02-09,PMC12873891,,10.64898/2026.01.27.702063
41646735,Behavioral Assessment Reliability in Clinical Phenotyping and Biomarker Research for Autism,"Perez-Benavides E, Wang J, Chen Z, Beeler-Duden S, Jackokes Z, Van Horn JD, Schatz MC, Pelphrey KA, Venkataraman A.",medRxiv [Preprint]. 2026 Jan 26:2026.01.24.25343227. doi: 10.64898/2026.01.24.25343227.,Perez-Benavides E,medRxiv,2026,2026-02-06,PMC12870647,,10.64898/2026.01.24.25343227
41659078,ASSOCIATION ANALYSIS OF MITOCHONDRIAL HETEROPLASMIC VARIANTS AND CARDIOMETABOLIC TRAITS,"Sun X, Liu X, Bulekova K, Pitsillides AN, Guo X, Yong Q, Raffield LM, Rotter JI, Rich SS, Abecasis G, Carson AP, Vasan RS, Bis JC, Psaty BM, Boerwinkle E, Fitzpatrick AL, Satizabal CL, Arking DE, Ding J, Levy D; TOPMed mtDNA working group; Liu C.",medRxiv [Preprint]. 2026 Jan 25:2026.01.23.26344724. doi: 10.64898/2026.01.23.26344724.,Sun X,medRxiv,2026,2026-02-09,PMC12879650,,10.64898/2026.01.23.26344724
41648118,RLBWT-Based LCP Computation in Compressed Space for Terabase-Scale Pangenome Analysis,"Sanaullah A, Brown NK, Shakya P, Deegutla A, Naseri A, Langmead B, Zhi D, Zhang S.",bioRxiv [Preprint]. 2026 Jan 25:2026.01.23.701410. doi: 10.64898/2026.01.23.701410.,Sanaullah A,bioRxiv,2026,2026-02-06,PMC12871677,,10.64898/2026.01.23.701410
41565805,Common variation in meiosis genes shapes human recombination and aneuploidy,"Carioscia SA, Biddanda A, Starostik MR, Tang X, Hoffmann ER, Demko ZP, McCoy RC.",Nature. 2026 Mar;651(8104):146-153. doi: 10.1038/s41586-025-09964-2. Epub 2026 Jan 21.,Carioscia SA,Nature,2026,2026-01-21,PMC12960220,,10.1038/s41586-025-09964-2
41648422,Deconvolved tumor adipocyte proportions and high grade serous ovarian carcinoma survival,"Ivich A, Grieshober L, Davidson NR, Akatsu GY, Peres LC, Hicks SC, Marks JR, Schildkraut JM, Doherty JA, Greene CS.",bioRxiv [Preprint]. 2026 Jan 19:2026.01.14.699527. doi: 10.64898/2026.01.14.699527.,Ivich A,bioRxiv,2026,2026-02-06,PMC12871784,,10.64898/2026.01.14.699527
41648439,Reconstructing clone-resolved transcriptional programs from bulk tumor sequencing,"Lai J, Yang Y, Noller K, Liu Y, Balan A, Nagendra PB, Kagohara LT, Fertig EJ, Wood LD, Karchin R.",bioRxiv [Preprint]. 2026 Jan 15:2026.01.15.699695. doi: 10.64898/2026.01.15.699695.,Lai J,bioRxiv,2026,2026-02-06,PMC12871144,,10.64898/2026.01.15.699695
41704766,Dasatinib resensitizes BRAF/MEK inhibitor efficacy in patient-derived xenografts from patients with progression on BRAF/MEK inhibitor treatment,"Rebecca VW, Xiao M, Kossenkov A, Godok T, Brown GS, Fingerman D, Alicea GM, Wei M, Ji H, Portuallo M, Bravo J, Elad V, Chen Y, Toska E, Fane ME, Couts KL, Villanueva J, Nathanson K, Arun KM, Warrier G, Yin X, Ding J, Liu Q, Goyal Y, Gopal YNV, Davies MA, Herlyn M.",iScience. 2026 Jan 13;29(2):114669. doi: 10.1016/j.isci.2026.114669. eCollection 2026 Feb 20.,Rebecca VW,iScience,2026,2026-02-18,PMC12907876,,10.1016/j.isci.2026.114669
41542689,Data Quality Assurance Tool for the Acute to Chronic Pain Signatures Study (A2CPS): An Interactive R Shiny Application,"Ansari B, Sadil P, Ford J, Berardi G, Taub M, Kahn A, Urrutia J, Hackman A, Gherman A, Lindquist MA.",medRxiv [Preprint]. 2026 Jan 8:2026.01.07.26343620. doi: 10.64898/2026.01.07.26343620.,Ansari B,medRxiv,2026,2026-01-16,PMC12803295,,10.64898/2026.01.07.26343620
41501460,An expanded registry of candidate cis-regulatory elements,"Moore JE, Pratt HE, Fan K, Phalke N, Fisher J, Elhajjajy SI, Andrews G, Gao M, Shedd N, Fu Y, Lacadie MC, Meza J, Khandpekar M, Ganna M, Choudhury E, Swofford R, Phan H, Ramirez CC, Campbell M, Likhite M, Farrell NP, Weimer AK, Pampari A, Ramalingam V, Reese F, Borsari B, Yu X, Wattenberg E, Ruiz-Romero M, Razavi-Mohseni M, Xu J, Galeev T, Colubri A, Beer MA, Guigó R, Gerstein MB, Engreitz JM, Ljungman M, Reddy TE, Snyder MP, Epstein CB, Gaskell E, Bernstein BE, Dickel DE, Visel A, Pennacchio LA, Mortazavi A, Kundaje A, Weng Z.",Nature. 2026 Jan 7:10.1038/s41586-025-09909-9. doi: 10.1038/s41586-025-09909-9. Online ahead of print.,Moore JE,Nature,2026,2026-01-07,PMC13164889,NIHMS2157751,10.1038/s41586-025-09909-9
41566644,Sex Hormones and Repolarization Dynamics During the Menstrual Cycle in Women Treated With QT-Prolonging Drugs,"San A, Goldenberg I, Younis A, Cutter K, McNitt S, Sotoodehnia N, Kudenchuk PJ, Rea TD, Arking DE, Polonsky B, Zareba W, Aktaş MK.",Ann Noninvasive Electrocardiol. 2026 Jan;31(1):e70151. doi: 10.1111/anec.70151.,San A,Ann Noninvasive Electrocardiol,2026,2026-01-22,PMC12823772,,10.1111/anec.70151
41461908,Unearthing soil biodiversity through collaborative genomic research and education,"BioDIGS Consortium; Alberts T, Albritton CF, Alcazar R, Aljabri Z, Alvarez M, Aradhey A, Ayalew M, Azizian N, Balayah Y, Ball DD, Barragan E, Beshoar C, Best L, Biggane E, Biggane J, Blick J, Blosser M, Brown AK, Campbell MC, Canizares Z, Chanhuhwa FN, Chen Y, Chin DR, Chowdhury K, Collins T, Compton B, Da Silva J, Davis NR, DeCaro N, Delgadillo F, Deng Y, Duncan J, Egwu AC, Ekalle GD, Elnawam N, Enke R, Ewhe N, Ferrel MA, Fierst J, Freymiller G, Fuller K, Fulton-Wright L, Gaysinskaya V, Gill T, Gillespie E, Gonzalez Moreno P, Goodwin S, Graham N, Graham ME, Graves JL Jr, Grob E, Gutierrez R, Hager A, Hakim ST, Harris A, Hoffman AM, Hoffmann T, Horton AM, Hughes A, Humphries EM, Ikechi-Konkwo JS, Ishtiaq A, Jackson R, James JR, James K, Jamison SA, Jimenez A, Johnson R, Kauffman A, Kaur H, Kc K, Keeton A, Kelly OE, Kerr J, Kucher N, Kuehu DL, Larson WA, Lee J, Lee A, Leek JT, Lemaic D, Liburd LE 2nd, Lopez AF, Mahmanzar M, Mamae K, Manjikian R, Marone M, Marquez K, Martinson A, Mavruk Eskipehlivan S, Medrano A, Melendrez-Vallard M, Meller R, Méndez LB, Mendez Gonzalez MP, Mesquita N, Miller CM, Mohd-Ibrahim I, Mortensen P, et al.",Nat Genet. 2026 Jan;58(1):3-8. doi: 10.1038/s41588-025-02442-5.,BioDIGS Consortium,Nat Genet,2026,2025-12-30,PMC12799090,NIHMS2135246,10.1038/s41588-025-02442-5
41431444,Mitochondrial DNA copy number reduction via in vitro TFAM knockout remodels the nuclear epigenome and transcriptome,"Win PW, Nguyen J, Shin EH, Nagano TS, Selimi B, Hong K, Meybodi AM, Yates BP, Burke EV, Carter DE, Newby GA, Newcomb C, Arking DE, Castellani CA.",Epigenomics. 2026 Jan;18(1):27-44. doi: 10.1080/17501911.2025.2603883. Epub 2025 Dec 23.,Win PW,Epigenomics,2026,2025-12-23,PMC12826749,,10.1080/17501911.2025.2603883
41406506,Combining cell-free DNA fragmentomes and total tumour volume improves prognostication and tumour response evaluation in patients with colorectal cancer liver metastases,"Crnovrsanin N, Zeeuw JM, Ali M, Kemna R, Alipanahi B, Lumbard K, Skidmore ZL, Rinaldi L, van 't Erve I, Wesdorp NJ, Huiskens J, van Steijn D, van Waesberghe JH, van den Bergh J, Nota I, Moos S, Bond MJG, Meiqari L, Huitink I, Giovannetti E, Stoker J, Verpalen I, van den Broek D, Meijer GA, Swijnenburg RJ, Punt CJA, Scharpf RB, Leal A, Dracopoli NC, Velculescu VE, Kok NFM, Kazemier G, Fijneman RJA.",EBioMedicine. 2026 Jan;123:106081. doi: 10.1016/j.ebiom.2025.106081. Epub 2025 Dec 16.,Crnovrsanin N,EBioMedicine,2026,2025-12-17,PMC12768872,,10.1016/j.ebiom.2025.106081
41351491,Mediation of Polygenic Asthma Risk Through Gene Expression,"Natarajan R, Szczesny B, Kanchan K, Esquinca E, Boorgula MP, Chavan S, Campbell M, Lorizio W, Doumatey AP, Cruz AA, Watson H, Naureckas ET, Giles BL, Arinola G, Sogaolu O, Falade AG, Hansel NN, Olopade CO, Rotimi CN, Landis RC, Figueiredo CA, Kenny EE, Ruczinski I, Liu AH, Ober C, Taub MA, Johnson RK, Barnes KC, Wojcik GL, Mathias RA.",Allergy. 2026 Apr;81(4):1089-1098. doi: 10.1111/all.70101. Epub 2025 Dec 6.,Natarajan R,Allergy,2026,2025-12-06,PMC13040662,,10.1111/all.70101
41346014,Col-BWT: Pangenomic Seed Chaining with Maximal Matches Improves Read Classification,"Brown NK, Shivakumar VS, Langmead B.",J Comput Biol. 2026 Jan;33(1):168-183. doi: 10.1177/15578666251400784. Epub 2025 Dec 5.,Brown NK,J Comput Biol,2026,2025-12-05,PMC13049588,NIHMS2156945,10.1177/15578666251400784
41330372,Interpreting the functional impact of genetic variants: The need for context qualifiers,"Martinelli S, Cavé H, De Luca A, DiStefano M, Karchin R, Lugones AC, O'Donnell-Luria A, Ritter DI, Tamborero D, Tolstorukov MY, Campregher PV, Tartaglia M, Sonkin D.",Am J Hum Genet. 2026 Jan 8;113(1):5-15. doi: 10.1016/j.ajhg.2025.11.007. Epub 2025 Dec 1.,Martinelli S,Am J Hum Genet,2026,2025-12-02,PMC12824612,NIHMS2146651,10.1016/j.ajhg.2025.11.007
41307260,Transplacental Antimicrobial Antibodies and Childhood Asthma: Maternal Nativity as an Upstream Factor,"Hong X, Nadeau KC, Frischmeyer-Guerrerio P, Wang G, Jernbom AF, Li S, Zhao N, Morgenlander WR, Angkeow JW, Thakar M, Pearson C, Adams WG, Larman HB, Ji H, Wang X.",Allergy. 2026 Jan;81(1):197-208. doi: 10.1111/all.70167. Epub 2025 Nov 27.,Hong X,Allergy,2026,2025-11-27,PMC13078849,NIHMS2160497,10.1111/all.70167
41293823,Functional Genomics Link REST to Endothelial Plasticity and Atherosclerosis,"Viskadourou M, Chaudhry S, Scalco A, Reventun P, Toledano-Sanz P, An R, Alcharani N, Delgado Marin M, Fennell A, Zhao Q, Osburn W, McCallion AS, Quertermous T, Battle A, Lowenstein CJ, Arvanitis M.",Circ Res. 2026 Jan 2;138(1):e326628. doi: 10.1161/CIRCRESAHA.125.326628. Epub 2025 Nov 26.,Viskadourou M,Circ Res,2026,2025-11-26,PMC12908446,NIHMS2126374,10.1161/CIRCRESAHA.125.326628
41269922,Associations of Blood Mitochondrial DNA Quality and Quantity with Risk of Kidney Function Decline,"Eswarappa M, Katz R, Arking DE, Shi W, Newcomb C, Tranah GJ, Ix JH, Parikh CR, Cummings S, Waikar SS, Parikh SM, Sarnak MJ, Shlipak MG, Jotwani V.",Clin J Am Soc Nephrol. 2026 Feb 1;21(2):242-250. doi: 10.2215/CJN.0000000893. Epub 2025 Nov 21.,Eswarappa M,Clin J Am Soc Nephrol,2026,2025-11-21,PMC12889926,NIHMS2140313,10.2215/CJN.0000000893
41211871,The Evolution and Origin of Allotetraploid Aegilops geniculata Revealed by the Homoeolog-Resolved Genome Assembly,"Yunusbaev U, Campos GR, Sathishraj R, Liakh E, Raupp JW, Zimin AV, Akhunova A, Koo DH, Akhunov E.",Plant Biotechnol J. 2026 Mar;24(3):1866-1884. doi: 10.1111/pbi.70456. Epub 2025 Nov 10.,Yunusbaev U,Plant Biotechnol J,2026,2025-11-10,PMC12946516,,10.1111/pbi.70456
41187759,Transcriptome-wide association studies at cell-state level using single-cell eQTL data,"Qi G, Lila E, Ji Z, Shojaie A, Battle A, Sun W.",Cell Genom. 2026 Jan 14;6(1):101060. doi: 10.1016/j.xgen.2025.101060. Epub 2025 Nov 3.,Qi G,Cell Genom,2026,2025-11-04,PMC12926191,,10.1016/j.xgen.2025.101060
41393221,Prefix-free parsing for merging big BWTs,"Díaz-Domínguez D, Gagie T, Guerrini V, Langmead B, Lipták Z, Manzini G, Masillo F, Shivakumar V.",Int Symp String Process Inf Retr. 2026;16073:54-63. doi: 10.1007/978-3-032-05228-5_6. Epub 2025 Sep 22.,Díaz-Domínguez D,Int Symp String Process Inf Retr,2026,2025-12-15,PMC12700358,NIHMS2112849,10.1007/978-3-032-05228-5_6
41393220,KeBaB: k-mer based breaking for finding long MEMs,"Brown NK, Depuydt L, Zakeri M, Alhadi A, Allam N, Begleiter D, Kabilan Karpagavalli NB, Khajjayam SS, Wahed H, Gagie T, Langmead B.",Int Symp String Process Inf Retr. 2026;16073:10-17. doi: 10.1007/978-3-032-05228-5_2. Epub 2025 Sep 22.,Brown NK,Int Symp String Process Inf Retr,2026,2025-12-15,PMC12700359,NIHMS2112843,10.1007/978-3-032-05228-5_2
41988634,Learning Explainable Imaging-Genetics Associations Related to a Neurological Disorder,"Wang J, Jacokes Z, Van Horn JD, Schatz MC, Pelphrey KA, Venkataraman A.",Med Image Comput Comput Assist Interv. 2026;15970:347-357. doi: 10.1007/978-3-032-05141-7_34. Epub 2025 Sep 20.,Wang J,Med Image Comput Comput Assist Interv,2026,2026-04-16,PMC13078111,NIHMS2164075,10.1007/978-3-032-05141-7_34
40515599,Addressing the mean-variance relationship in spatially resolved transcriptomics data with spoon,"Shah K, Guo B, Hicks SC.",Biostatistics. 2025 Dec 31;26(1):kxaf012. doi: 10.1093/biostatistics/kxaf012.,Shah K,Biostatistics,2025,2025-06-14,PMC12166475,,10.1093/biostatistics/kxaf012
41509213,Standardizing RNA-seq Analysis of Fungal Pathogens Using BRC-Analytics and Agentic AI: A Candidozyma auris Case Study,"Nekrutenko A, Callan D, Van Den Beek M, Baker D, Rogers D, Guerler A, Chilton J, Clawson H, Cain S, O'Meara T, Beavers K, Schatz M, Haeussler M, Gruning B, Goecks J, Pond SK.",bioRxiv [Preprint]. 2025 Dec 30:2025.12.30.697050. doi: 10.64898/2025.12.30.697050.,Nekrutenko A,bioRxiv,2025,2026-01-09,PMC12776552,,10.64898/2025.12.30.697050
41497642,Spatial Transcriptomics As Rasterized Image Tensors (STARIT) characterizes cell states with subcellular molecular heterogeneity,"Velazquez D, Hallinan C, An R, Clifton K, Fan J.",bioRxiv [Preprint]. 2025 Dec 22:2025.12.18.695193. doi: 10.64898/2025.12.18.695193.,Velazquez D,bioRxiv,2025,2026-01-07,PMC12767309,,10.64898/2025.12.18.695193
41515899,Exosome-Based Therapies for Alopecia Areata: A Systematic Review of Clinical and Experimental Evidence,"Bulgaru-Iliescu AI, Moraru DC, Amarandei AH, Avadanei-Luca S, Constantinescu MC, Rusu AC, Pertea M.",Int J Mol Sci. 2025 Dec 19;27(1):21. doi: 10.3390/ijms27010021.,Bulgaru-Iliescu AI,Int J Mol Sci,2025,2026-01-10,PMC12785886,,10.3390/ijms27010021
41473289,Complete genomes of a multi-generational pedigree to expand studies of genetic and epigenetic inheritance,"Cechova M, Potapova TA, Rechtsteiner A, Hickey G, Mari RS, Mastoras M, Menendez J, Poláková N, Hebbar P, Ryabov F, Loucks H, Groot A, Pavlík T, Asri M, Dong S, Yan SM, Lucas JK, Solar SJ, Borchers M, Mattingly M, McKinney S, Krátká M, Mikhailova C, Hanák O, Saha ST, Xu E, Antipov D, Koren S, Eizenga JM, McNulty B, Gardner JMV, Hillaker T, Violich I, Markovic C, Kruglyak S, Levy S, Wolf T, Mitchell MW, Scheinfeldt L, Cheng H, Alexandrov IA, McCoy RC, Paten B, Phillippy AM, Zook JM, Gerton JL, Fulton RS, Stitziel NO, Wang T, Marschall T, Greider CW, Miga KH.",bioRxiv [Preprint]. 2025 Dec 16:2025.12.14.693655. doi: 10.64898/2025.12.14.693655.,Cechova M,bioRxiv,2025,2025-12-31,PMC12746033,,10.64898/2025.12.14.693655
41390774,Novel enzymatic DNA produced from a text file achieves comparable immune responses as plasmid vaccine,"Fuller J, Kvam E, Creton S, Hall C, Tursi NJ, Blatney K, Ryan R, Godron X, Weiner DB, Timp W, Griffin W, Nelson J, Fuller DH.",NPJ Vaccines. 2025 Dec 13;11(1):9. doi: 10.1038/s41541-025-01329-0.,Fuller J,NPJ Vaccines,2025,2025-12-13,PMC12800232,,10.1038/s41541-025-01329-0
41427292,BatchSVG: identifying batch-biased genes in the application of spatially variable gene detection,"Shah K, Hou C, Thompson JR, Hicks SC.",bioRxiv [Preprint]. 2025 Dec 12:2025.12.09.693192. doi: 10.64898/2025.12.09.693192.,Shah K,bioRxiv,2025,2025-12-22,PMC12713593,,10.64898/2025.12.09.693192
41427271,Do Pseudosequences Matter in Neoantigen Prediction?,"Valeria A, Karchin R.",bioRxiv [Preprint]. 2025 Dec 12:2025.12.09.693250. doi: 10.64898/2025.12.09.693250.,Valeria A,bioRxiv,2025,2025-12-22,PMC12713658,,10.64898/2025.12.09.693250
41382205,A systematic evaluation of highly variable gene selection methods for single-cell RNA-sequencing,"Zhao R, Lu J, Li Y, Zhou W, Zhao N, Ji H.",Genome Biol. 2025 Dec 11;26(1):424. doi: 10.1186/s13059-025-03887-x.,Zhao R,Genome Biol,2025,2025-12-11,PMC12699822,,10.1186/s13059-025-03887-x
41972095,Movi Color: fast and accurate taxonomic classification with the move structure,"Tan S, Majidian S, Langmead B, Zakeri M.",ACM BCB. 2025;2025:22. doi: 10.1145/3765612.3767233. Epub 2025 Dec 10.,Tan S,ACM BCB,2025,2026-04-13,PMC13067997,NIHMS2157103,10.1145/3765612.3767233
41372533,Targeting high-risk MYC-overexpressed osteosarcoma with an Aurora kinase inhibitor:--results from a pilot umbrella trial,"Tian K, Jiang Y, Sun M, Lv Y, Fan J, Sun C, Zhu Y, Yu Y, Qiang X, Peng P, Wu F, Zhao W, Zuo D, Wang H, Wang C, Sun W, Wang J, Cai Z, Hua Y.",NPJ Precis Oncol. 2025 Dec 10;10(1):24. doi: 10.1038/s41698-025-01219-7.,Tian K,NPJ Precis Oncol,2025,2025-12-10,PMC12804796,,10.1038/s41698-025-01219-7
41427384,Spotsweeper-py: spatially-aware quality control metrics for spatial omics data in the Python ecosystem,"Chen X, Totty M, Hicks SC.",bioRxiv [Preprint]. 2025 Dec 9:2025.12.06.692760. doi: 10.64898/2025.12.06.692760.,Chen X,bioRxiv,2025,2025-12-22,PMC12714011,,10.64898/2025.12.06.692760
41415611,ImmunoNX: a robust bioinformatics workflow to support personalized neoantigen vaccine trials,"Singhal K, Schmidt E, Kiwala S, Goedegebuure SP, Miller CA, Xia H, Cotto KC, Li J, Yao J, Hendrickson L, Richters MM, Hoang MH, Khanfar M, Risch I, O'Laughlin S, Myers N, Vickery T, Davies SR, Du F, Mooney TB, Coffman A, Chang GS, Hundal J, Garza JE, McLellan MD, McMichael JF, Maruska J, Inabinett WB, Hoos WA, Karchin R, Johanns TM, Dunn GP, Pachynski RK, Fehniger TA, Ward JP, Foltz JA, Gillanders WE, Griffith OL, Griffith M.",ArXiv [Preprint]. 2025 Dec 9:arXiv:2512.08226v1.,Singhal K,ArXiv,2025,2025-12-19,PMC12709488,,
41224531,Label-free selection of marker genes in single-cell and spatial transcriptomics with geneCover,"Wang A, Hicks S, Geman D, Younes L.",Genome Res. 2025 Dec 3;35(12):2744-2755. doi: 10.1101/gr.280539.125.,Wang A,Genome Res,2025,2025-11-12,PMC12667715,,10.1101/gr.280539.125
40854687,Robust 16S rRNA classification based on a compressed LCA index,"Ahmed O, Boucher C, Langmead B.",Genome Res. 2025 Dec 3;35(12):2650-2660. doi: 10.1101/gr.279846.124.,Ahmed O,Genome Res,2025,2025-08-25,PMC12667392,,10.1101/gr.279846.124
41330919,Epigenome-wide association study of nuclear DNA methylation in relation to mitochondrial heteroplasmy,"Lai M, Kim K, Zheng Y, Castellani CA, Ratliff SM, Wang M, Liu X, Haessler J, Huan T, Bonsu K, Newcomb C, McKessy K, Bielak LF, Zhao W, Joehanes R, Ma J, Guo X, Manson JE, Grove ML, Bressler J, Taylor KD, Lappalainen T, Kasela S, Blackwell TW, Lake NJ, Faul JD, Ferrier KR, Ekker SC, Hou L, Kooperberg C, Reiner AP, Zhang K, Peyser PA, Fornage M, Boerwinkle E, Raffield LM, Carson AP, Rich SS, Liu Y, Levy D, Rotter JI, Smith JA, Arking DE, Liu C; NHLBI Trans-Omics for Precision Medicine (TOPMed) mtDNA Working Group.",Nat Commun. 2025 Dec 2;16(1):10962. doi: 10.1038/s41467-025-65845-2.,Lai M,Nat Commun,2025,2025-12-02,PMC12689632,,10.1038/s41467-025-65845-2
,Battlefield Acupuncture (BFA) for Management of Chronic Pain in an Outpatient Setting,"Pasatiempo AM, Ceria R, Hicks S, Dayrit J.",Innov Aging. 2025 Dec 31;9(Suppl 2):igaf122.3719. doi: 10.1093/geroni/igaf122.3719. eCollection 2025 Dec.,Pasatiempo AM,Innov Aging,2025,,PMC12761834,,10.1093/geroni/igaf122.3719
41404623,Integrative multi-omic analysis identifies key transcription factors and target proteins in renal cell carcinoma and its subtypes,"Chhetri SB, Winter TD, Machiela MJ, Brown K, Battle A, Purdue MP, Chanock S, Dutta D.",bioRxiv [Preprint]. 2025 Nov 26:2025.11.23.690024. doi: 10.1101/2025.11.23.690024.,Chhetri SB,bioRxiv,2025,2025-12-17,PMC12703995,,10.1101/2025.11.23.690024
41394566,Dynamic changes in mRNA isoform usage during human retinal development,"Keuthan CJ, Parthiban S, Chang YY, Shan X, Chang X, Yan E, Cavalier S, Timp W, Hicks SC, Zack DJ.",bioRxiv [Preprint]. 2025 Nov 26:2025.11.26.689062. doi: 10.1101/2025.11.26.689062.,Keuthan CJ,bioRxiv,2025,2025-12-15,PMC12697546,,10.1101/2025.11.26.689062
41358317,Leveraging and partitioning polygenic risk scores to identify cancer-related proteins,"Dutta D, Zhang J, Guo X, Machiela M, Brown K, Coresh J, Battle A, Platz EA, Chatterjee N.",medRxiv [Preprint]. 2025 Nov 25:2025.11.23.25340827. doi: 10.1101/2025.11.23.25340827.,Dutta D,medRxiv,2025,2025-12-08,PMC12676551,,10.1101/2025.11.23.25340827
41358286,Prior knowledge informs graph neural networks to improve phenotype prediction from proteomics,"Dastidar PG, Fridell G, Popp JM, Arvanitis M, Battle A.",medRxiv [Preprint]. 2025 Nov 25:2025.11.23.25340814. doi: 10.1101/2025.11.23.25340814.,Dastidar PG,medRxiv,2025,2025-12-08,PMC12676398,,10.1101/2025.11.23.25340814
41278802,The Phosphate-Specific Transport System Gene pstA1 Contributes to Rifampin Tolerance in Mycobacterium tuberculosis,"Danchik C, Anoushka Chinmayi GV, Lee GY, Bader JS, Eoh H, Karakousis PC.",bioRxiv [Preprint]. 2025 Nov 25:2025.10.31.685634. doi: 10.1101/2025.10.31.685634.,Danchik C,bioRxiv,2025,2025-11-24,PMC12636331,,10.1101/2025.10.31.685634
41695240,Catalyzing Health AI by Fixing Payment Systems,"Razavian N, Batchu-Green P, Chowdhry V, Elemento O, Rajpurkar P, Saria S, Shah NH, Topol EJ.",NEJM AI. 2025 Dec;2(12):10.1056/aipc2500871. doi: 10.1056/aipc2500871. Epub 2025 Nov 24.,Razavian N,NEJM AI,2025,2026-02-16,PMC12900248,NIHMS2132556,10.1056/aipc2500871
41332622,cpiVAE: Robust and Interpretable Cross-Platform Proteomics Imputation,"Li Y, Duong T, Rooney MR, Ballantyne CM, Coresh J, Brody JA, Sotoodehnia N, Arking DE, Bader JS.",bioRxiv [Preprint]. 2025 Nov 21:2025.11.20.689433. doi: 10.1101/2025.11.20.689433.,Li Y,bioRxiv,2025,2025-12-03,PMC12667951,,10.1101/2025.11.20.689433
41332620,Orchestrating Spatial Transcriptomics Analysis with Bioconductor,"Crowell HL, Dong Y, Billato I, Cai P, Emons M, Gunz S, Guo B, Li M, Mahmoud A, Manukyan A, Pagès H, Panwar P, Rao S, Sargeant CJ, Kern LS, Ramos M, Sun J, Totty M, Carey VJ, Chen Y, Collado-Torres L, Ghazanfar S, Hansen KD, Martinowich K, Maynard KR, Patrick E, Righelli D, Risso D, Tiberi S, Waldron L, Gottardo R, Robinson MD, Hicks SC, Weber LM.",bioRxiv [Preprint]. 2025 Nov 21:2025.11.20.688607. doi: 10.1101/2025.11.20.688607.,Crowell HL,bioRxiv,2025,2025-12-03,PMC12667768,,10.1101/2025.11.20.688607
41266896,"Molecular Systems Biology at 20: reflecting on the past, envisioning the future","Bheda P, Hou J, Aebersold R, Alon U, Bader JS, Bardwell L, Liu ET, Locke JCW, Mann M, Millar AJ, Naef F, Pilpel Y, Shamir R, Vitkup D.",Mol Syst Biol. 2025 Dec;21(12):1667-1673. doi: 10.1038/s44320-025-00170-w. Epub 2025 Nov 20.,Bheda P,Mol Syst Biol,2025,2025-11-20,PMC12672565,,10.1038/s44320-025-00170-w
41332866,Common and rare variant genetic contributions in African Americans with autism,"Cirnigliaro M, Lowe JK, Flynn-Carroll AO, Kumagai ME, Gibson DS, Fu JM, Dong S, Hou K, Pillalamarri V, Abbacchi AM, Gulsrud AC, Miller J, Zhang Y, Graham ET, Akinyemi EO, Adams MF, Clay AN, Arteaga SA, Choi H, Kochis RM, Peña-Velasco JE, Hoekstra JN, Besterman AD, Mehta S, Hadzic T, Wilson RB, Brown TR, Hernandez LM, Marrus N, Molholm S, Klaiman C, Cantor RM, Talkowski ME, Sanders SJ, Arking DE, Pasaniuc B, Klin A, Constantino JN; Genetics of Neurodevelopment in African Americans (GENAA) Consortium; Geschwind DH.",medRxiv [Preprint]. 2025 Nov 19:2025.11.18.25340532. doi: 10.1101/2025.11.18.25340532.,Cirnigliaro M,medRxiv,2025,2025-12-03,PMC12668067,,10.1101/2025.11.18.25340532
41332714,"Insights into the Datasets, Tools, and Training Needs of the AnVIL Community: 2024","Isaac KJ, Cox KEL, Ho KY, Humphries EM, Kucher N, Leek JT, Mosher S, Schatz MC, Tan FJ, Hoffman AM.",bioRxiv [Preprint]. 2025 Nov 17:2025.11.14.688517. doi: 10.1101/2025.11.14.688517.,Isaac KJ,bioRxiv,2025,2025-12-03,PMC12667874,,10.1101/2025.11.14.688517
41250104,A comparison of computational methods for expression forecasting,"Kernfeld E, Yang Y, Weinstock JS, Battle A, Cahan P.",Genome Biol. 2025 Nov 17;26(1):388. doi: 10.1186/s13059-025-03840-y.,Kernfeld E,Genome Biol,2025,2025-11-18,PMC12621394,,10.1186/s13059-025-03840-y
41497396,Run-length compressed metagenomic read classification with SMEM-finding and tagging,"Depuydt L, Ahmed OY, Fostier J, Langmead B, Gagie T.",iScience. 2025 Nov 14;28(12):114029. doi: 10.1016/j.isci.2025.114029. eCollection 2025 Dec 19.,Depuydt L,iScience,2025,2026-01-07,PMC12767181,,10.1016/j.isci.2025.114029
41292951,Transcriptomic analysis of cells following decreased mitochondrial DNA-copy number reveals compensatory mechanisms in mitochondrial DNA replication and cellular energetics,"Xie J, Win PW, Newcomb C, Zeng S, Castellani CA, Arking DE.",bioRxiv [Preprint]. 2025 Nov 11:2025.11.10.687605. doi: 10.1101/2025.11.10.687605.,Xie J,bioRxiv,2025,2025-11-26,PMC12642584,,10.1101/2025.11.10.687605
41279473,Integrative analysis of genomic and transcriptomic data informs precancer progression in the pancreas,"Noller K, Lai J, Lesperance D, Adkins RS, Elhossiny A, Guerrero PA, Rajapakshe KI, Maitra A, Giglio M, Mahurkar A, White O, Di Magliano MP, Ochs MF, Kagohara LT, Wood LD, Karchin R, Fertig EJ.",bioRxiv [Preprint]. 2025 Nov 4:2025.11.03.686234. doi: 10.1101/2025.11.03.686234.,Noller K,bioRxiv,2025,2025-11-24,PMC12637499,,10.1101/2025.11.03.686234
41189648,MntJULiP and Jutils: differential splicing analysis of RNA-seq data with covariates,"Lui WW, Yang G, He Z, Florea L.",NAR Genom Bioinform. 2025 Nov 3;7(4):lqaf140. doi: 10.1093/nargab/lqaf140. eCollection 2025 Dec.,Lui WW,NAR Genom Bioinform,2025,2025-11-05,PMC12582023,,10.1093/nargab/lqaf140
41182093,Write and Read: Harnessing Synthetic DNA Modifications for Nanopore Sequencing,"Bertocchi U, Grunwald A, Goldner G, Eitan E, Avraham S, Dvir S, Deek J, Michaeli Y, Yao B, Listgarten J, Simpson JT, Timp W, Ebenstein Y.",ACS Nano. 2025 Nov 11;19(44):38553-38562. doi: 10.1021/acsnano.5c12530. Epub 2025 Nov 3.,Bertocchi U,ACS Nano,2025,2025-11-03,PMC12613841,,10.1021/acsnano.5c12530
40981433,Genomic Landscapes of Endometrioid and Mucinous Ovarian Cancers and Morphologically Similar Tumor Types,"Hallberg D, Eastman AC, Koul S, Bruhm DC, Papp E, Davenport S, Adleff V, Ferreira L, Niknafs N, Medina JE, Cristiano S, Hruban C, Fiksel J, Lebarbenchon KP, Aparicio L, Vulpescu NA, Kuo KT, Ahuja N, Drapkin R, Jung E, Kim SH, Eckert MA, Lengyel E, Nakayama K, Ayhan A, Shih IM, Wang TL, Lavie O, Rennert G, Easwaran H, Baylin SB, Press MF, Velculescu VE, Scharpf RB.",Cancer Res Commun. 2025 Nov 1;5(11):1952-1966. doi: 10.1158/2767-9764.CRC-25-0147.,Hallberg D,Cancer Res Commun,2025,2025-09-22,PMC12586982,,10.1158/2767-9764.CRC-25-0147
,BIOM-24. NONINVASIVE DETECTION OF GLIOMAS VIA PLASMA CFDNA FRAGMENTOME PROFILING,"Mathios D, Niknafs N, Annapragada A, Bobeff E, Park CK, Lim M, Jackson C, Phallen J, Scharpf R, Velculescu V.",Neuro Oncol. 2025 Nov 11;27(Suppl 5):v29. doi: 10.1093/neuonc/noaf201.0112. eCollection 2025 Nov.,Mathios D,Neuro Oncol,2025,,PMC12600424,,10.1093/neuonc/noaf201.0112
41328129,Enchondromatosis of Both Hands With Possible Skull Bone Involvement: An Extremely Rare Condition in Adults,"Pertea M, Benamor M, Amarandei AH, Avadanei-Luca S, Bulgaru-Iliescu AI, Tatar R.",Cureus. 2025 Oct 30;17(10):e95785. doi: 10.7759/cureus.95785. eCollection 2025 Oct.,Pertea M,Cureus,2025,2025-12-02,PMC12665096,,10.7759/cureus.95785
41279150,Movi 2: Fast and Space-Efficient Queries on Pangenomes,"Zakeri M, Brown NK, Gagie T, Langmead B.",bioRxiv [Preprint]. 2025 Oct 30:2025.10.16.682873. doi: 10.1101/2025.10.16.682873.,Zakeri M,bioRxiv,2025,2025-11-24,PMC12632922,,10.1101/2025.10.16.682873
41165728,OpenSpliceAI provides an efficient modular implementation of SpliceAI enabling easy retraining across nonhuman species,"Chao KH, Mao A, Liu A, Salzberg SL, Pertea M.",Elife. 2025 Oct 30;14:RP107454. doi: 10.7554/eLife.107454.,Chao KH,Elife,2025,2025-10-30,PMC12575001,,10.7554/eLife.107454
41278831,Impact of Alzheimer's disease risk factors and local neuromelanin content on the transcriptomic landscape of the human locus coeruleus,"Mulvey B, Divecha HR, Tippani M, Bach SV, Bharadwaj R, Rosario ID, Maguire SE, Miller RA, Salisbury AJ, Chandra A, Oster BA, Montgomery KD, Kwon SH, Algrain HA, Papariello AR, Huuki-Myers LA, Kleinman JE, Collado-Torres L, Hyde TM, Han S, Hicks SC, Weinberger DR, Page SC, Maynard KR, Martinowich K.",bioRxiv [Preprint]. 2025 Oct 29:2025.10.29.685354. doi: 10.1101/2025.10.29.685354.,Mulvey B,bioRxiv,2025,2025-11-24,PMC12636595,,10.1101/2025.10.29.685354
41132105,Association of Epigenetic Age Acceleration and Mitochondrial DNA-Based Aging Metrics Provides Insights Into Mechanisms of Aging-Related Diseases,"Wang M, Zheng Y, Lai M, Saake E, Liu X, Guo X, Taylor KD, Huan T, Joehanes R, Nannini DR, Zhang K, Lake NJ, Castellani CA, Rich SS, Rotter JI, Liu Y, Raffield LM, Carson AP, Fornage M, Ma J, Arking DE, Hou L, Levy D, Liu C.",Aging Cell. 2025 Dec;24(12):e70279. doi: 10.1111/acel.70279. Epub 2025 Oct 24.,Wang M,Aging Cell,2025,2025-10-24,PMC12686565,,10.1111/acel.70279
41155423,Variation of Pro- and Anti-Inflammatory Factors in Severe Burns: A Systematic Review,"Constantinescu MC, Pertea M, Avadanei-Luca S, Amarandei AH, Bulgaru-Iliescu AI, Benamor M, Moraru DC, Scripcariu V.",Int J Mol Sci. 2025 Oct 17;26(20):10131. doi: 10.3390/ijms262010131.,Constantinescu MC,Int J Mol Sci,2025,2025-10-29,PMC12562903,,10.3390/ijms262010131
41102182,Genetic determinants and genomic consequences of non-leukemogenic somatic point mutations,"Weinstock JS, Chaudhry SA, Ioannou M, Viskadourou M, Reventun P, Jakubek YA, Liggett LA, Laurie C, Broome JG, Khan A, Taylor KD, Guo X, Peyser PA, Boerwinkle E, Chami N, Kenny EE, Loos RJ, Psaty BM, Tracy RP, Brody JA, Yun JH, Cho MH, Vasan RS, Kardia SL, Smith JA, Raffield LM, Bidulescu A, O'Brien EC, de Andrade M, Rotter JI, Rich SS, Tracy RP, Chen YI, Gu CC, Hsiung CA, Kooperberg C, Haring B, Nassir R, Mathias R, Reiner A, Sankaran VG, Lowenstein CJ, Blackwell TW, Abecasis GR, Smith AV, Kang HM, Natarajan P, Jaiswal S, Bick A, Post WS, Scheet P, Auer P, Karantanos T, Battle A, Arvanitis M.",Nat Commun. 2025 Oct 16;16(1):9194. doi: 10.1038/s41467-025-64236-x.,Weinstock JS,Nat Commun,2025,2025-10-16,PMC12532822,,10.1038/s41467-025-64236-x
40746180,Approximate Bayesian computation supports a high incidence of chromosomal mosaicism in blastocyst-stage human embryos,"Yang Q, Carioscia SA, Isada M, McCoy RC.",Genetics. 2025 Oct 8;231(2):iyaf149. doi: 10.1093/genetics/iyaf149.,Yang Q,Genetics,2025,2025-08-01,PMC12505293,,10.1093/genetics/iyaf149
41279436,Global Mapping of Combinatorial Chromatin Regulatory Events Using Hi-Plex CUT&Tag,"Liao Y, Zhou W, Jiang MZ, Yu K, Wang ZJ, Drummond T, Ding M, Zhao Y, Pino I, Taverna SD, Ji H, Zhu H.",bioRxiv [Preprint]. 2025 Oct 7:2025.10.06.680180. doi: 10.1101/2025.10.06.680180.,Liao Y,bioRxiv,2025,2025-11-24,PMC12632390,,10.1101/2025.10.06.680180
41256123,Population-scale Long-read Sequencing in the All of Us Research Program,"Garimella KV, Li Q, Wertz J, Lee SK, Cunial F, Huang Y, Mostovoy Y, Lorig-Roach R, English A, Su H, Levy S, Muzny DM, Berngruber C, Danzi MC, Harvey WT, LaPlante EL, Patterson K, Rozanski AN, Schwartz S, Shifaw B, Wang Y, Wong I, Xu IRL, Zaheri S, Zuchner S, Zheng X, Dugan-Perez S, Izydorczyk M, Mehta H, Gibbs RA, Lichtenstein L, Gupta N, Lennon N, Gabriel S; All of Us Research Program Long Read Working Group; Timp W, Doheny KF, Dutka T, Musick A, Wei CL, Sedlazeck FJ, Schatz MC, Talkowski ME, Eichler EE.",medRxiv [Preprint]. 2025 Oct 5:2025.10.02.25336942. doi: 10.1101/2025.10.02.25336942.,Garimella KV,medRxiv,2025,2025-11-19,PMC12622093,,10.1101/2025.10.02.25336942
40794770,Challenges and Opportunities in Analyzing Cancer-Associated Microbiomes,"Chia M, Pop M, Salzberg SL, Nagarajan N.",Cancer Res. 2025 Oct 1;85(19):3584-3595. doi: 10.1158/0008-5472.CAN-24-3629.,Chia M,Cancer Res,2025,2025-08-12,PMC12419811,NIHMS2106018,10.1158/0008-5472.CAN-24-3629
41040220,Fine-tuning sequence to function deep learning models on large-scale proteomic data improves the accuracy of variant effect prediction,"Vaz E, Wang L, Galvin J, Keener R, Battle A.",bioRxiv [Preprint]. 2025 Sep 27:2025.09.26.678908. doi: 10.1101/2025.09.26.678908.,Vaz E,bioRxiv,2025,2025-10-03,PMC12485912,,10.1101/2025.09.26.678908
41040245,Comprehensive Transcriptome Annotation of Thousands of HIV-1 Genomes,"Varabyou A, Artamonov M, Cheng S, Bolton DL, Salzberg SL, Pertea M.",bioRxiv [Preprint]. 2025 Sep 26:2025.09.24.675449. doi: 10.1101/2025.09.24.675449.,Varabyou A,bioRxiv,2025,2025-10-03,PMC12485963,,10.1101/2025.09.24.675449
41040203,Exploring endothelial cell environments across organs in spatially resolved omics data,"Jain Y, Jepson J, Chen R, Maier E, Herr BW 2nd, Puig-Barbe A, Quardokus EM, Qaurooni D, Yapp C, Ewing SL, Enninful A, Farzad N, Bueckle A, Easter QT, Matuck B, Zhu C, Monte EM, Purkerson JM, Jehrio M, Misra RS, Fan R, Ginty F, Karunamurthy A, Fan J, Campbell-Thompson M, Pryhuber GS, Byrd KM, Hickey JW, Börner K.",bioRxiv [Preprint]. 2025 Sep 25:2025.09.23.678129. doi: 10.1101/2025.09.23.678129.,Jain Y,bioRxiv,2025,2025-10-03,PMC12485928,,10.1101/2025.09.23.678129
40964296,Spatiomolecular mapping reveals anatomical organization of heterogeneous cell types in the human nucleus accumbens,"Ravichandran P, Bach SV, Phillips RA 3rd, Valentine MR, Eagles NJ, Du Y, Del Rosario I, Miller RA, Divecha HR, Tippani M, Montgomery KD, Kleinman JE, Han S, Page SC, Hyde TM, Collado-Torres L, Battle A, Martinowich K, Hicks SC, Maynard KR.",bioRxiv [Preprint]. 2025 Sep 25:2025.09.10.675374. doi: 10.1101/2025.09.10.675374.,Ravichandran P,bioRxiv,2025,2025-09-18,PMC12439884,,10.1101/2025.09.10.675374
40832222,Novel Predictive Spatial Biomarker in Non-Small Cell Lung Carcinoma: The Diversity of Niches Unlocking Treatment Sensitivity (DONUTS),"Cottrell TR, Roskes JS, Fotheringham M, Cohen E, Zhang B, Engle LL, Wang D, Will E, Sunshine JC, Jimenez-Sanchez D, Zeng Z, Caushi JX, Zhang J, D'Amiano NM, Deutsch JS, Uttam S, Pirie K, Vlaminck D, Mataj M, Radwan E, Fiorante A, Espinosa N, Popa T, Ogurtsova A, Soto-Diaz S, Eminizer M, Tabrisky S, Jorquera A, Skidmore J, Medvedev D, Chaft JE, Brahmer JR, Conroy M, Reuss JE, Danilova L, Ji H, Forde PM, Pardoll DM, Smith KN, Green BF, Szalay AS, Taube JM.",bioRxiv [Preprint]. 2025 Sep 24:2025.08.13.665980. doi: 10.1101/2025.08.13.665980.,Cottrell TR,bioRxiv,2025,2025-08-20,PMC12363902,,10.1101/2025.08.13.665980
41000953,A complete diploid human genome benchmark for personalized genomics,"Hansen NF, Dwarshuis N, Ji HJ, Rhie A, Loucks H, Logsdon GA, Vollger MR, Storer JM, Kim J, Adam E, Altemose N, Antipov D, Asri M, Barreira S, Bohaczuk SC, Bzikadze AV, Carioscia SA, Carroll A, Chao KH, Chu Y, Das A, Ebert P, English A, Fleharty M, Fleming LE, Formenti G, Guarracino A, Hartley GA, Jenike K, Kalleberg J, Kang Y, King R, Lipovac J, Mastoras M, Mitchell MW, Negi S, Olson ND, Oshima KK, Paulin LF, Pickett BD, Porubsky D, Ranchalis J, Ranjan D, Rautiainen M, Riethman H, Schnabel RD, Sedlazeck FJ, Shafin K, Sikic M, Solar SJ, Sweeten AP, Timp W, Wagner J, Yoo D, Zhou Y, Garrison E, Eichler EE, Schatz MC, Stergachis AB, O'Neill RJ, Miga KH, Salzberg SL, Koren S, Zook JM, Phillippy AM.",bioRxiv [Preprint]. 2025 Sep 21:2025.09.21.677443. doi: 10.1101/2025.09.21.677443.,Hansen NF,bioRxiv,2025,2025-09-26,PMC12458380,,10.1101/2025.09.21.677443
40961182,Transcriptomic diversity of amygdalar subdivisions across humans and nonhuman primates,"Totty MS, Cervera Juanes R, Bach SV, Ben Ameur L, Valentine MR, Simons E, Romac MD, Trinh H, Henderson K, Del Rosario I, Tippani M, Miller RA, Kleinman JE, Page SC, Saunders A, Hyde TM, Martinowich K, Hicks SC, Costa VD.",Sci Adv. 2025 Sep 19;11(38):eadw1029. doi: 10.1126/sciadv.adw1029. Epub 2025 Sep 17.,Totty MS,Sci Adv,2025,2025-09-17,PMC12442850,,10.1126/sciadv.adw1029
39764050,Microbiology Galaxy Lab: The first community-driven gateway for reproducible and FAIR analysis of microbial data,"Nasr E, Pechlivanis N, Strepis N, Amato P, Bernt M, Bhardwaj A, Blankenberg D, Brites D, Cumbo F, Do KT, Ferrari E, Griffin TJ, Grüning B, Hiltemann S, Hyde CJ, Jagtap P, Mehta S, Métris KL, Momin S, Nelson TM, Oba A, Pavloudi C, Péguilhan R, Price GR, Psomopoulos F, Rosic N, Schatz MC, Schiml VC, Siguret C, Soranzo N, Stubbs A, van Heusden P, Vohra M; microGalaxy Community; Zierep P, Batut B.",bioRxiv [Preprint]. 2025 Sep 16:2024.12.23.629682. doi: 10.1101/2024.12.23.629682.,Nasr E,bioRxiv,2025,2025-01-07,PMC11703195,,10.1101/2024.12.23.629682
41000843,Characterizing intra- and inter-tumor heterogeneity in Ovarian high-grade serous carcinoma subtypes using single-cell and spatial transcriptomics,"Li W, Grieshober L, Gertz J, Ivich A, Doherty JA, Greene CS, Hicks SC.",bioRxiv [Preprint]. 2025 Sep 15:2025.09.15.676244. doi: 10.1101/2025.09.15.676244.,Li W,bioRxiv,2025,2025-09-26,PMC12458372,,10.1101/2025.09.15.676244
40463080,Efficient evidence-based genome annotation with EviAnn,"Zimin AV, Puiu D, Pertea M, Yorke JA, Salzberg SL.",bioRxiv [Preprint]. 2025 Sep 15:2025.05.07.652745. doi: 10.1101/2025.05.07.652745.,Zimin AV,bioRxiv,2025,2025-06-04,PMC12132231,,10.1101/2025.05.07.652745
40944392,Mechanistic basis for inhibition of the extended-spectrum β-lactamase GES-1 by enmetazobactam and tazobactam,"Beer M, Hinchliffe P, Hanževački M, Bethel CR, Tooke CL, Van der Kamp MW, Papp-Wallace KM, Bonomo RA, Shapiro S, Mulholland AJ, Spencer J.",FEBS Lett. 2025 Nov;599(22):3284-3300. doi: 10.1002/1873-3468.70155. Epub 2025 Sep 13.,Beer M,FEBS Lett,2025,2025-09-13,PMC12643063,,10.1002/1873-3468.70155
40909653,Write and Read: Harnessing Synthetic DNA Modifications for Nanopore Sequencing,"Bertocchi U, Grunwald A, Goldner G, Eitan E, Avraham S, Dvir S, Deek J, Michaeli Y, Yao B, Listgarten J, Simpson JT, Timp W, Ebenstein Y.",bioRxiv [Preprint]. 2025 Sep 13:2025.04.14.648727. doi: 10.1101/2025.04.14.648727.,Bertocchi U,bioRxiv,2025,2025-09-05,PMC12407796,,10.1101/2025.04.14.648727
40964361,Dual checkpoint blockade of glioblastoma with Anti-PD-1 and Anti-LAG-3 promotes expansion of tumor-reactive T cell clones along a unique pathway of differentiation,"Wang M, Fu Y, Bom S, Ning Y, Matthews D, Zhang M, Lucas CH, Choi J, Zeng Z, Zhang T, Ji H, Yegnasubramanian V, Weingart J, Bettegowda C, Smith KN, Lim M, Pardoll D, Zhang NR, Jackson C.",bioRxiv [Preprint]. 2025 Sep 11:2025.09.06.674490. doi: 10.1101/2025.09.06.674490.,Wang M,bioRxiv,2025,2025-09-18,PMC12439891,,10.1101/2025.09.06.674490
40964396,Impact of Data Quality on Deep Learning Prediction of Spatial Transcriptomics from Histology Images,"Hallinan C, Lucas CG, Fan J.",bioRxiv [Preprint]. 2025 Sep 9:2025.09.04.674228. doi: 10.1101/2025.09.04.674228.,Hallinan C,bioRxiv,2025,2025-09-18,PMC12439975,,10.1101/2025.09.04.674228
40906782,Reversible compromise of physiological resilience by accumulation of heteroplasmic mtDNA mutations,"Huang H, Wang Y, Zsengeller ZK, Gorham JM, Vemireddy V, Clark AJ, Pan H, Dreyfuss JM, Jotwani V, Shlipak MG, Sarnak MJ, Parikh CR, Thiessen-Philbrook H, Katz R, Waikar SS, Lake NJ, Lek M, Shi W, Puiu D, Hong YS, Seidman JG, Arking DE, Parikh SM.",Science. 2025 Oct 9;390(6769):164-172. doi: 10.1126/science.adk7978. Epub 2025 Sep 4.,Huang H,Science,2025,2025-09-04,PMC12892176,NIHMS2138758,10.1126/science.adk7978
40901923,Comprehensive analysis of microbial content in whole-genome sequencing samples from The Cancer Genome Atlas project,"Ge Y, Lu J, Puiu D, Revsine M, Salzberg SL.",Sci Transl Med. 2025 Sep 3;17(814):eads6335. doi: 10.1126/scitranslmed.ads6335. Epub 2025 Sep 3.,Ge Y,Sci Transl Med,2025,2025-09-03,PMC12821378,NIHMS2128590,10.1126/scitranslmed.ads6335
40675817,Aggregation of recount3 RNA-seq data improves inference of consensus and tissue-specific gene coexpression networks,"Ravichandran P, Parsana P, Keener R, Hansen KD, Battle A.",Genome Res. 2025 Sep 2;35(9):2087-2103. doi: 10.1101/gr.280808.125.,Ravichandran P,Genome Res,2025,2025-07-17,PMC12401056,,10.1101/gr.280808.125
40877901,Enhancing transcriptome expression quantification through accurate assignment of long RNA sequencing reads with TranSigner,"Ji HJ, Pertea M.",Genome Biol. 2025 Aug 28;26(1):257. doi: 10.1186/s13059-025-03723-2.,Ji HJ,Genome Biol,2025,2025-08-28,PMC12392579,,10.1186/s13059-025-03723-2
40895087,Improving the FAIRness and Sustainability of the NHGRI Resources Ecosystem,"Babb L, Bult C, Carey VJ, Carroll RJ, Hitz BC, Mungall CJ, Rehm HL, Schatz MC, Wagner A; NHGRI Resource Workshop Community.",ArXiv [Preprint]. 2025 Aug 19:arXiv:2508.13498v1.,Babb L,ArXiv,2025,2025-09-02,PMC12393232,,
40600473,Informatics at the Frontier of Cancer Research,"Noller K, Botsis T, Camara PG, Ciotti L, Cooper LAD, Goecks J, Griffith M, Haas BJ, Ideker T, Karchin R, Kontos D, Lai J, Marcus D, Meyer CA, Naegle K, Pati S, Peters B, Pratt D, Raphael BJ, Reich M, Savova GK, Wright C, Fertig EJ, Bakas S.",Cancer Res. 2025 Aug 15;85(16):2967-2986. doi: 10.1158/0008-5472.CAN-24-2829.,Noller K,Cancer Res,2025,2025-07-02,PMC12355178,,10.1158/0008-5472.CAN-24-2829
40804313,Multivalent interactions with CCR4-NOT and PABPC1 determine mRNA repression efficiency by tristetraprolin,"Pekovic F, Lai WS, Corbo J, Hicks SN, Luke K, Blackshear PJ, Valkov E.",Nat Commun. 2025 Aug 13;16(1):7528. doi: 10.1038/s41467-025-62741-7.,Pekovic F,Nat Commun,2025,2025-08-13,PMC12350847,,10.1038/s41467-025-62741-7
40654639,Isoswitching drives the aging process in human brains,"Erdogdu B, Ji HJ, Rudnick ZC, Pertea M, Salzberg SL.",bioRxiv [Preprint]. 2025 Aug 12:2025.05.05.652255. doi: 10.1101/2025.05.05.652255.,Erdogdu B,bioRxiv,2025,2025-07-14,PMC12247723,,10.1101/2025.05.05.652255
40927637,Electrostatic interactions influence diazabicyclooctane inhibitor potency against OXA-48-like β-lactamases,"Hoff JF, Goudar KE, Calvopiña K, Beer M, Hinchliffe P, Shaw JM, Tooke CL, Takebayashi Y, Cadzow AF, Harmer NJ, Mulholland AJ, Schofield CJ, Spencer J.",RSC Med Chem. 2025 Aug 8;16(11):5441-5455. doi: 10.1039/d5md00512d. eCollection 2025 Nov 13.,Hoff JF,RSC Med Chem,2025,2025-09-10,PMC12415477,,10.1039/d5md00512d
40781089,Correction: Development and extensive sequencing of a broadly-consented Genome in a Bottle matched tumor-normal pair,"McDaniel JH, Patel V, Olson ND, He HJ, He Z, Cole KD, Gooden AA, Schmitt A, Sikkink K, Sedlazeck FJ, Doddapaneni H, Jhangiani SN, Muzny DM, Gingras MC, Mehta H, Behera S, Paulin LF, Hastie AR, Yu HC, Weigman V, Rojas A, Kennedy K, Remington J, Salas-González I, Sudkamp M, Wiseman K, Lajoie BR, Levy S, Jain M, Akeson S, Narzisi G, Steinsnyder Z, Reeves C, Shelton J, Kingan SB, Lambert C, Baybayan P, Wenger AM, McLaughlin IJ, Adamson A, Kingsley C, Wescott M, Kim Y, Paten B, Park J, Violich I, Miga KH, Gardner J, McNulty B, Rosen GL, McCoy R, Brundu F, Sayyari E, Scheffler K, Truong S, Catreux S, Hannah LC, Lipson D, Benjamin H, Iremadze N, Soifer I, Krieger G, Eacker S, Wood M, Cross E, Husar G, Gross S, Vernich M, Kolmogorov M, Ahmad T, Keskus AG, Bryant A, Thibaud-Nissen F, Trow J, Proszynski J, Hirschberg JW, Ryon K, Mason CE, Bhakta MS, Sanborn JZ, Munding EM, Wagner J, Xiao C, Liss AS, Zook JM.",Sci Data. 2025 Aug 8;12(1):1385. doi: 10.1038/s41597-025-05752-9.,McDaniel JH,Sci Data,2025,2025-08-08,PMC12334583,,10.1038/s41597-025-05752-9
41031011,Perturb-seq reveals distinct responses to pluripotency regulator dosages underlying the control of self-renewal and differentiation,"Yan J, Cho HS, Luo R, Beer MA, Li W, Huangfu D.",bioRxiv [Preprint]. 2025 Aug 7:2025.08.07.669196. doi: 10.1101/2025.08.07.669196.,Yan J,bioRxiv,2025,2025-10-01,PMC12478384,,10.1101/2025.08.07.669196
40767284,Associations of Midlife Leukocyte Telomere Length With Measures of Left Atrial Function in Community-Dwelling Older Adults: The ARIC Study,"Parikh RR, Pankratz N, Lane JA, Arking DE, Eaton A, Chen LY, Lutsey PL, Tang W.",J Am Heart Assoc. 2025 Aug 19;14(16):e040459. doi: 10.1161/JAHA.124.040459. Epub 2025 Aug 6.,Parikh RR,J Am Heart Assoc,2025,2025-08-06,PMC12533674,,10.1161/JAHA.124.040459
40299319,Detection of Brain Cancer Using Genome-wide Cell-free DNA Fragmentomes,"Mathios D, Niknafs N, Annapragada AV, Bobeff EJ, Chiao EJ, Boyapati K, Boyapati K, Short S, Bartolomucci AL, Cristiano S, Koul S, Vulpescu NA, Ferreira L, Medina JE, Bruhm DC, Adleff V, Podstawka M, Stanisławska P, Park CK, Huang J, Gallia GL, Brem H, Mukherjee D, Caplan JM, Weingart J, Jackson CM, Lim M, Phallen J, Scharpf RB, Velculescu VE.",Cancer Discov. 2025 Aug 4;15(8):1593-1608. doi: 10.1158/2159-8290.CD-25-0074.,Mathios D,Cancer Discov,2025,2025-04-29,PMC12319403,,10.1158/2159-8290.CD-25-0074
40766680,"Chronic activation of a key exercise signal transducer, CaMKII, drives skeletal muscle aging and sarcopenia","Bene MR, Chung T, Fountain WA, Rosales-Soto G, Hernández-Ochoa E, Antonescu C, Florea L, Jeong SJ, Le A, Xue QL, Hoke A, Abadir P, Wang Q.",bioRxiv [Preprint]. 2025 Aug 2:2025.07.30.667744. doi: 10.1101/2025.07.30.667744.,Bene MR,bioRxiv,2025,2025-08-06,PMC12324419,,10.1101/2025.07.30.667744
40713795,Spatial mutual nearest neighbors for spatial transcriptomics data,"Zhou H, Panwar P, Guo B, Hallinan C, Ghazanfar S, Hicks SC.",Bioinformatics. 2025 Aug 2;41(8):btaf403. doi: 10.1093/bioinformatics/btaf403.,Zhou H,Bioinformatics,2025,2025-07-27,PMC12317746,,10.1093/bioinformatics/btaf403
40739059,An integrated single-nucleus and spatial transcriptomics atlas reveals the molecular landscape of the human hippocampus,"Thompson JR, Nelson ED, Tippani M, Ramnauth AD, Divecha HR, Miller RA, Eagles NJ, Pattie EA, Kwon SH, Bach SV, Kaipa UM, Yao J, Hou C, Kleinman JE, Collado-Torres L, Han S, Maynard KR, Hyde TM, Martinowich K, Page SC, Hicks SC.",Nat Neurosci. 2025 Sep;28(9):1990-2004. doi: 10.1038/s41593-025-02022-0. Epub 2025 Jul 30.,Thompson JR,Nat Neurosci,2025,2025-07-30,PMC12411265,,10.1038/s41593-025-02022-0
40730164,Sparse matrix factorization robust to sample sharing across GWASs reveals interpretable genetic components,"Omdahl AR, Weinstock JS, Keener R, Chhetri SB, Arvanitis M, Battle A.",Am J Hum Genet. 2025 Sep 4;112(9):2178-2197. doi: 10.1016/j.ajhg.2025.07.003. Epub 2025 Jul 28.,Omdahl AR,Am J Hum Genet,2025,2025-07-29,PMC12461026,NIHMS2111310,10.1016/j.ajhg.2025.07.003
40715064,Large-scale RNA-Seq mining reveals ciclopirox olamine induces TDP-43 cryptic exons,"Sinha IR, Sandal PS, Spence H, Burns GD, Mallika AP, Abbasinejad F, Irwin KE, Cruz ALF, Wang V, Marx SR, Rodríguez JL, Langmead B, Gregory JM, Wong PC, Ling JP.",Nat Commun. 2025 Jul 25;16(1):6878. doi: 10.1038/s41467-025-62004-5.,Sinha IR,Nat Commun,2025,2025-07-27,PMC12297563,,10.1038/s41467-025-62004-5
39677623,Approximate Bayesian computation supports a high incidence of chromosomal mosaicism in blastocyst-stage human embryos,"Yang Q, Carioscia SA, Isada M, McCoy RC.",bioRxiv [Preprint]. 2025 Jul 25:2024.11.26.625484. doi: 10.1101/2024.11.26.625484.,Yang Q,bioRxiv,2025,2024-12-16,PMC11642757,,10.1101/2024.11.26.625484
40806262,Current Data on the Role of Amino Acids in the Management of Obesity in Children and Adolescents,"Zamosteanu D, Filip N, Trandafir LM, Ţarcă E, Pertea M, Bordeianu G, Bernic J, Heredea AM, Cojocaru E.",Int J Mol Sci. 2025 Jul 24;26(15):7129. doi: 10.3390/ijms26157129.,Zamosteanu D,Int J Mol Sci,2025,2025-08-14,PMC12346589,,10.3390/ijms26157129
40707449,Comparative genomics of the parasite Trichomonas vaginalis reveals genes involved in spillover from birds to humans,"Sullivan SA, Orosco JC, Callejas-Hernández F, Blow F, Lee H, Ranallo-Benavidez TR, Peters A, Raidal SR, Girard YA, Johnson CK, Rogers KH, Gerhold R, Mangelson H, Liachko I, Srivastava H, Chandler C, Berenberg D, Bonneau RA, Huang PJ, Yeh YM, Lee CC, Liu H, Chen TW, Tang P, Chiu CH, Schatz MC, Carlton JM.",Nat Commun. 2025 Jul 24;16(1):6487. doi: 10.1038/s41467-025-61483-w.,Sullivan SA,Nat Commun,2025,2025-07-24,PMC12289875,,10.1038/s41467-025-61483-w
40702017,Author Correction: MaizeCODE reveals bi-directionally expressed enhancers that harbor molecular signatures of maize domestication,"Cahn J, Regulski M, Lynn J, Ernst E, de Santis Alves C, Ramakrishnan S, Chougule K, Wei S, Lu Z, Xu X, Ramu U, Drenkow J, Danyko C, Kramer M, Seetharam A, Hufford MB, McCombie WR, Ware D, Jackson D, Schatz MC, Gingeras TR, Martienssen RA.",Nat Commun. 2025 Jul 23;16(1):6790. doi: 10.1038/s41467-025-62179-x.,Cahn J,Nat Commun,2025,2025-07-23,PMC12287384,,10.1038/s41467-025-62179-x
40696153,Combination of pembrolizumab and radiotherapy induces systemic antitumor immune responses in immunologically cold non-small cell lung cancer,"Huang J, Theelen WSME, Belcaid Z, Najjar M, van der Geest D, Singh D, Cherry C, Balan A, White JR, Wehr J, Karchin R, Niknafs N, van den Heuvel MM, Velculescu VE, Smith KN, Baas P, Anagnostou V.",Nat Cancer. 2025 Oct;6(10):1676-1692. doi: 10.1038/s43018-025-01018-w. Epub 2025 Jul 22.,Huang J,Nat Cancer,2025,2025-07-22,PMC12559004,,10.1038/s43018-025-01018-w
40791457,Quality control of single-cell ATAC-seq data without peak calling using Chromap,"Ahmed O, Zhang H, Langmead B, Song L.",bioRxiv [Preprint]. 2025 Jul 18:2025.07.15.664951. doi: 10.1101/2025.07.15.664951.,Ahmed O,bioRxiv,2025,2025-08-12,PMC12338639,,10.1101/2025.07.15.664951
40791449,Spatio-molecular gene expression reflects dorsal anterior cingulate cortex structure and function in the human brain,"Shah K, Totty MS, Bach SV, Valentine MR, Chandra A, Divecha HR, Miller RA, Kwon SH, Ramnauth AD, Tippani M, Tyagi S, Kleinman JE, Collado-Torres L, Han S, Hyde TM, Page SC, Maynard KR, Hicks SC, Martinowich K.",bioRxiv [Preprint]. 2025 Jul 17:2025.07.14.664821. doi: 10.1101/2025.07.14.664821.,Shah K,bioRxiv,2025,2025-08-12,PMC12338615,,10.1101/2025.07.14.664821
40670386,Development and extensive sequencing of a broadly-consented Genome in a Bottle matched tumor-normal pair,"McDaniel JH, Patel V, Olson ND, He HJ, He Z, Cole KD, Gooden AA, Schmitt A, Sikkink K, Sedlazeck FJ, Doddapaneni H, Jhangiani SN, Muzny DM, Gingras MC, Mehta H, Behera S, Paulin LF, Hastie AR, Yu HC, Weigman V, Rojas A, Kennedy K, Remington J, Salas-González I, Sudkamp M, Wiseman K, Lajoie BR, Levy S, Jain M, Akeson S, Narzisi G, Steinsnyder Z, Reeves C, Shelton J, Kingan SB, Lambert C, Baybayan P, Wenger AM, McLaughlin IJ, Adamson A, Kingsley C, Wescott M, Kim Y, Paten B, Park J, Violich I, Miga KH, Gardner J, McNulty B, Rosen GL, McCoy R, Brundu F, Sayyari E, Scheffler K, Truong S, Catreux S, Hannah LC, Lipson D, Benjamin H, Iremadze N, Soifer I, Krieger G, Eacker S, Wood M, Cross E, Husar G, Gross S, Vernich M, Kolmogorov M, Ahmad T, Keskus AG, Bryant A, Thibaud-Nissen F, Trow J, Proszynski J, Hirschberg JW, Ryon K, Mason CE, Bhakta MS, Sanborn JZ, Munding EM, Wagner J, Xiao C, Liss AS, Zook JM.",Sci Data. 2025 Jul 16;12(1):1195. doi: 10.1038/s41597-025-05438-2.,McDaniel JH,Sci Data,2025,2025-07-16,PMC12267650,,10.1038/s41597-025-05438-2
40658698,Phenotype to genotype: A new and rapid approach using whole-genome sequencing,"Feltes M, Zimin AV, Angel S, Pansari N, Hensley MR, Anderson JL, Shen MC, Klemek M, Shen Y, Ginde VS, Kozan H, Le NV, Truong VP, Wilson MH, Salzberg SL, Farber SA.",PLoS Genet. 2025 Jul 14;21(7):e1011702. doi: 10.1371/journal.pgen.1011702. eCollection 2025 Jul.,Feltes M,PLoS Genet,2025,2025-07-14,PMC12273961,,10.1371/journal.pgen.1011702
40166201,"OpenSpliceAI: An efficient, modular implementation of SpliceAI enabling easy retraining on non-human species","Chao KH, Mao A, Liu A, Salzberg SL, Pertea M.",bioRxiv [Preprint]. 2025 Jul 11:2025.03.20.644351. doi: 10.1101/2025.03.20.644351.,Chao KH,bioRxiv,2025,2025-04-01,PMC11957165,,10.1101/2025.03.20.644351
40632867,Single-cell spatial transcriptomics reveals immunotherapy-driven bone marrow niche remodeling in AML,"Gui G, Bingham MA, Herzog JR, Wong-Rolle A, Dillon LW, Goswami M, Martin E, Reeves J, Kim S, Bahrami A, Degenhardt HF, Zaki G, Divakar P, Schrom EC, Calvo KR, Hourigan CS, Hansen KD, Zhao C.",Sci Adv. 2025 Jul 11;11(28):eadw4871. doi: 10.1126/sciadv.adw4871. Epub 2025 Jul 9.,Gui G,Sci Adv,2025,2025-07-09,PMC12239967,,10.1126/sciadv.adw4871
40650244,Tissue Regeneration of Radiation-Induced Skin Damages Using Protein/Polysaccharide-Based Bioengineered Scaffolds and Adipose-Derived Stem Cells: A Review,"Avadanei-Luca S, Nacu I, Avadanei AN, Pertea M, Tamba B, Verestiuc L, Scripcariu V.",Int J Mol Sci. 2025 Jul 4;26(13):6469. doi: 10.3390/ijms26136469.,Avadanei-Luca S,Int J Mol Sci,2025,2025-07-12,PMC12250323,,10.3390/ijms26136469
40724562,MMP-2-Potential Predictor of Epithelial-Mesenchymal Transition in Squamous Cell Carcinogenesis,"Temelie-Olinici D, Bild W, Gheucă-Solovăstru L, Perțea M, Leca DA, Grecu BV, Halip IA, Mocanu M, Popescu IA, Pătrașcu AI, Vâță D.",Life (Basel). 2025 Jul 2;15(7):1060. doi: 10.3390/life15071060.,Temelie-Olinici D,Life (Basel),2025,2025-07-29,PMC12300701,,10.3390/life15071060
40598583,Detecting Protein-DNA binding in single molecules using antibody guided methylation,"Thatavarty A, Sagy N, Erdos MR, Lee I, Simpson JT, Timp W, Collins FS, Bar DZ.",Epigenetics Chromatin. 2025 Jul 1;18(1):39. doi: 10.1186/s13072-025-00602-9.,Thatavarty A,Epigenetics Chromatin,2025,2025-07-02,PMC12210839,,10.1186/s13072-025-00602-9
40581603,Fast and flexible minimizer digestion with digest,"Zheng A, Lee I, Shivakumar VS, Ahmed OY, Langmead B.",Bioinformatics. 2025 Jul 1;41(7):btaf368. doi: 10.1093/bioinformatics/btaf368.,Zheng A,Bioinformatics,2025,2025-06-28,PMC12233085,,10.1093/bioinformatics/btaf368
40506254,Accurate short-read alignment through r-index-based pangenome indexing,"Varki R, Rossi M, Ferro E, Oliva M, Garrison E, Langmead B, Boucher C.",Genome Res. 2025 Jul 1;35(7):1609-1620. doi: 10.1101/gr.279858.124.,Varki R,Genome Res,2025,2025-06-12,PMC12212348,,10.1101/gr.279858.124
40393810,Spatial domain detection using contrastive self-supervised learning for spatial multi-omics technologies,"Yao J, Yu J, Caffo B, Page SC, Martinowich K, Hicks SC.",Genome Res. 2025 Jul 1;35(7):1621-1632. doi: 10.1101/gr.279380.124.,Yao J,Genome Res,2025,2025-05-20,PMC12212350,,10.1101/gr.279380.124
40569674,Spatial proteomics and transcriptomics reveal early immune cell organization in pancreatic intraepithelial neoplasia,"Lyman MR, Mitchell JT, Raghavan S, Kagohara LT, Huff AL, Haldar SD, Shin SM, Guinn S, Barrett B, Longway G, Hernandez A, Coyne EM, Yuan X, Andaloori L, Lai J, Liu YZ, Karchin R, Gupta A, Kiemen AL, Forjaz A, Wirtz D, Wu PH, Deshpande A, Lee JW, Armstrong TD, Azad NS, Zimmerman JW, Wood LD, Anders RA, Thompson ED, Jaffee EM, Fertig EJ, Ho WJ, Zaidi N.",JCI Insight. 2025 Jun 26;10(15):e191595. doi: 10.1172/jci.insight.191595. eCollection 2025 Aug 8.,Lyman MR,JCI Insight,2025,2025-06-26,PMC12333942,,10.1172/jci.insight.191595
40537477,Multi-ancestry genome-wide association analyses incorporating SNP-by-psychosocial interactions identify novel loci for serum lipids,"Bentley AR, Brown MR, Musani SK, Schwander KL, Winkler TW, Sims M, Kilpeläinen TO, Aschard H, Bartz TM, Bielak LF, Chai JF, Chitrala KN, Franceschini N, Graff M, Guo X, Hartwig FP, Horimoto ARVR, Lim E, Liu Y, Manning AK, Nolte IM, Noordam R, Richard MA, Smith AV, Sung YJ, Vojinovic D, Wang R, Wang Y, Feitosa MF, Harris SE, Lyytikäinen LP, Pistis G, Rauramaa R, van der Most PJ, Ware E, Weiss S, Wen W, Yanek LR, Arking DE, Arnett DK, Ballantyne C, Boerwinkle E, Chen YI, Daviglus ML, de Las Fuentes L, de Vries PS, Delaney JAC, Fretts AM, Ekunwe L, Faul JD, Gallo LC, Heikkinen S, Homuth G, Ikram MA, Isasi CR, Jonas JB, Keltikangas-Järvinen L, Komulainen P, Kraja AT, Krieger JE, Launer L; Lifelines Cohort Study; Liu J, Lohman K, Luik AI, Manichaikul AW, Marques-Vidal P, Milaneschi Y, Mwasongwe SE, O'Connell JR, Rice K, Rich SS, Schreiner PJ, Schwettmann L, Shikany JM, Shu XO, Smith JA, Snieder H, Sotoodehnia N, Tai ES, Taylor KD, Tinker L, Tsai MY, Uitterlinden AG, van Duijn CM, van Heemst D, Waldenberger M, Wallace RB, Wee HL, Weir DR, Wei WB, Willems van Dijk K, Wilson G, Yao J, Young KL, Zhang X, Zhao W, Zhu X, Zonderman AB, Deary IJ, et al.",Transl Psychiatry. 2025 Jun 20;15(1):207. doi: 10.1038/s41398-025-03418-z.,Bentley AR,Transl Psychiatry,2025,2025-06-19,PMC12179276,,10.1038/s41398-025-03418-z
40528225,Mumemto: efficient maximal matching across pangenomes,"Shivakumar VS, Langmead B.",Genome Biol. 2025 Jun 17;26(1):169. doi: 10.1186/s13059-025-03644-0.,Shivakumar VS,Genome Biol,2025,2025-06-17,PMC12172372,,10.1186/s13059-025-03644-0
39345378,Development and extensive sequencing of a broadly-consented Genome in a Bottle matched tumor-normal pair,"McDaniel JH, Patel V, Olson ND, He HJ, He Z, Cole KD, Gooden AA, Schmitt A, Sikkink K, Sedlazeck FJ, Doddapaneni H, Jhangiani SN, Muzny DM, Gingras MC, Mehta H, Behera S, Paulin LF, Hastie AR, Yu HC, Weigman V, Rojas A, Kennedy K, Remington J, Salas-González I, Sudkamp M, Wiseman K, Lajoie BR, Levy S, Jain M, Akeson S, Narzisi G, Steinsnyder Z, Reeves C, Shelton J, Kingan SB, Lambert C, Bayabyan P, Wenger AM, McLaughlin IJ, Adamson A, Kingsley C, Wescott M, Kim Y, Paten B, Park J, Violich I, Miga KH, Gardner J, McNulty B, Rosen GL, McCoy R, Brundu F, Sayyari E, Scheffler K, Truong S, Catreux S, Hannah LC, Lipson D, Benjamin H, Iremadze N, Soifer I, Krieger G, Eacker S, Wood M, Cross E, Husar G, Gross S, Vernich M, Kolmogorov M, Ahmad T, Keskus A, Bryant A, Thibaud-Nissen F, Trow J, Proszynski J, Hirschberg JW, Ryon K, Mason CE, Bhakta MS, Zachary Sanborn J, Munding EM, Wagner J, Xiao C, Liss AS, Zook JM.",bioRxiv [Preprint]. 2025 Jun 14:2024.09.18.613544. doi: 10.1101/2024.09.18.613544.,McDaniel JH,bioRxiv,2025,2024-09-30,PMC11429686,,10.1101/2024.09.18.613544
40481362,SpotSweeper: spatially aware quality control for spatial transcriptomics,"Totty M, Hicks SC, Guo B.",Nat Methods. 2025 Jul;22(7):1520-1530. doi: 10.1038/s41592-025-02713-3. Epub 2025 Jun 6.,Totty M,Nat Methods,2025,2025-06-06,PMC12258134,NIHMS2089686,10.1038/s41592-025-02713-3
40273388,Three annotated chromosome-level de novo genome assemblies of Lomentospora prolificans provide evidence for a chromosomal translocation event,"Grossman NT, Fan Y, Zimin AV, Wear MP, Jedlicka A, Dziedzic A, Liporagi-Lopes LC, Timp W, Casadevall A.",G3 (Bethesda). 2025 Jun 4;15(6):jkaf091. doi: 10.1093/g3journal/jkaf091.,Grossman NT,G3 (Bethesda),2025,2025-04-24,PMC12134988,,10.1093/g3journal/jkaf091
40457480,mNSF: multi-sample non-negative spatial factorization,"Wang Y, Woyshner K, Sriworarat C, Stein-O'Brien G, Goff LA, Hansen KD.",Genome Biol. 2025 Jun 2;26(1):149. doi: 10.1186/s13059-025-03601-x.,Wang Y,Genome Biol,2025,2025-06-02,PMC12128389,,10.1186/s13059-025-03601-x
40452186,Transcriptomic signatures of rare variant impacts across sex and the X chromosome,"Ungar RA, Li T, Vetr NG, Ersaro N, Battle A, Montgomery SB.",HGG Adv. 2025 Jul 10;6(3):100463. doi: 10.1016/j.xhgg.2025.100463. Epub 2025 May 31.,Ungar RA,HGG Adv,2025,2025-06-02,PMC12214130,,10.1016/j.xhgg.2025.100463
40380889,Discovering Intron Gain Events in Humans Through Large-Scale Evolutionary Comparisons,"Hoh C, Salzberg SL.",Genome Biol Evol. 2025 May 30;17(6):evaf091. doi: 10.1093/gbe/evaf091.,Hoh C,Genome Biol Evol,2025,2025-05-17,PMC12124190,,10.1093/gbe/evaf091
40501673,Spatiotemporal transcriptomic analysis during cold ischemic injury to the murine kidney reveals compartment-specific changes,"Singh S, Patel SK, Matsuura R, Velazquez D, Sun Z, Noel S, Rabb H, Fan J.",bioRxiv [Preprint]. 2025 May 28:2025.05.25.654911. doi: 10.1101/2025.05.25.654911.,Singh S,bioRxiv,2025,2025-06-12,PMC12154843,,10.1101/2025.05.25.654911
40502105,Movi Color: fast and accurate long-read classification with the move structure,"Tan S, Majidian S, Langmead B, Zakeri M.",bioRxiv [Preprint]. 2025 May 27:2025.05.22.655637. doi: 10.1101/2025.05.22.655637.,Tan S,bioRxiv,2025,2025-06-12,PMC12154825,,10.1101/2025.05.22.655637
40502101,StringTie3 Improves Total RNA-seq Assembly by Resolving Nascent and Mature Transcripts,"Shinder I, Pertea G, Hu R, Rudnick Z, Pertea M.",bioRxiv [Preprint]. 2025 May 26:2025.05.21.655404. doi: 10.1101/2025.05.21.655404.,Shinder I,bioRxiv,2025,2025-06-12,PMC12154655,,10.1101/2025.05.21.655404
40475428,Partitioned Multi-MUM finding for scalable pangenomics,"Shivakumar VS, Langmead B.",bioRxiv [Preprint]. 2025 May 25:2025.05.20.654611. doi: 10.1101/2025.05.20.654611.,Shivakumar VS,bioRxiv,2025,2025-06-06,PMC12139944,,10.1101/2025.05.20.654611
40661310,Sex Differences in B Cell Dynamics after Seasonal Influenza Vaccination are Dependent on the Age and Hormonal Profile of Vaccinees,"Park HS, Yin A, Zhou W, Wenstedt EFE, Jedlicka A, Dziedzic A, Werner A, Fenstermacher KZJ, Li H, Shea PJ, Lee JS, Gearhart P, Maul RW, Van Den Berg SAA, Rothman RE, Ji H, Leng SX, Pekosz A, Klein SL.",medRxiv [Preprint]. 2025 May 23:2025.05.22.25328179. doi: 10.1101/2025.05.22.25328179.,Park HS,medRxiv,2025,2025-07-15,PMC12258747,,10.1101/2025.05.22.25328179
40397745,Genome-wide analyses of cell-free DNA for therapeutic monitoring of patients with pancreatic cancer,"Hruban C, Bruhm DC, Chen IM, Koul S, Annapragada AV, Vulpescu NA, Short S, Theile S, Boyapati K, Alipanahi B, Skidmore ZL, Leal A, Cristiano S, Adleff V, Johannsen JS, Scharpf RB, Foda ZH, Phallen J, Velculescu VE.",Sci Adv. 2025 May 23;11(21):eads5002. doi: 10.1126/sciadv.ads5002. Epub 2025 May 21.,Hruban C,Sci Adv,2025,2025-05-21,PMC12094228,,10.1126/sciadv.ads5002
40391432,STAR Locally Prolongs Effective Refractory Period and Increases Ventricular Tachycardia Cycle Length Without Short-Term Scar Formation or Functional Decline: Insights From a Translational Porcine Model Study,"Zenger B, Smith TW, Hicks S, Ng S, Pavek T, Knutson N, Samson PP, Zheng J, Berberet C, Ibrahim EH, Jani V, Tabor J, Wilson LD, Jordan SD, Marut LC, Kumar A, Manikandan S, Javaheri A, Bergom C, Schwarz JK, Boyle PM, Hugo GD, Cuculich PS, Robinson C, Zemlin C, Rentschler SL.",Circ Arrhythm Electrophysiol. 2025 Jun;18(6):e013684. doi: 10.1161/CIRCEP.124.013684. Epub 2025 May 20.,Zenger B,Circ Arrhythm Electrophysiol,2025,2025-05-20,PMC12173950,NIHMS2080299,10.1161/CIRCEP.124.013684
40098600,Optimal Vasopressin Initiation in Septic Shock: The OVISS Reinforcement Learning Study,"Kalimouttou A, Kennedy JN, Feng J, Singh H, Saria S, Angus DC, Seymour CW, Pirracchio R.",JAMA. 2025 May 20;333(19):1688-1698. doi: 10.1001/jama.2025.3046.,Kalimouttou A,JAMA,2025,2025-03-18,PMC11920879,,10.1001/jama.2025.3046
40315346,"Erratum: ""Long-Term Air Pollution Exposure and Mitochondrial DNA Copy Number: An Analysis of UK Biobank Data""","Hong YS, Battle SL, Puiu D, Shi W, Pankratz N, Zhao D, Arking DE, Guallar E.",Environ Health Perspect. 2025 May;133(5):59001. doi: 10.1289/EHP17821. Epub 2025 May 15.,Hong YS,Environ Health Perspect,2025,2025-05-02,PMC12080722,,10.1289/EHP17821
40470191,Disease-associated loci share properties with response eQTLs under common environmental exposures,"Lin W, Li M, Allen O, Burnett J, Popp JM, Stephens M, Battle A, Gilad Y.",Res Sq [Preprint]. 2025 May 14:rs.3.rs-6561377. doi: 10.21203/rs.3.rs-6561377/v1.,Lin W,Res Sq,2025,2025-06-05,PMC12136233,,10.21203/rs.3.rs-6561377/v1
40463162,Assembling unmapped reads reveals hidden variation in South Asian genomes,"Das A, Biddanda A, McCoy RC, Schatz MC.",bioRxiv [Preprint]. 2025 May 14:2025.05.14.653340. doi: 10.1101/2025.05.14.653340.,Das A,bioRxiv,2025,2025-06-04,PMC12132312,,10.1101/2025.05.14.653340
40369180,Lessons from Henrietta Lacks inform a transparency framework to catalyze generative artificial intelligence in medicine,"Azad TD, Warman A, McGraw D, Saria S.",NPJ Digit Med. 2025 May 14;8(1):280. doi: 10.1038/s41746-025-01656-5.,Azad TD,NPJ Digit Med,2025,2025-05-14,PMC12078727,,10.1038/s41746-025-01656-5
40487423,Deleterious mitochondrial heteroplasmies exhibit increased longitudinal change in variant allele fraction,"Kuiper LM, Shi W, Verlouw JAM, Hong YS, Arp P, Puiu D, Broer L, Xie J, Newcomb C, Rich SS, Taylor KD, Rotter JI, Bader JS, Guallar E, van Meurs JBJ, Arking DE.",iScience. 2025 May 6;28(6):112590. doi: 10.1016/j.isci.2025.112590. eCollection 2025 Jun 20.,Kuiper LM,iScience,2025,2025-06-09,PMC12145841,,10.1016/j.isci.2025.112590
40361997,Calciphylaxis of the Upper Limbs-A Rare and Serious Disease with Multidisciplinary Treatments-A Case Series and Literature Review,"Pertea M, Benamor M, Bulgaru-Iliescu AI, Abid A, Abid S, Amarandei AH.",Diagnostics (Basel). 2025 May 6;15(9):1179. doi: 10.3390/diagnostics15091179.,Pertea M,Diagnostics (Basel),2025,2025-05-14,PMC12072126,,10.3390/diagnostics15091179
40654932,Disease-associated loci share properties with response eQTLs under common environmental exposures,"Lin W, Li M, Allen O, Burnett J, Popp JM, Stephens M, Battle A, Gilad Y.",bioRxiv [Preprint]. 2025 May 4:2025.04.30.651602. doi: 10.1101/2025.04.30.651602.,Lin W,bioRxiv,2025,2025-07-14,PMC12247639,,10.1101/2025.04.30.651602
40611521,Identifying Asthma-Related Symptoms From Electronic Health Records Using a Hybrid Natural Language Processing Approach Within a Large Integrated Health Care System: Retrospective Study,"Xie F, Zeiger RS, Saparudin MM, Al-Salman S, Puttock E, Crawford W, Schatz M, Xu S, Vollmer WM, Chen W.",JMIR AI. 2025 May 2;4:e69132. doi: 10.2196/69132.,Xie F,JMIR AI,2025,2025-07-04,PMC12231518,,10.2196/69132
40315180,Transcriptional dynamics of sleep deprivation and subsequent recovery sleep in the male mouse cortex,"Popescu A, Ottaway C, Ford K, Medina E, Patterson TW, Ingiosi A, Hicks SC, Singletary K, Peixoto L.",Physiol Genomics. 2025 Jul 1;57(7):431-445. doi: 10.1152/physiolgenomics.00128.2024. Epub 2025 May 2.,Popescu A,Physiol Genomics,2025,2025-05-02,PMC12140865,NIHMS2082749,10.1152/physiolgenomics.00128.2024
40314446,"Reply to Austin and Korem, ""Compositional transformations can reasonably introduce phenotype-associated values into sparse features""",Salzberg SL.,mSystems. 2025 May 20;10(5):e0024825. doi: 10.1128/msystems.00248-25. Epub 2025 May 2.,Salzberg SL,mSystems,2025,2025-05-02,PMC12090789,,10.1128/msystems.00248-25
40501070,EvANI benchmarking workflow for evolutionary distance estimation,"Majidian S, Hwang S, Zakeri M, Langmead B.",Brief Bioinform. 2025 May 1;26(3):bbaf267. doi: 10.1093/bib/bbaf267.,Majidian S,Brief Bioinform,2025,2025-06-12,PMC12159288,,10.1093/bib/bbaf267
40332386,P4HA1 Mediates Hypoxia-Induced Invasion in Human Pancreatic Cancer Organoids,"Navarro-Serer B, Wissler MF, Glover BK, Lerner MG, Oza HH, Wang V, Knutsdottir H, Shojaeian F, Noller K, Baskaran SG, Hughes S, Weaver AM, Wilentz D, Olayemi O, Bader JS, Fertig EJ, Gilkes DM, Wood LD.",Cancer Res Commun. 2025 May 1;5(5):881-895. doi: 10.1158/2767-9764.CRC-24-0025.,Navarro-Serer B,Cancer Res Commun,2025,2025-05-07,PMC12123483,,10.1158/2767-9764.CRC-24-0025
40315852,IGLoo enables comprehensive analysis and assembly of immunoglobulin heavy-chain loci in lymphoblastoid cell lines using PacBio high-fidelity reads,"Lin MJ, Langmead B, Safonova Y.",Cell Rep Methods. 2025 May 19;5(5):101033. doi: 10.1016/j.crmeth.2025.101033. Epub 2025 May 1.,Lin MJ,Cell Rep Methods,2025,2025-05-02,PMC12146632,,10.1016/j.crmeth.2025.101033
40312738,lute: estimating the cell composition of heterogeneous tissue with varying cell sizes using gene expression,"Maden SK, Huuki-Myers LA, Kwon SH, Collado-Torres L, Maynard KR, Hicks SC.",BMC Genomics. 2025 May 1;26(1):433. doi: 10.1186/s12864-025-11508-x.,Maden SK,BMC Genomics,2025,2025-05-01,PMC12045009,,10.1186/s12864-025-11508-x
39915678,The MI-CLAIM-GEN checklist for generative artificial intelligence in health,"Miao BY, Chen IY, Williams CYK, Davidson J, Garcia-Agundez A, Sun S, Zack T, Saria S, Arnaout R, Quer G, Sadaei HJ, Torkamani A, Beaulieu-Jones B, Yu B, Gianfrancesco M, Butte AJ, Norgeot B, Sushil M.",Nat Med. 2025 May;31(5):1394-1398. doi: 10.1038/s41591-024-03470-0.,Miao BY,Nat Med,2025,2025-02-06,PMC12207735,NIHMS2087438,10.1038/s41591-024-03470-0
40294848,Symptoms of Asthma Extracted Through Natural Language Processing and Their Associations With Acute Asthma Exacerbation in Adults With Mild Asthma,"Chen W, Puttock EJ, Xie F, Crawford W, Schatz M, Vollmer WM, Xu S, Zeiger RS.",J Allergy Clin Immunol Pract. 2025 Jul;13(7):1719-1729.e7. doi: 10.1016/j.jaip.2025.04.031. Epub 2025 Apr 26.,Chen W,J Allergy Clin Immunol Pract,2025,2025-04-28,PMC12240703,NIHMS2077709,10.1016/j.jaip.2025.04.031
40280964,Chromosomal instability in human trophoblast stem cells and placentas,"Wang D, Cearlock A, Lane K, Xu C, Jan I, McCartney S, Glass I, McCoy R, Yang M.",Nat Commun. 2025 Apr 25;16(1):3918. doi: 10.1038/s41467-025-59245-9.,Wang D,Nat Commun,2025,2025-04-25,PMC12032275,,10.1038/s41467-025-59245-9
40279419,Single-cell morphology encodes functional subtypes of senescence in aging human dermal fibroblasts,"Kamat P, Macaluso N, Li Y, Agrawal A, Winston A, Pan L, Stewart T, Starich B, Milcik N, Min C, Wu PH, Walston J, Fan J, Phillip JM.",Sci Adv. 2025 Apr 25;11(17):eads1875. doi: 10.1126/sciadv.ads1875. Epub 2025 Apr 25.,Kamat P,Sci Adv,2025,2025-04-25,PMC12024660,,10.1126/sciadv.ads1875
40286269,Regulation of translation elongation and integrated stress response in heat-shocked neurons,"Seluzicki CM, Razavi-Mohseni M, Türker F, Patel P, Hua B, Beer MA, Goff L, Margolis SS.",Cell Rep. 2025 May 27;44(5):115639. doi: 10.1016/j.celrep.2025.115639. Epub 2025 Apr 24.,Seluzicki CM,Cell Rep,2025,2025-04-26,PMC12285177,NIHMS2085672,10.1016/j.celrep.2025.115639
40228903,Evolution of genome-wide methylation profiling technologies,"Montano C, Timp W.",Genome Res. 2025 Apr 14;35(4):572-582. doi: 10.1101/gr.278407.123.,Montano C,Genome Res,2025,2025-04-14,PMC12047278,,10.1101/gr.278407.123
40113264,Integration of transcriptomics and long-read genomics prioritizes structural variants in rare disease,"Jensen TD, Ni B, Reuter CM, Gorzynski JE, Fazal S, Bonner D, Ungar RA, Goddard PC, Raja A, Ashley EA, Bernstein JA, Zuchner S; Undiagnosed Diseases Network; Greicius MD, Montgomery SB, Schatz MC, Wheeler MT, Battle A.",Genome Res. 2025 Apr 14;35(4):914-928. doi: 10.1101/gr.279323.124.,Jensen TD,Genome Res,2025,2025-03-20,PMC12047269,,10.1101/gr.279323.124
40113261,Unraveling the hidden complexity of cancer through long-read sequencing,"Li Q, Keskus AG, Wagner J, Izydorczyk MB, Timp W, Sedlazeck FJ, Klein AP, Zook JM, Kolmogorov M, Schatz MC.",Genome Res. 2025 Apr 14;35(4):599-620. doi: 10.1101/gr.280041.124.,Li Q,Genome Res,2025,2025-03-20,PMC12047254,,10.1101/gr.280041.124
40420521,Newborn blood DNA methylation and childhood asthma: findings from the ECHO program,"Li Y, Jones K, Ober C, Starling AP, Gower WA, Bacharier LB, Chandran A, Dabelea DM, Fry RC, Gold DR, Hansen KD, Herbstman JB, Hivert MF, Keet C, Miller RL, Jacobson LP, Ladd-Acosta C; Program Collaborators for Environmental Influences on Child Health Outcomes.",Int J Epidemiol. 2025 Apr 12;54(3):dyaf067. doi: 10.1093/ije/dyaf067.,Li Y,Int J Epidemiol,2025,2025-05-27,PMC12106279,,10.1093/ije/dyaf067
40228715,Plant-Based Diets and Cardiovascular Events: A Proteomics Approach to Examine the Underlying Pathways,"Kim H, Chen J, Prescott B, Walker ME, Grams ME, Yu B, Vasan RS, Floyd J, Sotoodehnia N, Smith NL, Arking DE, Coresh J, Rebholz CM.",J Nutr. 2025 Jun;155(6):1741-1750. doi: 10.1016/j.tjnut.2025.04.011. Epub 2025 Apr 12.,Kim H,J Nutr,2025,2025-04-14,PMC12264535,,10.1016/j.tjnut.2025.04.011
40222010,TFE3 fusion oncoprotein condensates drive transcriptional reprogramming and cancer progression in translocation renal cell carcinoma,"So CL, Lee YJ, Vokshi BH, Chen W, Huang B, De Sousa E, Gao Y, Portuallo ME, Begum S, Jagirdar K, Linehan WM, Rebecca VW, Ji H, Toska E, Cai D.",Cell Rep. 2025 Apr 22;44(4):115539. doi: 10.1016/j.celrep.2025.115539. Epub 2025 Apr 11.,So CL,Cell Rep,2025,2025-04-13,PMC12077596,NIHMS2076735,10.1016/j.celrep.2025.115539
40205052,Complete sequencing of ape genomes,"Yoo D, Rhie A, Hebbar P, Antonacci F, Logsdon GA, Solar SJ, Antipov D, Pickett BD, Safonova Y, Montinaro F, Luo Y, Malukiewicz J, Storer JM, Lin J, Sequeira AN, Mangan RJ, Hickey G, Monfort Anez G, Balachandran P, Bankevich A, Beck CR, Biddanda A, Borchers M, Bouffard GG, Brannan E, Brooks SY, Carbone L, Carrel L, Chan AP, Crawford J, Diekhans M, Engelbrecht E, Feschotte C, Formenti G, Garcia GH, de Gennaro L, Gilbert D, Green RE, Guarracino A, Gupta I, Haddad D, Han J, Harris RS, Hartley GA, Harvey WT, Hiller M, Hoekzema K, Houck ML, Jeong H, Kamali K, Kellis M, Kille B, Lee C, Lee Y, Lees W, Lewis AP, Li Q, Loftus M, Loh YHE, Loucks H, Ma J, Mao Y, Martinez JFI, Masterson P, McCoy RC, McGrath B, McKinney S, Meyer BS, Miga KH, Mohanty SK, Munson KM, Pal K, Pennell M, Pevzner PA, Porubsky D, Potapova T, Ringeling FR, Rocha JL, Ryder OA, Sacco S, Saha S, Sasaki T, Schatz MC, Schork NJ, Shanks C, Smeds L, Son DR, Steiner C, Sweeten AP, Tassia MG, Thibaud-Nissen F, Torres-González E, Trivedi M, Wei W, Wertz J, Yang M, Zhang P, Zhang S, Zhang Y, Zhang Z, et al.",Nature. 2025 May;641(8062):401-418. doi: 10.1038/s41586-025-08816-3. Epub 2025 Apr 9.,Yoo D,Nature,2025,2025-04-09,PMC12058530,,10.1038/s41586-025-08816-3
40197327,Missing cell types in single-cell references impact deconvolution of bulk data but are detectable,"Ivich A, Davidson NR, Grieshober L, Li W, Hicks SC, Doherty JA, Greene CS.",Genome Biol. 2025 Apr 7;26(1):86. doi: 10.1186/s13059-025-03506-9.,Ivich A,Genome Biol,2025,2025-04-08,PMC11974051,,10.1186/s13059-025-03506-9
40197307,Benchmark of cellular deconvolution methods using a multi-assay dataset from postmortem human prefrontal cortex,"Huuki-Myers LA, Montgomery KD, Kwon SH, Cinquemani S, Eagles NJ, Gonzalez-Padilla D, Maden SK, Kleinman JE, Hyde TM, Hicks SC, Maynard KR, Collado-Torres L.",Genome Biol. 2025 Apr 7;26(1):88. doi: 10.1186/s13059-025-03552-3.,Huuki-Myers LA,Genome Biol,2025,2025-04-08,PMC11978107,,10.1186/s13059-025-03552-3
39975122,Evolution and instability of human centromeres are accelerated by heterochromatin boundary loss and CENP-A overexpression,"Mahlke MA, Lumerman L, Nath P, Chittenden C, Hoyt S, Koeppel J, Xu Y, Raphael R, Zaffina K, Hook PW, Timp W, Miga KH, Campbell PJ, O'Neill RJ, Altemose N, Nechemia-Arbely Y.",bioRxiv [Preprint]. 2025 Apr 7:2025.02.03.636285. doi: 10.1101/2025.02.03.636285.,Mahlke MA,bioRxiv,2025,2025-02-20,PMC11838504,,10.1101/2025.02.03.636285
40215916,Maternal exposure to per- and polyfluoroalkyl substances and epitope level antibody response to vaccines against measles and rubella in children from the Boston birth cohort,"Hong X, Morgenlander WR, Nadeau K, Wang G, Frischmeyer-Guerrerio PA, Pearson C, Adams WG, Ji H, Larman HB, Wang X.",Environ Int. 2025 Apr;198:109433. doi: 10.1016/j.envint.2025.109433. Epub 2025 Apr 6.,Hong X,Environ Int,2025,2025-04-11,PMC12038861,NIHMS2074122,10.1016/j.envint.2025.109433
40321295,Common variation in meiosis genes shapes human recombination phenotypes and aneuploidy risk,"Carioscia SA, Biddanda A, Starostik MR, Tang X, Hoffmann ER, Demko ZP, McCoy RC.",medRxiv [Preprint]. 2025 Apr 4:2025.04.02.25325097. doi: 10.1101/2025.04.02.25325097.,Carioscia SA,medRxiv,2025,2025-05-05,PMC12047964,,10.1101/2025.04.02.25325097
40236200,Evidence of off-target probe binding in the 10x Genomics Xenium v1 Human Breast Gene Expression Panel compromises accuracy of spatial transcriptomic profiling,"Hallinan C, Ji HJ, Salzberg SL, Fan J.",bioRxiv [Preprint]. 2025 Apr 3:2025.03.31.646342. doi: 10.1101/2025.03.31.646342.,Hallinan C,bioRxiv,2025,2025-04-16,PMC11996347,,10.1101/2025.03.31.646342
40236187,5-ethynyluridine perturbs nuclear RNA metabolism to promote the nuclear accumulation of TDP-43 and other RNA binding proteins,"Hayes LR, Zaepfel B, Duan L, Starner AC, Bartels MD, Rothacher RL, Martin S, French R, Zhang Z, Sinha IR, Ling JP, Sun S, Ayala YM, Coller J, Van Nostrand EL, Florea L, Kalab P.",bioRxiv [Preprint]. 2025 Apr 3:2025.04.02.646885. doi: 10.1101/2025.04.02.646885.,Hayes LR,bioRxiv,2025,2025-04-16,PMC11996483,,10.1101/2025.04.02.646885
40159496,Genotype inference from aggregated chromatin accessibility data reveals genetic regulatory mechanisms,"Wenz BM, He Y, Chen NC, Pickrell JK, Li JH, Dudek MF, Li T, Keener R, Voight BF, Brown CD, Battle A.",Genome Biol. 2025 Mar 30;26(1):81. doi: 10.1186/s13059-025-03538-1.,Wenz BM,Genome Biol,2025,2025-03-30,PMC11956263,,10.1186/s13059-025-03538-1
40156071,DNA methylation memory of pancreatic acinar-ductal metaplasia transition state altering Kras-downstream PI3K and Rho GTPase signaling in the absence of Kras mutation,"Lo EKW, Idrizi A, Tryggvadottir R, Zhou W, Hou W, Ji H, Cahan P, Feinberg AP.",Genome Med. 2025 Mar 28;17(1):32. doi: 10.1186/s13073-025-01452-6.,Lo EKW,Genome Med,2025,2025-03-29,PMC11951614,,10.1186/s13073-025-01452-6
40155770,Computational analysis of DNA methylation from long-read sequencing,"Fu Y, Timp W, Sedlazeck FJ.",Nat Rev Genet. 2025 Sep;26(9):620-634. doi: 10.1038/s41576-025-00822-5. Epub 2025 Mar 28.,Fu Y,Nat Rev Genet,2025,2025-03-29,PMC12882999,NIHMS2137729,10.1038/s41576-025-00822-5
40155722,Uncalled4 improves nanopore DNA and RNA modification detection via fast and accurate signal alignment,"Kovaka S, Hook PW, Jenike KM, Shivakumar V, Morina LB, Razaghi R, Timp W, Schatz MC.",Nat Methods. 2025 Apr;22(4):681-691. doi: 10.1038/s41592-025-02631-4. Epub 2025 Mar 28.,Kovaka S,Nat Methods,2025,2025-03-29,PMC11978507,,10.1038/s41592-025-02631-4
40283099,The Effects of the COVID-19 Pandemic on Trends and Types of Pediatric Burn Injuries: Lessons from a National Burn Center and the Role of Strategic Resource Allocation,"Tatar R, Enescu DM, Nacea DI, Nițescu GV, Lescaie A, Pertea M, Mitrache P, Diaconu LS.",Life (Basel). 2025 Mar 26;15(4):544. doi: 10.3390/life15040544.,Tatar R,Life (Basel),2025,2025-04-26,PMC12028697,,10.3390/life15040544
40225702,Can AI reveal the next generation of high-impact bone genomics targets?,"Greene CS, Gignoux CR, Subirana-Granés M, Pividori M, Hicks SC, Ackert-Bicknell CL.",Bone Rep. 2025 Mar 24;25:101839. doi: 10.1016/j.bonr.2025.101839. eCollection 2025 Jun.,Greene CS,Bone Rep,2025,2025-04-14,PMC11986539,,10.1016/j.bonr.2025.101839
40060500,Run-length compressed metagenomic read classification with SMEM-finding and tagging,"Depuydt L, Ahmed OY, Fostier J, Langmead B, Gagie T.",bioRxiv [Preprint]. 2025 Mar 24:2025.02.25.640119. doi: 10.1101/2025.02.25.640119.,Depuydt L,bioRxiv,2025,2025-03-10,PMC11888359,,10.1101/2025.02.25.640119
40119124,Genetic effects on gestational diabetes mellitus and their interactions with environmental factors among Japanese women,"Kawahara T, Nawa N, Murakami K, Tanaka T, Ohseto H, Takahashi I, Narita A, Obara T, Ishikuro M, Orui M, Noda A, Shinoda G, Nagata Y, Nagaie S, Ogishima S, Sugawara J, Kure S, Kinoshita K, Hozawa A, Fuse N, Tamiya G, Bennett WL, Taub MA, Surkan PJ, Kuriyama S, Fujiwara T.",J Hum Genet. 2025 May;70(5):265-273. doi: 10.1038/s10038-025-01330-4. Epub 2025 Mar 21.,Kawahara T,J Hum Genet,2025,2025-03-22,PMC12032887,NIHMS2069092,10.1038/s10038-025-01330-4
40119728,Conservation assessment of human splice site annotation based on a 470-genome alignment,"Minkin I, Salzberg SL.",Nucleic Acids Res. 2025 Mar 20;53(6):gkaf184. doi: 10.1093/nar/gkaf184.,Minkin I,Nucleic Acids Res,2025,2025-03-22,PMC11928937,,10.1093/nar/gkaf184
40166533,Transcriptome-wide association studies at cell state level using single-cell eQTL data,"Qi G, Lila E, Ji Z, Shojaie A, Battle A, Sun W.",medRxiv [Preprint]. 2025 Mar 18:2025.03.17.25324128. doi: 10.1101/2025.03.17.25324128.,Qi G,medRxiv,2025,2025-04-01,PMC11957072,,10.1101/2025.03.17.25324128
38076842,Conservation assessment of human splice site annotation based on a 470-genome alignment,"Minkin I, Salzberg SL.",bioRxiv [Preprint]. 2025 Mar 15:2023.12.01.569581. doi: 10.1101/2023.12.01.569581.,Minkin I,bioRxiv,2025,2023-12-11,PMC10705407,,10.1101/2023.12.01.569581
40082611,Human BioMolecular Atlas Program (HuBMAP): 3D Human Reference Atlas construction and usage,"Börner K, Blood PD, Silverstein JC, Ruffalo M, Satija R, Teichmann SA, Pryhuber GJ, Misra RS, Purkerson JM, Fan J, Hickey JW, Molla G, Xu C, Zhang Y, Weber GM, Jain Y, Qaurooni D, Kong Y; HRA Team; Bueckle A, Herr BW 2nd.",Nat Methods. 2025 Apr;22(4):845-860. doi: 10.1038/s41592-024-02563-5. Epub 2025 Mar 13.,Börner K,Nat Methods,2025,2025-03-14,PMC11978508,,10.1038/s41592-024-02563-5
40073865,Proteome-wide assessment of differential missense variant clustering in neurodevelopmental disorders and cancer,"Ng JK, Chen Y, Akinwe TM, Heins HB, Mehinovic E, Chang Y, Gutmann DH, Gurnett CA, Payne ZL, Manuel JG, Karchin R, Turner TN.",Cell Genom. 2025 Apr 9;5(4):100807. doi: 10.1016/j.xgen.2025.100807. Epub 2025 Mar 11.,Ng JK,Cell Genom,2025,2025-03-12,PMC12008811,,10.1016/j.xgen.2025.100807
40212885,HuBMAPR: an R client for the HuBMAP data portal,"Hou C, Ghazanfar S, Marini F, Morgan M, Hicks SC.",Bioinform Adv. 2025 Mar 10;5(1):vbaf048. doi: 10.1093/bioadv/vbaf048. eCollection 2025.,Hou C,Bioinform Adv,2025,2025-04-11,PMC11985162,,10.1093/bioadv/vbaf048
40050430,"Sequencing in over 50,000 cases identifies coding and structural variation underlying atrial fibrillation risk","Choi SH, Jurgens SJ, Xiao L, Hill MC, Haggerty CM, Sveinbjörnsson G, Morrill VN, Marston NA, Weng LC, Pirruccello JP, Arnar DO, Gudbjartsson DF, Mantineo H, von Falkenhausen AS, Natale A, Tveit A, Geelhoed B, Roselli C, Van Wagoner DR, Darbar D, Haase D, Soliman EZ, Davogustto GE, Jun G, Calkins H, Anderson JL, Brody JA, Halford JL, Barnard J, Hokanson JE, Smith JD, Bis JC, Young K, Johnson LSB, Risch L, Gula LJ, Kwee LC, Chaffin MD, Kühne M, Preuss M, Gupta N, Nafissi NA, Smith NL, Nilsson PM, van der Harst P, Wells QS, Judy RL, Schnabel RB, Johnson R, Smit RAJ, Gabriel S, Knight S, Furukawa T, Blackwell TW, Nauffal V, Wang X, Min YI, Yoneda ZT, Laksman ZWM, Bezzina CR, Alonso A, Psaty BM, Albert CM, Arking DE, Roden DM, Chasman DI, Rader DJ, Conen D, McManus DD, Fatkin D, Benjamin EJ, Boerwinkle E, Marcus GM, Christophersen IE, Smith JG, Roberts JD, Raffield LM, Shoemaker MB, Cho MH, Cutler MJ, Rienstra M, Chung MK, S Olesen M, Sinner MF, Sotoodehnia N, Kirchhof P, Loos RJF, Nazarian S, Mohanty S, Damrauer SM, Kaab S, Heckbert SR, Redline S, Shah SH, Tanaka T, Ebana Y; Regeneron Genetics Center; NHLBI Trans-Omics for Precision Medicine (TOPMed) Consortium; Holm H, Stefansson K, et al.",Nat Genet. 2025 Mar;57(3):548-562. doi: 10.1038/s41588-025-02074-9. Epub 2025 Mar 6.,Choi SH,Nat Genet,2025,2025-03-06,PMC13450804,NIHMS2171049,10.1038/s41588-025-02074-9
40050429,"Meta-analysis of genome-wide associations and polygenic risk prediction for atrial fibrillation in more than 180,000 cases","Roselli C, Surakka I, Olesen MS, Sveinbjornsson G, Marston NA, Choi SH, Holm H, Chaffin M, Gudbjartsson D, Hill MC, Aegisdottir H, Albert CM, Alonso A, Anderson CD, Arking DE, Arnar DO, Barnard J, Benjamin EJ, Braunwald E, Brumpton B, Campbell A, Chami N, Chasman DI, Cho K, Choi EK, Christophersen IE, Chung MK, Conen D, Crijns HJ, Cutler MJ, Czuba T, Damrauer SM, Dichgans M, Dörr M, Dudink E, Duong T, Erikstrup C, Esko T, Fatkin D, Faul JD, Ferreira M, Freitag DF, Ganesh SK, Gaziano JM, Geelhoed B, Ghouse J, Gieger C, Giulianini F, Graham SE, Gudnason V, Guo X, Haggerty C, Hayward C, Heckbert SR, Hveem K, Ito K, Johnson R, Jukema JW, Jurgens SJ, Kääb S, Kane JP, Kany S, Kardia SLR, Kavousi M, Khurshid S, Kamanu FK, Kirchhof P, Kleber ME, Knight S, Komuro I, Krieger JE, Launer LJ, Li D, Lin H, Lin HJ, Loos RJF, Lotta L, Lubitz SA, Lunetta KL, Macfarlane PW, Magnusson PKE, Malik R, Mantineo H, Marcus GM, März W, McManus DD, Melander O, Melloni GEM, Meyre PB, Miyazawa K, Mohanty S, Monfort LM, Müller-Nurasyid M, Nafissi NA, Natale A, Nazarian S, Ostrowski SR, Pak HN, Pang S, Pedersen OB, et al.",Nat Genet. 2025 Mar;57(3):539-547. doi: 10.1038/s41588-024-02072-3. Epub 2025 Mar 6.,Roselli C,Nat Genet,2025,2025-03-06,PMC12094172,NIHMS2077875,10.1038/s41588-024-02072-3
40044854,Solanum pan-genetics reveals paralogues as contingencies in crop engineering,"Benoit M, Jenike KM, Satterlee JW, Ramakrishnan S, Gentile I, Hendelman A, Passalacqua MJ, Suresh H, Shohat H, Robitaille GM, Fitzgerald B, Alonge M, Wang X, Santos R, He J, Ou S, Golan H, Green Y, Swartwood K, Karavolias NG, Sierra GP, Orejuela A, Roda F, Goodwin S, McCombie WR, Kizito EB, Gagnon E, Knapp S, Särkinen TE, Frary A, Gillis J, Van Eck J, Schatz MC, Lippman ZB.",Nature. 2025 Apr;640(8057):135-145. doi: 10.1038/s41586-025-08619-6. Epub 2025 Mar 5.,Benoit M,Nature,2025,2025-03-05,PMC11964936,,10.1038/s41586-025-08619-6
40038442,Genomic and fragmentomic landscapes of cell-free DNA for early cancer detection,"Bruhm DC, Vulpescu NA, Foda ZH, Phallen J, Scharpf RB, Velculescu VE.",Nat Rev Cancer. 2025 May;25(5):341-358. doi: 10.1038/s41568-025-00795-x. Epub 2025 Mar 4.,Bruhm DC,Nat Rev Cancer,2025,2025-03-04,PMC13003562,NIHMS2140273,10.1038/s41568-025-00795-x
41425477,Integrating Exposures and Multi-Omics in the Boston Birth Cohort to Elucidate Immune Development across the Life Course: Rationale and Study Design,"Hong X, Frischmeyer-Guerrerio PA, Wang G, Pearson C, Adam WG, Larman HB, Ji H, Wang X.",Precis Nutr. 2025 Mar;4(1):e00097.,Hong X,Precis Nutr,2025,2025-12-22,PMC12716885,NIHMS2054975,
40025556,Mem-based pangenome indexing for k-mer queries,"Hwang S, Brown NK, Ahmed OY, Jenike KM, Kovaka S, Schatz MC, Langmead B.",Algorithms Mol Biol. 2025 Mar 1;20(1):3. doi: 10.1186/s13015-025-00272-y.,Hwang S,Algorithms Mol Biol,2025,2025-03-02,PMC11871630,,10.1186/s13015-025-00272-y
40025045,FLT1 and other candidate fetal haemoglobin modifying loci in sickle cell disease in African ancestries,"Wonkam A, Esoh K, Levine RM, Ngo Bitoungui VJ, Mnika K, Nimmagadda N, Dempsey EAD, Nkya S, Sangeda RZ, Nembaware V, Morrice J, Osman F, Beer MA, Makani J, Mulder N, Lettre G, Steinberg MH, Latanich R, Casella JF, Drehmer D, Arking DE, Chimusa ER, Yen JS, Newby GA, Antonarakis SE.",Nat Commun. 2025 Mar 1;16(1):2092. doi: 10.1038/s41467-025-57413-5.,Wonkam A,Nat Commun,2025,2025-03-02,PMC11873275,,10.1038/s41467-025-57413-5
40060455,A T2T-CHM13 recombination map and globally diverse haplotype reference panel improves phasing and imputation,"Lalli JL, Bortvin AN, McCoy RC, Werling DM.",bioRxiv [Preprint]. 2025 Feb 28:2025.02.24.639687. doi: 10.1101/2025.02.24.639687.,Lalli JL,bioRxiv,2025,2025-03-10,PMC11888259,,10.1101/2025.02.24.639687
42210916,"Non-local modeling of enhancer-promoter interactions, a correspondence on ""LOCO-EPI: Leave-one-chromosome-out (LOCO) as a benchmarking paradigm for deep learning based prediction of enhancer-promoter interactions""",Beer MA.,Appl Intell (Dordr). 2025 May;55(7):486. doi: 10.1007/s10489-025-06378-5. Epub 2025 Feb 27.,Beer MA,Appl Intell (Dordr),2025,2026-05-29,PMC13215683,NIHMS2176997,10.1007/s10489-025-06378-5
40001347,Tumor immune microenvironment alterations associated with progression in human intraductal papillary mucinous neoplasms,"Jamouss KT, Damanakis AI, Cornwell AC, Jongepier M, Trujillo MA, Pflüger MJ, Kawalerski R, Maalouf A, Hirose K, Datta S, Sipes A, Pedro BA, Gudmundsson E, Assarzadegan N, Engle L, Scharpf RB, Kawamoto S, Thompson ED, Wood LD.",J Pathol. 2025 May;266(1):40-50. doi: 10.1002/path.6402. Epub 2025 Feb 25.,Jamouss KT,J Pathol,2025,2025-02-26,PMC13014305,NIHMS2049704,10.1002/path.6402
40027788,EvANI benchmarking workflow for evolutionary distance estimation,"Majidian S, Hwang S, Zakeri M, Langmead B.",bioRxiv [Preprint]. 2025 Feb 23:2025.02.23.639716. doi: 10.1101/2025.02.23.639716.,Majidian S,bioRxiv,2025,2025-03-03,PMC11870633,,10.1101/2025.02.23.639716
40009515,Spatiotemporal analysis of gene expression in the human dentate gyrus reveals age-associated changes in cellular maturation and neuroinflammation,"Ramnauth AD, Tippani M, Divecha HR, Papariello AR, Miller RA, Nelson ED, Thompson JR, Pattie EA, Kleinman JE, Maynard KR, Collado-Torres L, Hyde TM, Martinowich K, Hicks SC, Page SC.",Cell Rep. 2025 Feb 18;44(2):115300. doi: 10.1016/j.celrep.2025.115300. Online ahead of print.,Ramnauth AD,Cell Rep,2025,2025-02-26,PMC12353348,NIHMS2060939,10.1016/j.celrep.2025.115300
39962554,A refined analysis of Neanderthal-introgressed sequences in modern humans with a complete reference genome,"Liang SA, Ren T, Zhang J, He J, Wang X, Jiang X, He Y, McCoy RC, Fu Q, Akey JM, Mao Y, Chen L.",Genome Biol. 2025 Feb 17;26(1):32. doi: 10.1186/s13059-025-03502-z.,Liang SA,Genome Biol,2025,2025-02-18,PMC11834205,,10.1186/s13059-025-03502-z
39890468,k-mer approaches for biodiversity genomics,"Jenike KM, Campos-Domínguez L, Boddé M, Cerca J, Hodson CN, Schatz MC, Jaron KS.",Genome Res. 2025 Feb 14;35(2):219-230. doi: 10.1101/gr.279452.124.,Jenike KM,Genome Res,2025,2025-01-31,PMC11874746,,10.1101/gr.279452.124
39730188,Combining DNA and protein alignments to improve genome annotation with LiftOn,"Chao KH, Heinz JM, Hoh C, Mao A, Shumate A, Pertea M, Salzberg SL.",Genome Res. 2025 Feb 14;35(2):311-325. doi: 10.1101/gr.279620.124.,Chao KH,Genome Res,2025,2024-12-27,PMC11874971,,10.1101/gr.279620.124
39935130,Integrating Spatially-Resolved Transcriptomics Data Across Tissues and Individuals: Challenges and Opportunities,"Guo B, Ling W, Kwon SH, Panwar P, Ghazanfar S, Martinowich K, Hicks SC.",Small Methods. 2025 May;9(5):e2401194. doi: 10.1002/smtd.202401194. Epub 2025 Feb 11.,Guo B,Small Methods,2025,2025-02-12,PMC12103234,NIHMS2049392,10.1002/smtd.202401194
39974046,Prediction and Characterization of Genetically Regulated Expression of Target Tissues in Asthma,"Slack SD, Esquinca E, Arehart CH, Boorgula MP, Szczesny B, Romero A, Campbell M, Chavan S, Rafaels N, Watson H, Landis RC, Hansel NN, Rotimi CN, Olopade CO, Figueiredo CA, Ober C, Liu AH, Kenny EE, Kammers K, Ruczinski I, Taub MA, Daya M, Gignoux CR, Kechris K, Barnes KC, Mathias RA, Johnson RK.",medRxiv [Preprint]. 2025 Feb 8:2025.02.06.25321273. doi: 10.1101/2025.02.06.25321273.,Slack SD,medRxiv,2025,2025-02-20,PMC11838648,,10.1101/2025.02.06.25321273
39888860,scatterbar: an R package for visualizing proportional data across spatially resolved coordinates,"Velazquez D, Fan J.",Bioinformatics. 2025 Feb 4;41(2):btaf047. doi: 10.1093/bioinformatics/btaf047.,Velazquez D,Bioinformatics,2025,2025-01-31,PMC11829801,,10.1093/bioinformatics/btaf047
39975255,SVCFit: Inferring structural variant cellular fraction in tumors,"Liu Y, Lai J, Wood LD, Karchin R.",bioRxiv [Preprint]. 2025 Feb 3:2025.02.01.636056. doi: 10.1101/2025.02.01.636056.,Liu Y,bioRxiv,2025,2025-02-20,PMC11838439,,10.1101/2025.02.01.636056
39900903,A minimal gene set characterizes TIL specific for diverse tumor antigens across different cancer types,"Zeng Z, Zhang T, Zhang J, Li S, Connor S, Zhang B, Zhao Y, Wilson J, Singh D, Kulikauskas R, Church CD, Pulliam TH, Jani S, Nghiem P, Topalian SL, Forde PM, Pardoll DM, Ji H, Smith KN.",Nat Commun. 2025 Feb 3;16(1):1070. doi: 10.1038/s41467-024-55059-3.,Zeng Z,Nat Commun,2025,2025-02-03,PMC11791090,,10.1038/s41467-024-55059-3
39658328,Toward an artificial intelligence code of conduct for health and healthcare: implications for the biomedical informatics community,"Payne PRO, Johnson KB, Maddox TM, Embi PJ, Mandl KD, McGraw D, Saria S, Adams L.",J Am Med Inform Assoc. 2025 Feb 1;32(2):408-412. doi: 10.1093/jamia/ocae306.,Payne PRO,J Am Med Inform Assoc,2025,2024-12-10,PMC11756637,,10.1093/jamia/ocae306
39896459,Three annotated chromosome-level de novo genome assemblies of Lomentospora prolificans provide evidence for a chromosomal translocation event,"Grossman NT, Fan Y, Zimin AV, Wear MP, Jedlicka A, Dziedzic A, Liporagi-Lopes L, Timp W, Casadevall A.",bioRxiv [Preprint]. 2025 Jan 22:2025.01.21.634120. doi: 10.1101/2025.01.21.634120.,Grossman NT,bioRxiv,2025,2025-02-03,PMC11785065,,10.1101/2025.01.21.634120
39833175,Construction and iterative redesign of synXVI a 903 kb synthetic Saccharomyces cerevisiae chromosome,"Goold HD, Kroukamp H, Erpf PE, Zhao Y, Kelso P, Calame J, Timmins JJB, Wightman ELI, Peng K, Carpenter AC, Llorente B, Hawthorne C, Clay S, van Wyk N, Daniel EL, Harrison F, Meier F, Willows RD, Cai Y, Walker RSK, Xu X, Espinosa MI, Stracquadanio G, Bader JS, Mitchell LA, Boeke JD, Williams TC, Paulsen IT, Pretorius IS.",Nat Commun. 2025 Jan 20;16(1):841. doi: 10.1038/s41467-024-55318-3.,Goold HD,Nat Commun,2025,2025-01-20,PMC11747415,,10.1038/s41467-024-55318-3
39827261,Incomplete human reference genomes can drive false sex biases and expose patient-identifying information in metagenomic data,"Guccione C, Patel L, Tomofuji Y, McDonald D, Gonzalez A, Sepich-Poore GD, Sonehara K, Zakeri M, Chen Y, Dilmore AH, Damle N, Baranzini SE, Hightower G, Nakatsuji T, Gallo RL, Langmead B, Okada Y, Curtius K, Knight R.",Nat Commun. 2025 Jan 18;16(1):825. doi: 10.1038/s41467-025-56077-5.,Guccione C,Nat Commun,2025,2025-01-18,PMC11742726,,10.1038/s41467-025-56077-5
39818911,Distinct myeloid-derived suppressor cell populations in human glioblastoma,"Jackson C, Cherry C, Bom S, Dykema AG, Wang R, Thompson E, Zhang M, Li R, Ji Z, Hou W, Zhan W, Zhang H, Choi J, Vaghasia A, Hansen L, Wang W, Bergsneider B, Jones KM, Rodriguez F, Weingart J, Lucas CH, Powell J, Elisseeff J, Yegnasubramanian S, Lim M, Bettegowda C, Ji H, Pardoll D.",Science. 2025 Jan 17;387(6731):eabm5214. doi: 10.1126/science.abm5214. Epub 2025 Jan 17.,Jackson C,Science,2025,2025-01-17,PMC12836367,NIHMS2115262,10.1126/science.abm5214
39545922,Divergent Clinical and Immunologic Outcomes Based on STK11 Co-mutation Status in Resectable KRAS-Mutant Lung Cancers Following Neoadjuvant Immune Checkpoint Blockade,"Rosner S, Connor S, Sanber K, Zahurak M, Zhang T, Gurumurthy I, Zeng Z, Presson B, Singh D, Rayes R, Sivapalan L, Pereira G, Ji Z, Thummalapalli R, Reuss JE, Broderick SR, Jones DR, Deutsch JS, Cottrell TR, Chaft JE, Spicer J, Taube J, Anagnostou V, Brahmer JR, Pardoll DM, Ji H, Forde PM, Marrone KA, Smith KN.",Clin Cancer Res. 2025 Jan 17;31(2):339-351. doi: 10.1158/1078-0432.CCR-24-2983.,Rosner S,Clin Cancer Res,2025,2024-11-15,PMC11739779,,10.1158/1078-0432.CCR-24-2983
39967863,Transcriptomic characterization of human lateral septum neurons reveals conserved and divergent marker genes across species,"Phillips RA 3rd, Oh S, Bach SV, Du Y, Miller RA, Kleinman JE, Hyde TM, Hicks SC, Page SC, Martinowich K.",iScience. 2025 Jan 16;28(2):111820. doi: 10.1016/j.isci.2025.111820. eCollection 2025 Feb 21.,Phillips RA 3rd,iScience,2025,2025-02-19,PMC11834073,,10.1016/j.isci.2025.111820
39809269,Genomic and phenotypic correlates of mosaic loss of chromosome Y in blood,"Jakubek YA, Ma X, Stilp AM, Yu F, Bacon J, Wong JW, Aguet F, Ardlie K, Arnett DK, Barnes K, Bis JC, Blackwell T, Becker LC, Boerwinkle E, Bowler RP, Budoff MJ, Carson AP, Chen J, Cho MH, Coresh J, Cox NJ, de Vries PS, DeMeo DL, Fardo DW, Fornage M, Guo X, Hall ME, Heard-Costa N, Hidalgo B, Irvin MR, Johnson AD, Jorgenson E, Kenny EE, Kessler MD, Levy D, Li Y, Lima JAC, Liu Y, Locke AE, Loos RJF, Machiela MJ, Mathias RA, Mitchell BD, Murabito JM, Mychaleckyj JC, North KE, Orchard P, Parker SCJ, Pershad Y, Peyser PA, Pratte KA, Psaty BM, Raffield LM, Redline S; Regeneron Genetics Center; Rich SS, Rotter JI, Shah SJ, Smith JA, Smith AP, Smith A, Taub MA, Tiwari HK, Tracy R, Tuftin B; NHLBI Trans-Omics for Precision Medicine Consortium; Bick AG, Sankaran VG, Reiner AP, Scheet P, Auer PL.",Am J Hum Genet. 2025 Feb 6;112(2):276-290. doi: 10.1016/j.ajhg.2024.12.014. Epub 2025 Jan 13.,Jakubek YA,Am J Hum Genet,2025,2025-01-14,PMC11866972,,10.1016/j.ajhg.2024.12.014
39345137,Early Detection of Ovarian Cancer Using Cell-Free DNA Fragmentomes and Protein Biomarkers,"Medina JE, Annapragada AV, Lof P, Short S, Bartolomucci AL, Mathios D, Koul S, Niknafs N, Noë M, Foda ZH, Bruhm DC, Hruban C, Vulpescu NA, Jung E, Dua R, Canzoniero JV, Cristiano S, Adleff V, Symecko H, van den Broek D, Sokoll LJ, Baylin SB, Press MF, Slamon DJ, Konecny GE, Therkildsen C, Carvalho B, Meijer GA, Andersen CL, Domchek SM, Drapkin R, Scharpf RB, Phallen J, Lok CAR, Velculescu VE.",Cancer Discov. 2025 Jan 13;15(1):105-118. doi: 10.1158/2159-8290.CD-24-0393.,Medina JE,Cancer Discov,2025,2024-09-30,PMC11726017,,10.1158/2159-8290.CD-24-0393
39800750,Proteomic signature of HIV-associated subclinical left atrial remodeling and incident heart failure,"Peterson TE, Hahn VS, Moaddel R, Zhu M, Haberlen SA, Palella FJ, Plankey M, Bader JS, Lima JAC, Gerszten RE, Rotter JI, Rich SS, Heckbert SR, Kirk GD, Piggott DA, Ferrucci L, Margolick JB, Brown TT, Wu KC, Post WS.",Nat Commun. 2025 Jan 12;16(1):610. doi: 10.1038/s41467-025-55911-0.,Peterson TE,Nat Commun,2025,2025-01-12,PMC11725572,,10.1038/s41467-025-55911-0
39829865,Fast and flexible minimizer digestion with digest,"Zheng A, Lee I, Shivakumar VS, Ahmed OY, Langmead B.",bioRxiv [Preprint]. 2025 Jan 8:2025.01.02.631161. doi: 10.1101/2025.01.02.631161.,Zheng A,bioRxiv,2025,2025-01-20,PMC11741343,,10.1101/2025.01.02.631161
39781514,PSAURON: a tool for assessing protein annotation across a broad range of species,"Sommer MJ, Zimin AV, Salzberg SL.",NAR Genom Bioinform. 2025 Jan 7;7(1):lqae189. doi: 10.1093/nargab/lqae189. eCollection 2025 Mar.,Sommer MJ,NAR Genom Bioinform,2025,2025-01-09,PMC11704789,,10.1093/nargab/lqae189
39774334,Prioritization of causal genes from genome-wide association studies by Bayesian data integration across loci,"Mousavi Z, Arvanitis M, Duong T, Brody JA, Battle A, Sotoodehnia N, Shojaie A, Arking DE, Bader JS.",PLoS Comput Biol. 2025 Jan 7;21(1):e1012725. doi: 10.1371/journal.pcbi.1012725. eCollection 2025 Jan.,Mousavi Z,PLoS Comput Biol,2025,2025-01-08,PMC11741684,,10.1371/journal.pcbi.1012725
39803467,Mumemto: efficient maximal matching across pangenomes,"Shivakumar VS, Langmead B.",bioRxiv [Preprint]. 2025 Jan 5:2025.01.05.631388. doi: 10.1101/2025.01.05.631388.,Shivakumar VS,bioRxiv,2025,2025-01-13,PMC11722392,,10.1101/2025.01.05.631388
39753600,Characterizing cell-type spatial relationships across length scales in spatially resolved omics data,"Dos Santos Peixoto R, Miller BF, Brusko MA, Aihara G, Atta L, Anant M, Atkinson MA, Brusko TM, Wasserfall CH, Fan J.",Nat Commun. 2025 Jan 3;16(1):350. doi: 10.1038/s41467-024-55700-1.,Dos Santos Peixoto R,Nat Commun,2025,2025-01-03,PMC11699133,,10.1038/s41467-024-55700-1
39747593,The impact of common and rare genetic variants on bradyarrhythmia development,"Weng LC, Rämö JT, Jurgens SJ, Khurshid S, Chaffin M, Hall AW, Morrill VN, Wang X, Nauffal V, Sun YV, Beer D, Lee S, Nadkarni GN, Duong T, Wang B, Czuba T, Austin TR, Yoneda ZT, Friedman DJ, Clayton A, Hyman MC, Judy RL, Skanes AC, Orland KM, Treu TM, Oetjens MT, Alonso A, Soliman EZ, Lin H, Lunetta KL, van der Pals J, Issa TZ, Nafissi NA, May HT, Leong-Sit P, Roselli C, Choi SH; FinnGen; Million Veteran Program; Regeneron Genetics Center; Khan HR, Knight S, Karlsson Linnér R, Bezzina CR, Ripatti S, Heckbert SR, Gaziano JM, Loos RJF, Psaty BM, Smith JG, Benjamin EJ, Arking DE, Rader DJ, Shah SH, Roden DM, Damrauer SM, Eckhardt LL, Roberts JD, Cutler MJ, Shoemaker MB, Haggerty CM, Cho K, Palotie A, Wilson PWF, Ellinor PT, Lubitz SA.",Nat Genet. 2025 Jan;57(1):53-64. doi: 10.1038/s41588-024-01978-2. Epub 2025 Jan 2.,Weng LC,Nat Genet,2025,2025-01-02,PMC11735381,,10.1038/s41588-024-01978-2
39745641,Reconstructing Progenitor State Hierarchy and Dynamics Using Lineage Barcoding Data,"Fang W, Yang Y, Ji H, Kalhor R.",Methods Mol Biol. 2025;2886:177-199. doi: 10.1007/978-1-0716-4310-5_9.,Fang W,Methods Mol Biol,2025,2025-01-02,PMC12131283,NIHMS2078853,10.1007/978-1-0716-4310-5_9
39681663,Author Correction: Opportunities and challenges of single-cell and spatially resolved genomics methods for neuroscience discovery,"Bonev B, Castelo-Branco G, Chen F, Codeluppi S, Corces MR, Fan J, Heiman M, Harris K, Inoue F, Kellis M, Levine A, Lotfollahi M, Luo C, Maynard KR, Nitzan M, Ramani V, Satijia R, Schirmer L, Shen Y, Sun N, Green GS, Theis F, Wang X, Welch JD, Gokce O, Konopka G, Liddelow S, Macosko E, Ali Bayraktar O, Habib N, Nowakowski TJ.",Nat Neurosci. 2025 Jan;28(1):216. doi: 10.1038/s41593-024-01858-2.,Bonev B,Nat Neurosci,2025,2024-12-16,PMC12138952,NIHMS2078579,10.1038/s41593-024-01858-2
39706705,The long and short of hyperdivergent regions,"Moya ND, Yan SM, McCoy RC, Andersen EC.",Trends Genet. 2025 Apr;41(4):303-314. doi: 10.1016/j.tig.2024.11.005. Epub 2024 Dec 19.,Moya ND,Trends Genet,2025,2024-12-20,PMC11981857,NIHMS2043769,10.1016/j.tig.2024.11.005
39237012,"Mitochondrial DNA copy number variation in asthma risk, severity, and exacerbations","Xu W, Hong YS, Hu B, Comhair SAA, Janocha AJ, Zein JG, Chen R, Meyers DA, Mauger DT, Ortega VE, Bleecker ER, Castro M, Denlinger LC, Fahy JV, Israel E, Levy BD, Jarjour NN, Moore WC, Wenzel SE, Gaston B, Liu C, Arking DE, Erzurum SC; National Heart, Lung, and Blood Institute (NHLBI) Severe Asthma Research Program and TOPMed mtDNA Working Group in NHLBI Trans-omics for Precision Medicine (TOPMed) Consortium.",J Allergy Clin Immunol. 2025 Apr;155(4):1224-1235. doi: 10.1016/j.jaci.2024.08.022. Epub 2024 Sep 3.,Xu W,J Allergy Clin Immunol,2025,2024-09-05,PMC11875079,NIHMS2050597,10.1016/j.jaci.2024.08.022
38640995,Association of Blood Mitochondrial DNA Copy Number With Risk of Acute Kidney Injury After Cardiac Surgery,"Jotwani V, Thiessen-Philbrook H, Arking DE, Yang SY, McArthur E, Garg AX, Katz R, Tranah GJ, Ix JH, Cummings S, Waikar SS, Sarnak MJ, Shlipak MG, Parikh SM, Parikh CR.",Am J Kidney Dis. 2025 Jan;85(1):130-133. doi: 10.1053/j.ajkd.2024.03.013. Epub 2024 Apr 17.,Jotwani V,Am J Kidney Dis,2025,2024-04-19,PMC12416630,NIHMS2101448,10.1053/j.ajkd.2024.03.013
39738101,Multivariate stochastic modeling for transcriptional dynamics with cell-specific latent time using SDEvelo,"Liao X, Kang L, Peng Y, Chai X, Xie P, Lin C, Ji H, Jiao Y, Liu J.",Nat Commun. 2024 Dec 30;15(1):10849. doi: 10.1038/s41467-024-55146-5.,Liao X,Nat Commun,2024,2024-12-31,PMC11685993,,10.1038/s41467-024-55146-5
39738013,MaizeCODE reveals bi-directionally expressed enhancers that harbor molecular signatures of maize domestication,"Cahn J, Regulski M, Lynn J, Ernst E, de Santis Alves C, Ramakrishnan S, Chougule K, Wei S, Lu Z, Xu X, Ramu U, Drenkow J, Danyko C, Kramer M, Seetharam A, Hufford MB, McCombie WR, Ware D, Jackson D, Schatz MC, Gingeras TR, Martienssen RA.",Nat Commun. 2024 Dec 30;15(1):10854. doi: 10.1038/s41467-024-55195-w.,Cahn J,Nat Commun,2024,2024-12-31,PMC11685423,,10.1038/s41467-024-55195-w
39797154,High-Pressure Injection Injury of the Hand-A Rare but True Surgical Emergency,"Pertea M, Luca S, Benamor M, Constantinescu MC, Bulgaru-Iliescu AI, Amarandei A, Moraru DC, Saibi K, Ben Mrad S, Filip A, Filip N.",J Clin Med. 2024 Dec 27;14(1):72. doi: 10.3390/jcm14010072.,Pertea M,J Clin Med,2024,2025-01-11,PMC11721198,,10.3390/jcm14010072
39777456,Nanopore decoding with speed and versatility for data storage,"Volkel KD, Hook PW, Keung A, Timp W, Tuck JM.",Bioinformatics. 2024 Dec 26;41(1):btaf006. doi: 10.1093/bioinformatics/btaf006.,Volkel KD,Bioinformatics,2024,2025-01-08,PMC11755093,,10.1093/bioinformatics/btaf006
39763870,An Expanded Registry of Candidate cis-Regulatory Elements for Studying Transcriptional Regulation,"Moore JE, Pratt HE, Fan K, Phalke N, Fisher J, Elhajjajy SI, Andrews G, Gao M, Shedd N, Fu Y, Lacadie MC, Meza J, Ganna M, Choudhury E, Swofford R, Farrell NP, Pampari A, Ramalingam V, Reese F, Borsari B, Yu M, Wattenberg E, Ruiz-Romero M, Razavi-Mohseni M, Xu J, Galeev T, Beer MA, Guigó R, Gerstein M, Engreitz J, Ljungman M, Reddy TE, Snyder MP, Epstein CB, Gaskell E, Bernstein BE, Dickel DE, Visel A, Pennacchio LA, Mortazavi A, Kundaje A, Weng Z.",bioRxiv [Preprint]. 2024 Dec 26:2024.12.26.629296. doi: 10.1101/2024.12.26.629296.,Moore JE,bioRxiv,2024,2025-01-07,PMC11703161,,10.1101/2024.12.26.629296
39763951,Comparative genomics of the sexually transmitted parasite Trichomonas vaginalis reveals relaxed and convergent evolution and genes involved in spillover from birds to humans,"Sullivan SA, Orosco JC, Callejas-Hernández F, Blow F, Lee H, Ranallo-Benavidez T, Peters A, Raidal S, Girard YA, Johnson CK, Rogers K, Gerhold R, Mangelson H, Liachko I, Srivastava H, Chandler C, Berenberg D, Bonneau RA, Huang PJ, Yeh YM, Lee CC, Liu H, Tang P, Chen TW, Schatz MC, Carlton JM.",bioRxiv [Preprint]. 2024 Dec 23:2024.12.22.629724. doi: 10.1101/2024.12.22.629724.,Sullivan SA,bioRxiv,2024,2025-01-07,PMC11703204,,10.1101/2024.12.22.629724
39700179,Islands of genomic stability in the face of genetically unstable metastatic cancer,"Bowland K, Lai J, Skaist A, Zhang Y, Teh SSK, Roberts NJ, Thompson E, Wheelan SJ, Hruban RH, Karchin R, Bailey MH, Iacobuzio-Donahue CA, Eshleman JR.",PLoS One. 2024 Dec 19;19(12):e0298490. doi: 10.1371/journal.pone.0298490. eCollection 2024.,Bowland K,PLoS One,2024,2024-12-19,PMC11658618,,10.1371/journal.pone.0298490
39764002,Long-read sequencing of hundreds of diverse brains provides insight into the impact of structural variation on gene expression and DNA methylation,"Billingsley KJ, Meredith M, Daida K, Jerez PA, Negi S, Malik L, Genner RM, Moller A, Zheng X, Gibson SB, Mastoras M, Baker B, Kouam C, Paquette K, Jarreau P, Makarious MB, Moore A, Hong S, Vitale D, Shah S, Monlong J, Pantazis CB, Asri M, Shafin K, Carnevali P, Marenco S, Auluck P, Mandal A, Miga KH, Rhie A, Reed X, Ding J, Cookson MR, Nalls M, Singleton A, Miller DE, Chaisson M, Timp W, Gibbs JR, Phillippy AM, Kolmogorov M, Jain M, Sedlazeck FJ, Paten B, Blauwendraat C.",bioRxiv [Preprint]. 2024 Dec 17:2024.12.16.628723. doi: 10.1101/2024.12.16.628723.,Billingsley KJ,bioRxiv,2024,2025-01-07,PMC11702628,,10.1101/2024.12.16.628723
39672162,Regulation of human interferon signaling by transposon exonization,"Pasquesi GIM, Allen H, Ivancevic A, Barbachano-Guerrero A, Joyner O, Guo K, Simpson DM, Gapin K, Horton I, Nguyen LL, Yang Q, Warren CJ, Florea LD, Bitler BG, Santiago ML, Sawyer SL, Chuong EB.",Cell. 2024 Dec 26;187(26):7621-7636.e19. doi: 10.1016/j.cell.2024.11.016. Epub 2024 Dec 12.,Pasquesi GIM,Cell,2024,2024-12-13,PMC11682929,NIHMS2036584,10.1016/j.cell.2024.11.016
38712198,An integrated single-nucleus and spatial transcriptomics atlas reveals the molecular landscape of the human hippocampus,"Thompson JR, Nelson ED, Tippani M, Ramnauth AD, Divecha HR, Miller RA, Eagles NJ, Pattie EA, Kwon SH, Bach SV, Kaipa UM, Yao J, Hou C, Kleinman JE, Collado-Torres L, Han S, Maynard KR, Hyde TM, Martinowich K, Page SC, Hicks SC.",bioRxiv [Preprint]. 2024 Dec 11:2024.04.26.590643. doi: 10.1101/2024.04.26.590643.,Thompson JR,bioRxiv,2024,2024-05-07,PMC11071618,,10.1101/2024.04.26.590643
39677472,Epigenome-wide Association Analysis of Mitochondrial Heteroplasmy Provides Insight into Molecular Mechanisms of Disease,"Lai M, Kim K, Zheng Y, Castellani CA, Ratliff SM, Wang M, Liu X, Haessler J, Huan T, Bielak LF, Zhao W, Joehanes R, Ma J, Guo X, Manson JE, Grove ML, Bressler J, Taylor KD, Lappalainen T, Kasela S, Blackwell TW, Lake NJ, Faul JD, Ferrier KR, Hou L, Kooperberg C, Reiner AP, Zhang K, Peyser PA, Fornage M, Boerwinkle E, Raffield LM, Carson AP, Rich SS, Liu Y, Levy D, Rotter JI, Smith JA, Arking DE, Liu C; NHLBI Trans-Omics for Precision Medicine (TOPMed) Consortium.",medRxiv [Preprint]. 2024 Dec 8:2024.12.05.24318557. doi: 10.1101/2024.12.05.24318557.,Lai M,medRxiv,2024,2024-12-16,PMC11643249,,10.1101/2024.12.05.24318557
39633428,Multimodal genome-wide survey of progressing and non-progressing breast ductal carcinoma in-situ,"Debeljak M, Cho S, Downs BM, Considine M, Avin-McKelvey B, Wang Y, Perez PN, Grizzle WE, Hoadley KA, Lynch CF, Hernandez BY, van Diest PJ, Cozen W, Hamilton AS, Hawes D, Gabrielson E, Cimino-Mathews A, Florea LD, Cope L, Umbricht CB.",Breast Cancer Res. 2024 Dec 4;26(1):178. doi: 10.1186/s13058-024-01927-1.,Debeljak M,Breast Cancer Res,2024,2024-12-05,PMC11616160,,10.1186/s13058-024-01927-1
39627587,Opportunities and challenges of single-cell and spatially resolved genomics methods for neuroscience discovery,"Bonev B, Castelo-Branco G, Chen F, Codeluppi S, Corces MR, Fan J, Heiman M, Harris K, Inoue F, Kellis M, Levine A, Lotfollahi M, Luo C, Maynard KR, Nitzan M, Ramani V, Satijia R, Schirmer L, Shen Y, Sun N, Green GS, Theis F, Wang X, Welch JD, Gokce O, Konopka G, Liddelow S, Macosko E, Ali Bayraktar O, Habib N, Nowakowski TJ.",Nat Neurosci. 2024 Dec;27(12):2292-2309. doi: 10.1038/s41593-024-01806-0. Epub 2024 Dec 3.,Bonev B,Nat Neurosci,2024,2024-12-03,PMC11999325,NIHMS2068313,10.1038/s41593-024-01806-0
39626676,Cell type and dynamic state govern genetic regulation of gene expression in heterogeneous differentiating cultures,"Popp JM, Rhodes K, Jangi R, Li M, Barr K, Tayeb K, Battle A, Gilad Y.",Cell Genom. 2024 Dec 11;4(12):100701. doi: 10.1016/j.xgen.2024.100701. Epub 2024 Dec 2.,Popp JM,Cell Genom,2024,2024-12-03,PMC11701260,,10.1016/j.xgen.2024.100701
39623053,Intratumoral heterogeneity drives acquired therapy resistance in a patient with metastatic prostate cancer,"Rhinehart DP, Lai J, Sanin DE, Vakkala V, Mendes A, Bailey C, Antonarakis ES, Paller CJ, Wu X, Lotan TL, Karchin R, Sena LA.",NPJ Precis Oncol. 2024 Dec 2;8(1):275. doi: 10.1038/s41698-024-00773-w.,Rhinehart DP,NPJ Precis Oncol,2024,2024-12-02,PMC11612198,,10.1038/s41698-024-00773-w
39470352,SpliceMutr Enables Pan-Cancer Analysis of Splicing-Derived Neoantigen Burden in Tumors,"Palmer T, Kessler MD, Shao XM, Balan A, Yarchoan M, Zaidi N, Lopez-Vidal TY, Saeed AM, Gore J, Azad NS, Jaffee EM, Favorov AV, Anagnostou V, Karchin R, Gaykalova DA, Fertig EJ, Danilova L.",Cancer Res Commun. 2024 Dec 1;4(12):3137-3150. doi: 10.1158/2767-9764.CRC-23-0309.,Palmer T,Cancer Res Commun,2024,2024-10-29,PMC11648103,,10.1158/2767-9764.CRC-23-0309
39758981,Movi: A fast and cache-efficient full-text pangenome index,"Zakeri M, Brown NK, Ahmed OY, Gagie T, Langmead B.",iScience. 2024 Nov 27;27(12):111464. doi: 10.1016/j.isci.2024.111464. eCollection 2024 Dec 20.,Zakeri M,iScience,2024,2025-01-06,PMC11696632,,10.1016/j.isci.2024.111464
39651140,Sparse matrix factorization robust to sample sharing across GWAS reveals interpretable genetic components,"Omdahl AR, Weinstock JS, Keener R, Chhetri SB, Arvanitis M, Battle A.",bioRxiv [Preprint]. 2024 Nov 27:2024.11.12.623313. doi: 10.1101/2024.11.12.623313.,Omdahl AR,bioRxiv,2024,2024-12-09,PMC11623536,,10.1101/2024.11.12.623313
39005356,Multi-sample non-negative spatial factorization,"Wang Y, Woyshner K, Sriworarat C, Stein-O'Brien G, Goff LA, Hansen KD.",bioRxiv [Preprint]. 2024 Nov 27:2024.07.01.599554. doi: 10.1101/2024.07.01.599554.,Wang Y,bioRxiv,2024,2024-07-15,PMC11244884,,10.1101/2024.07.01.599554
39578475,Mitochondrial heteroplasmy improves risk prediction for myeloid neoplasms,"Hong YS, Pasca S, Shi W, Puiu D, Lake NJ, Lek M, Ru M, Grove ML, Prizment A, Joshu CE, Platz EA, Guallar E, Arking DE, Gondek LP.",Nat Commun. 2024 Nov 22;15(1):10133. doi: 10.1038/s41467-024-54443-3.,Hong YS,Nat Commun,2024,2024-11-23,PMC11584845,,10.1038/s41467-024-54443-3
39578428,The de novo design and synthesis of yeast chromosome XIII facilitates investigations on aging,"Zhou C, Wang Y, Huang Y, An Y, Fu X, Yang D, Wang Y, Zhang J, Mitchell LA, Bader JS, Cai Y, Dai J, Boeke JD, Cai Z, Xie Z, Shen Y, Huang W.",Nat Commun. 2024 Nov 22;15(1):10139. doi: 10.1038/s41467-024-54130-3.,Zhou C,Nat Commun,2024,2024-11-23,PMC11584788,,10.1038/s41467-024-54130-3
39572755,A data-driven framework for identifying patient subgroups on which an AI/machine learning model may underperform,"Subbaswamy A, Sahiner B, Petrick N, Pai V, Adams R, Diamond MC, Saria S.",NPJ Digit Med. 2024 Nov 21;7(1):334. doi: 10.1038/s41746-024-01275-6.,Subbaswamy A,NPJ Digit Med,2024,2024-11-21,PMC11582698,,10.1038/s41746-024-01275-6
40539095,Workflow for systematic design of electrochemical in operando NMR cells by matching B (0) and B (1) field simulations with experiments,"Schatz M, Streun M, Jovanovic S, Eichel RA, Granwehr J.",Magn Reson (Gott). 2024 Nov 20;5(2):167-180. doi: 10.5194/mr-5-167-2024. eCollection 2024.,Schatz M,Magn Reson (Gott),2024,2025-06-20,PMC12178131,,10.5194/mr-5-167-2024
39565752,Upstream open reading frames may contain hundreds of novel human exons,"Ji HJ, Salzberg SL.",PLoS Comput Biol. 2024 Nov 20;20(11):e1012543. doi: 10.1371/journal.pcbi.1012543. eCollection 2024 Nov.,Ji HJ,PLoS Comput Biol,2024,2024-11-20,PMC11578521,,10.1371/journal.pcbi.1012543
39505490,Gapless assembly of complete human and plant chromosomes using only nanopore sequencing,"Koren S, Bao Z, Guarracino A, Ou S, Goodwin S, Jenike KM, Lucas J, McNulty B, Park J, Rautiainen M, Rhie A, Roelofs D, Schneiders H, Vrijenhoek I, Nijbroek K, Nordesjo O, Nurk S, Vella M, Lawrence KR, Ware D, Schatz MC, Garrison E, Huang S, McCombie WR, Miga KH, Wittenberg AHJ, Phillippy AM.",Genome Res. 2024 Nov 20;34(11):1919-1930. doi: 10.1101/gr.279334.124.,Koren S,Genome Res,2024,2024-11-06,PMC11610574,,10.1101/gr.279334.124
39358015,High-coverage nanopore sequencing of samples from the 1000 Genomes Project to build a comprehensive catalog of human genetic variation,"Gustafson JA, Gibson SB, Damaraju N, Zalusky MPG, Hoekzema K, Twesigomwe D, Yang L, Snead AA, Richmond PA, De Coster W, Olson ND, Guarracino A, Li Q, Miller AL, Goffena J, Anderson ZB, Storz SHR, Ward SA, Sinha M, Gonzaga-Jauregui C, Clarke WE, Basile AO, Corvelo A, Reeves C, Helland A, Musunuri RL, Revsine M, Patterson KE, Paschal CR, Zakarian C, Goodwin S, Jensen TD, Robb E; 1000 Genomes ONT Sequencing Consortium; University of Washington Center for Rare Disease Research (UW-CRDR); Genomics Research to Elucidate the Genetics of Rare Diseases (GREGoR) Consortium; McCombie WR, Sedlazeck FJ, Zook JM, Montgomery SB, Garrison E, Kolmogorov M, Schatz MC, McLaughlin RN Jr, Dashnow H, Zody MC, Loose M, Jain M, Eichler EE, Miller DE.",Genome Res. 2024 Nov 20;34(11):2061-2073. doi: 10.1101/gr.279273.124.,Gustafson JA,Genome Res,2024,2024-10-02,PMC11610458,,10.1101/gr.279273.124
39561198,Genomic variability in Zika virus in GBS cases in Colombia,"Rivera-Franco N, López-Alvarez D, Castillo A, Aristizabal E, Puiu D, Salzberg SL, Pardo CA, Parra B; NEAS.",PLoS One. 2024 Nov 19;19(11):e0313545. doi: 10.1371/journal.pone.0313545. eCollection 2024.,Rivera-Franco N,PLoS One,2024,2024-11-19,PMC11575819,,10.1371/journal.pone.0313545
39533057,LARP1 binds ribosomes and TOP mRNAs in repressed complexes,"Saba JA, Huang Z, Schole KL, Ye X, Bhatt SD, Li Y, Timp W, Cheng J, Green R.",EMBO J. 2024 Dec;43(24):6555-6572. doi: 10.1038/s44318-024-00294-z. Epub 2024 Nov 12.,Saba JA,EMBO J,2024,2024-11-12,PMC11649897,,10.1038/s44318-024-00294-z
39574747,Addressing the mean-variance relationship in spatially resolved transcriptomics data with spoon,"Shah K, Guo B, Hicks SC.",bioRxiv [Preprint]. 2024 Nov 8:2024.11.04.621867. doi: 10.1101/2024.11.04.621867.,Shah K,bioRxiv,2024,2024-11-22,PMC11580860,,10.1101/2024.11.04.621867
39554056,Improved pangenomic classification accuracy with chain statistics,"Brown NK, Shivakumar VS, Langmead B.",bioRxiv [Preprint]. 2024 Nov 2:2024.10.29.620953. doi: 10.1101/2024.10.29.620953.,Brown NK,bioRxiv,2024,2024-11-18,PMC11565826,,10.1101/2024.10.29.620953
39584844,"Multidisciplinary Approach in Rare, Fulminant-Progressing, and Life-Threatening Facial Necrotizing Fasciitis","Pertea M, Luca S, Tatar R, Huzum B, Ciofu M, Poroch V, Palade DO, Vrinceanu D, Balan M, Grosu OM.",Infect Dis Rep. 2024 Nov 1;16(6):1045-1054. doi: 10.3390/idr16060084.,Pertea M,Infect Dis Rep,2024,2024-11-25,PMC11587011,,10.3390/idr16060084
39560483,Care to Explain? AI Explanation Types Differentially Impact Chest Radiograph Diagnostic Performance and Physician Trust in AI,"Prinster D, Mahmood A, Saria S, Jeudy J, Lin CT, Yi PH, Huang CM.",Radiology. 2024 Nov;313(2):e233261. doi: 10.1148/radiol.233261.,Prinster D,Radiology,2024,2024-11-19,PMC11605106,,10.1148/radiol.233261
38829053,Clinical Validation of a Cell-Free DNA Fragmentome Assay for Augmentation of Lung Cancer Early Detection,"Mazzone PJ, Bach PB, Carey J, Schonewolf CA, Bognar K, Ahluwalia MS, Cruz-Correa M, Gierada D, Kotagiri S, Lloyd K, Maldonado F, Ortendahl JD, Sequist LV, Silvestri GA, Tanner N, Thompson JC, Vachani A, Wong KK, Zaidi AH, Catallini J, Gershman A, Lumbard K, Millberg LK, Nawrocki J, Portwood C, Rangnekar A, Sheridan CC, Trivedi N, Wu T, Zong Y, Cotton L, Ryan A, Cisar C, Leal A, Dracopoli N, Scharpf RB, Velculescu VE, Pike LRG.",Cancer Discov. 2024 Nov 1;14(11):2224-2242. doi: 10.1158/2159-8290.CD-24-0519.,Mazzone PJ,Cancer Discov,2024,2024-06-03,PMC11528203,,10.1158/2159-8290.CD-24-0519
39595862,Efficacy of Back Bracing in Treating Chronic Low Back Pain,"Vick JS, Zimmerman J, Hicks S, Biekert A, Abd-Elsayed A.",Brain Sci. 2024 Oct 30;14(11):1100. doi: 10.3390/brainsci14111100.,Vick JS,Brain Sci,2024,2024-11-27,PMC11591956,,10.3390/brainsci14111100
39554147,DNA methylation stochasticity is linked to transcriptional variability and identifies convergent epigenetic disruption across genetically-defined subtypes of AML,"Hilgart E, Zhou W, Martinez-Montes E, Idrizi A, Tryggvadottir R, Gondek LP, Majeti R, Ji H, Koldobskiy MA, Feinberg AP.",bioRxiv [Preprint]. 2024 Oct 29:2024.10.26.620422. doi: 10.1101/2024.10.26.620422.,Hilgart E,bioRxiv,2024,2024-11-18,PMC11565875,,10.1101/2024.10.26.620422
39553977,DNA methylation memory of pancreatic acinar-ductal metaplasia transition state altering Kras-downstream PI3K and Rho GTPase signaling in the absence of Kras mutation,"Lo EKW, Idrizi A, Tryggvadottir R, Zhou W, Hou W, Ji H, Cahan P, Feinberg AP.",bioRxiv [Preprint]. 2024 Oct 29:2024.10.26.620414. doi: 10.1101/2024.10.26.620414.,Lo EKW,bioRxiv,2024,2024-11-18,PMC11565792,,10.1101/2024.10.26.620414
39327029,Evolutionary dynamics of polyadenylation signals and their recognition strategies in protists,"Sajek MP, Bilodeau DY, Beer MA, Horton E, Miyamoto Y, Velle KB, Eckmann L, Fritz-Laylin L, Rissland OS, Mukherjee N.",Genome Res. 2024 Oct 29;34(10):1570-1581. doi: 10.1101/gr.279526.124.,Sajek MP,Genome Res,2024,2024-09-26,PMC11529991,,10.1101/gr.279526.124
39502785,Incomplete human reference genomes can drive false sex biases and expose patient-identifying information in metagenomic data,"Guccione C, Patel L, Tomofuji Y, McDonald D, Gonzalez A, Sepich-Poore GD, Sonehara K, Zakeri M, Chen Y, Dilmore AH, Damle N, Baranzini SE, Nakatsuji T, Gallo RL, Langmead B, Okada Y, Curtius K, Knight R.",Res Sq [Preprint]. 2024 Oct 23:rs.3.rs-4721159. doi: 10.21203/rs.3.rs-4721159/v1.,Guccione C,Res Sq,2024,2024-11-06,PMC11537348,,10.21203/rs.3.rs-4721159/v1
39669685,AnVILWorkflow: A runnable workflow package for Cloud-implemented bioinformatics analysis pipelines,"Oh S, Gravel-Pucillo K, Ramos M, Schatz MC, Davis S, Carey V, Morgan M, Waldron L.",F1000Res. 2024 Oct 21;13:1257. doi: 10.12688/f1000research.155449.1. eCollection 2024.,Oh S,F1000Res,2024,2024-12-13,PMC11635187,,10.12688/f1000research.155449.1
39433569,Cancer treatment monitoring using cell-free DNA fragmentomes,"van 't Erve I, Alipanahi B, Lumbard K, Skidmore ZL, Rinaldi L, Millberg LK, Carey J, Chesnick B, Cristiano S, Portwood C, Wu T, Peters E, Bolhuis K, Punt CJA, Tom J, Bach PB, Dracopoli NC, Meijer GA, Scharpf RB, Velculescu VE, Fijneman RJA, Leal A.",Nat Commun. 2024 Oct 21;15(1):8801. doi: 10.1038/s41467-024-53017-7.,van 't Erve I,Nat Commun,2024,2024-10-21,PMC11493959,,10.1038/s41467-024-53017-7
39463931,Transcriptomic diversity of amygdalar subdivisions across humans and nonhuman primates,"Totty MS, Juanes RC, Bach SV, Ameur LB, Valentine MR, Simons E, Romac M, Trinh H, Henderson K, Del Rosario I, Tippani M, Miller RA, Kleinman JE, Page SC, Saunders A, Hyde TM, Martinowich K, Hicks SC, Costa VD.",bioRxiv [Preprint]. 2024 Oct 18:2024.10.18.618721. doi: 10.1101/2024.10.18.618721.,Totty MS,bioRxiv,2024,2024-10-28,PMC11507838,,10.1101/2024.10.18.618721
39419994,Parallel genome-scale CRISPR-Cas9 screens uncouple human pluripotent stem cell identity versus fitness,"Rosen BP, Li QV, Cho HS, Liu D, Yang D, Graff S, Yan J, Luo R, Verma N, Damodaran JR, Kale HT, Kaplan SJ, Beer MA, Sidoli S, Huangfu D.",Nat Commun. 2024 Oct 17;15(1):8966. doi: 10.1038/s41467-024-53284-4.,Rosen BP,Nat Commun,2024,2024-10-17,PMC11487130,,10.1038/s41467-024-53284-4
39415008,Quantifying constraint in the human mitochondrial genome,"Lake NJ, Ma K, Liu W, Battle SL, Laricchia KM, Tiao G, Puiu D, Ng KK, Cohen J, Compton AG, Cowie S, Christodoulou J, Thorburn DR, Zhao H, Arking DE, Sunyaev SR, Lek M.",Nature. 2024 Nov;635(8038):390-397. doi: 10.1038/s41586-024-08048-x. Epub 2024 Oct 16.,Lake NJ,Nature,2024,2024-10-16,PMC11646341,NIHMS2036545,10.1038/s41586-024-08048-x
39400760,Transcriptomic dynamics of ABA response in Brassica napus guard cells,"Villiers F, Suhail Y, Lee J, Hauser F, Hwang J, Bader JS, McKay JK, Peck SC, Schroeder JI, Kwak JM.",Stress Biol. 2024 Oct 14;4(1):43. doi: 10.1007/s44154-024-00169-7.,Villiers F,Stress Biol,2024,2024-10-14,PMC11473748,,10.1007/s44154-024-00169-7
39395408,Gene regulatory network inference from CRISPR perturbations in primary CD4(+) T cells elucidates the genomic basis of immune disease,"Weinstock JS, Arce MM, Freimer JW, Ota M, Marson A, Battle A, Pritchard JK.",Cell Genom. 2024 Nov 13;4(11):100671. doi: 10.1016/j.xgen.2024.100671. Epub 2024 Oct 11.,Weinstock JS,Cell Genom,2024,2024-10-12,PMC11605694,,10.1016/j.xgen.2024.100671
39131277,Complete sequencing of ape genomes,"Yoo D, Rhie A, Hebbar P, Antonacci F, Logsdon GA, Solar SJ, Antipov D, Pickett BD, Safonova Y, Montinaro F, Luo Y, Malukiewicz J, Storer JM, Lin J, Sequeira AN, Mangan RJ, Hickey G, Anez GM, Balachandran P, Bankevich A, Beck CR, Biddanda A, Borchers M, Bouffard GG, Brannan E, Brooks SY, Carbone L, Carrel L, Chan AP, Crawford J, Diekhans M, Engelbrecht E, Feschotte C, Formenti G, Garcia GH, de Gennaro L, Gilbert D, Green RE, Guarracino A, Gupta I, Haddad D, Han J, Harris RS, Hartley GA, Harvey WT, Hiller M, Hoekzema K, Houck ML, Jeong H, Kamali K, Kellis M, Kille B, Lee C, Lee Y, Lees W, Lewis AP, Li Q, Loftus M, Loh YHE, Loucks H, Ma J, Mao Y, Martinez JFI, Masterson P, McCoy RC, McGrath B, McKinney S, Meyer BS, Miga KH, Mohanty SK, Munson KM, Pal K, Pennell M, Pevzner PA, Porubsky D, Potapova T, Ringeling FR, Roha JL, Ryder OA, Sacco S, Saha S, Sasaki T, Schatz MC, Schork NJ, Shanks C, Smeds L, Son DR, Steiner C, Sweeten AP, Tassia MG, Thibaud-Nissen F, Torres-González E, Trivedi M, Wei W, Wertz J, Yang M, Zhang P, Zhang S, Zhang Y, Zhang Z, et al.",bioRxiv [Preprint]. 2024 Oct 5:2024.07.31.605654. doi: 10.1101/2024.07.31.605654.,Yoo D,bioRxiv,2024,2024-08-12,PMC11312596,,10.1101/2024.07.31.605654
41867258,MicroRNAs provide negative feedback and stability in gene regulatory network models of cell-state transitions,"Razavi-Mohseni M, Beer MA.",Front Epigenet Epigenom. 2024;2:10.3389/freae.2024.1473789. doi: 10.3389/freae.2024.1473789. Epub 2024 Oct 1.,Razavi-Mohseni M,Front Epigenet Epigenom,2024,2026-03-23,PMC13004118,NIHMS2153018,10.3389/freae.2024.1473789
39360993,BEATRICE: Bayesian fine-mapping from summary data using deep variational inference,"Ghosal S, Schatz MC, Venkataraman A.",Bioinformatics. 2024 Oct 1;40(10):btae590. doi: 10.1093/bioinformatics/btae590.,Ghosal S,Bioinformatics,2024,2024-10-03,PMC11496888,,10.1093/bioinformatics/btae590
37577640,A systematic comparison of computational methods for expression forecasting,"Kernfeld E, Yang Y, Weinstock J, Battle A, Cahan P.",bioRxiv [Preprint]. 2024 Oct 1:2023.07.28.551039. doi: 10.1101/2023.07.28.551039.,Kernfeld E,bioRxiv,2024,2023-08-14,PMC10418073,,10.1101/2023.07.28.551039
39364073,Dynamical responses predict a distal site that modulates activity in an antibiotic resistance enzyme,"Beer M, Oliveira ASF, Tooke CL, Hinchliffe P, Tsz Yan Li A, Balega B, Spencer J, Mulholland AJ.",Chem Sci. 2024 Sep 30;15(41):17232-44. doi: 10.1039/d4sc03295k. Online ahead of print.,Beer M,Chem Sci,2024,2024-10-04,PMC11443494,,10.1039/d4sc03295k
39386647,HuBMAPR: an R Client for the HuBMAP Data Portal,"Hou C, Ghazanfar S, Marini F, Morgan M, Hicks SC.",bioRxiv [Preprint]. 2024 Sep 27:2024.09.26.615227. doi: 10.1101/2024.09.26.615227.,Hou C,bioRxiv,2024,2024-10-10,PMC11463621,,10.1101/2024.09.26.615227
40241937,Open Case Studies: Statistics and Data Science Education through Real-World Applications,"Wright C, Meng Q, Breshock MR, Atta L, Taub MA, Jager LR, Muschelli J, Hicks SC.",J Stat Data Sci Educ. 2024;32(4):331-344. doi: 10.1080/26939169.2024.2394541. Epub 2024 Sep 24.,Wright C,J Stat Data Sci Educ,2024,2025-04-17,PMC12002412,NIHMS2019254,10.1080/26939169.2024.2394541
38712125,Transcriptomic characterization of human lateral septum neurons reveals conserved and divergent marker genes across species,"Phillips RA 3rd, Oh S, Bach SV, Du Y, Miller RA, Kleinman JE, Hyde TM, Hicks SC, Page SC, Martinowich K.",bioRxiv [Preprint]. 2024 Sep 22:2024.04.22.590602. doi: 10.1101/2024.04.22.590602.,Phillips RA 3rd,bioRxiv,2024,2024-05-07,PMC11071425,,10.1101/2024.04.22.590602
39251347,Differences in activity and stability drive transposable element variation in tropical and temperate maize,"Ou S, Scheben A, Collins T, Qiu Y, Seetharam AS, Menard CC, Manchanda N, Gent JI, Schatz MC, Anderson SN, Hufford MB, Hirsch CN.",Genome Res. 2024 Sep 20;34(8):1140-1153. doi: 10.1101/gr.278131.123.,Ou S,Genome Res,2024,2024-09-09,PMC11444183,,10.1101/gr.278131.123
39298515,"Metagenomic next generation sequencing of plasma RNA for diagnosis of unexplained, acute febrile illness in Uganda","Kandathil AJ, Blair PW, Lu J, Anantharam R, Kobba K, Robinson ML, Alharthi S, Ndawula EC, Dumler JS, Kakooza F, Lamorde M, Thomas DL, Salzberg SL, Manabe YC.",PLoS Negl Trop Dis. 2024 Sep 19;18(9):e0012451. doi: 10.1371/journal.pntd.0012451. eCollection 2024 Sep.,Kandathil AJ,PLoS Negl Trop Dis,2024,2024-09-19,PMC11460704,,10.1371/journal.pntd.0012451
39285451,Splam: a deep-learning-based splice site predictor that improves spliced alignments,"Chao KH, Mao A, Salzberg SL, Pertea M.",Genome Biol. 2024 Sep 16;25(1):243. doi: 10.1186/s13059-024-03379-4.,Chao KH,Genome Biol,2024,2024-09-16,PMC11406845,,10.1186/s13059-024-03379-4
39314450,Characterizing cell-type spatial relationships across length scales in spatially resolved omics data,"Dos Santos Peixoto R, Miller BF, Brusko MA, Aihara G, Atta L, Anant M, Atkinson MA, Brusko TM, Wasserfall CH, Fan J.",bioRxiv [Preprint]. 2024 Sep 14:2023.10.05.560733. doi: 10.1101/2023.10.05.560733.,Dos Santos Peixoto R,bioRxiv,2024,2024-09-24,PMC11418938,,10.1101/2023.10.05.560733
36993396,BEATRICE: Bayesian Fine-mapping from Summary Data using Deep Variational Inference,"Ghosal S, Schatz MC, Venkataraman A.",bioRxiv [Preprint]. 2024 Sep 8:2023.03.24.534116. doi: 10.1101/2023.03.24.534116.,Ghosal S,bioRxiv,2024,2023-03-30,PMC10055416,,10.1101/2023.03.24.534116
39245194,Association analysis of mitochondrial DNA heteroplasmic variants: Methods and application,"Sun X, Bulekova K, Yang J, Lai M, Pitsillides AN, Liu X, Zhang Y, Guo X, Yong Q, Raffield LM, Rotter JI, Rich SS, Abecasis G, Carson AP, Vasan RS, Bis JC, Psaty BM, Boerwinkle E, Fitzpatrick AL, Satizabal CL, Arking DE, Ding J, Levy D; TOPMed mtDNA working group; Liu C.",Mitochondrion. 2024 Nov;79:101954. doi: 10.1016/j.mito.2024.101954. Epub 2024 Sep 7.,Sun X,Mitochondrion,2024,2024-09-08,PMC11568909,NIHMS2024714,10.1016/j.mito.2024.101954
39243764,Sex-dependent effects in the aged melanoma tumor microenvironment influence invasion and resistance to targeted therapy,"Chhabra Y, Fane ME, Pramod S, Hüser L, Zabransky DJ, Wang V, Dixit A, Zhao R, Kumah E, Brezka ML, Truskowski K, Nandi A, Marino-Bravante GE, Carey AE, Gour N, Maranto DA, Rocha MR, Harper EI, Ruiz J, Lipson EJ, Jaffee EM, Bibee K, Sunshine JC, Ji H, Weeraratna AT.",Cell. 2024 Oct 17;187(21):6016-6034.e25. doi: 10.1016/j.cell.2024.08.013. Epub 2024 Sep 6.,Chhabra Y,Cell,2024,2024-09-07,PMC11580838,NIHMS2023073,10.1016/j.cell.2024.08.013
39282458,Genotype inference from aggregated chromatin accessibility data reveals genetic regulatory mechanisms,"Wenz BM, He Y, Chen NC, Pickrell JK, Li JH, Dudek MF, Li T, Keener R, Voight BF, Brown CD, Battle A.",bioRxiv [Preprint]. 2024 Sep 5:2024.09.04.610850. doi: 10.1101/2024.09.04.610850.,Wenz BM,bioRxiv,2024,2024-09-16,PMC11398312,,10.1101/2024.09.04.610850
39234668,Circulating Blood Plasma Profiling Reveals Proteomic Signature and a Causal Role for SVEP1 in Sudden Cardiac Death,"Duong T, Austin TR, Brody JA, Shojaie A, Battle A, Bader JS, Hong YS, Ballantyne CM, Coresh J, Gerszten RE, Tracy RP, Psaty BM, Sotoodehnia N, Arking DE.",Circ Genom Precis Med. 2024 Oct;17(5):e004494. doi: 10.1161/CIRCGEN.123.004494. Epub 2024 Sep 5.,Duong T,Circ Genom Precis Med,2024,2024-09-05,PMC11479847,NIHMS2019979,10.1161/CIRCGEN.123.004494
39231890,"Pharmacokinetics, Mass Balance, and Biotransformation of [(14)C]tinengotinib, A Novel Multi-target Kinase Inhibitor, in Healthy Subjects","Ni S, Ma S, Yu Y, Yu Z, Zhu Y, Sun X, Li L, Sun C, Wang H, Peng P, Gu Z, Zhang H, Wu F, Miao L, Fan J.",Drugs R D. 2024 Sep;24(3):465-476. doi: 10.1007/s40268-024-00486-2. Epub 2024 Sep 5.,Ni S,Drugs R D,2024,2024-09-04,PMC11455736,,10.1007/s40268-024-00486-2
39047065,"Transposon-sequencing (Tn-seq) of the Candida glabrata reference strain CBS138 reveals epigenetic plasticity, structural variation, and intrinsic mechanisms of resistance to micafungin","Nickels TJ, Gale AN, Harrington AA, Timp W, Cunningham KW.",G3 (Bethesda). 2024 Sep 4;14(9):jkae173. doi: 10.1093/g3journal/jkae173.,Nickels TJ,G3 (Bethesda),2024,2024-07-24,PMC11373651,,10.1093/g3journal/jkae173
39001657,Enhancing Care for Older Adults and Dementia Patients With Large Language Models: Proceedings of the National Institute on Aging-Artificial Intelligence & Technology Collaboratory for Aging Research Symposium,"Abadir PM, Battle A, Walston JD, Chellappa R.",J Gerontol A Biol Sci Med Sci. 2024 Sep 1;79(9):glae176. doi: 10.1093/gerona/glae176.,Abadir PM,J Gerontol A Biol Sci Med Sci,2024,2024-07-13,PMC11341983,,10.1093/gerona/glae176
37205540,Parallel genome-scale CRISPR-Cas9 screens uncouple human pluripotent stem cell identity versus fitness,"Rosen BP, Li QV, Cho HS, Liu D, Yang D, Graff S, Yan J, Luo R, Verma N, Damodaran JR, Kale HT, Kaplan SJ, Beer MA, Sidoli S, Huangfu D.",bioRxiv [Preprint]. 2024 Sep 1:2023.05.03.539283. doi: 10.1101/2023.05.03.539283.,Rosen BP,bioRxiv,2024,2023-05-19,PMC10187244,,10.1101/2023.05.03.539283
39206732,Genome-Wide Interaction Analyses of Serum Calcium on Ventricular Repolarization Time in 125 393 Participants,"Young WJ, van der Most PJ, Bartz TM, Bos MM, Biino G, Duong T, Foco L, Lominchar JT, Müller-Nurasyid M, Nardone GG, Pecori A, Ramirez J, Repetto L, Schramm K, Shen X, van Duijvenboden S, van Heemst D, Weiss S, Yao J, Benjamins JW, Alonso A, Spedicati B, Biggs ML, Brody JA, Dörr M, Fuchsberger C, Gögele M, Guo X, Ikram MA, Jukema JW, Kääb S, Kanters JK; Lifelines Cohort Study; Lin HJ, Linneberg A, Nauck M, Nolte IM, Pianigiani G, Santin A, Soliman EZ, Tesolin P, Vaccargiu S, Waldenberger M, van der Harst P, Verweij N, Arking DE, Concas MP, De Grandi A, Girotto G, Grarup N, Kavousi M, Mook-Kanamori DO, Navarro P, Orini M, Padmanabhan S, Pattaro C, Peters A, Pirastu M, Pramstaller PP, Heckbert SR, Sinner M, Snieder H, Völker U, Wilson JF, Gauderman WJ, Lambiase PD, Sotoodehnia N, Tinker A, Warren HR, Noordam R, Munroe PB.",J Am Heart Assoc. 2024 Sep 3;13(17):e034760. doi: 10.1161/JAHA.123.034760. Epub 2024 Aug 29.,Young WJ,J Am Heart Assoc,2024,2024-08-29,PMC11646519,,10.1161/JAHA.123.034760
39193062,Suppurative Cervicomediastinitis From the Perspective of the Head and Neck Surgeon in a Tertiary Treatment Unit,"Vrinceanu D, Dumitru M, Banica B, Patrascu OM, Pertea M, Radulescu M, Marinescu A.",Cureus. 2024 Aug 27;16(8):e67912. doi: 10.7759/cureus.67912. eCollection 2024 Aug.,Vrinceanu D,Cureus,2024,2024-08-28,PMC11348871,,10.7759/cureus.67912
39228737,The Genetic Determinants and Genomic Consequences of Non-Leukemogenic Somatic Point Mutations,"Weinstock JS, Chaudhry SA, Ioannou M, Viskadourou M, Reventun P, Jakubek YA, Liggett LA, Laurie C, Broome JG, Khan A, Taylor KD, Guo X, Peyser PA, Boerwinkle E, Chami N, Kenny EE, Loos RJ, Psaty BM, Russell TP, Brody JA, Yun JH, Cho MH, Vasan RS, Kardia SL, Smith JA, Raffield LM, Bidulescu A, O'Brien E, de Andrade M, Rotter JI, Rich SS, Tracy RP, Chen YI, Gu CC, Hsiung CA, Kooperberg C, Haring B, Nassir R, Mathias R, Reiner A, Sankaran V, Lowenstein CJ, Blackwell TW, Abecasis GR, Smith AV, Kang HM, Natarajan P, Jaiswal S, Bick A, Post WS, Scheet P, Auer P, Karantanos T, Battle A, Arvanitis M.",medRxiv [Preprint]. 2024 Aug 26:2024.08.22.24312319. doi: 10.1101/2024.08.22.24312319.,Weinstock JS,medRxiv,2024,2024-09-04,PMC11370504,,10.1101/2024.08.22.24312319
39229182,Transcriptional dynamics of sleep deprivation and subsequent recovery sleep in the male mouse cortex,"Popescu A, Ottaway C, Ford K, Patterson TW, Ingiosi A, Medina E, Hicks SC, Singletary K, Peixoto L.",bioRxiv [Preprint]. 2024 Aug 21:2024.08.20.607983. doi: 10.1101/2024.08.20.607983.,Popescu A,bioRxiv,2024,2024-09-04,PMC11370348,,10.1101/2024.08.20.607983
39173585,Transcriptome data are insufficient to control false discoveries in regulatory network inference,"Kernfeld E, Keener R, Cahan P, Battle A.",Cell Syst. 2024 Aug 21;15(8):709-724.e13. doi: 10.1016/j.cels.2024.07.006.,Kernfeld E,Cell Syst,2024,2024-08-22,PMC11642480,NIHMS2018891,10.1016/j.cels.2024.07.006
38951027,Interspecies regulatory landscapes and elements revealed by novel joint systematic integration of human and mouse blood cell epigenomes,"Xiang G, He X, Giardine BM, Isaac KJ, Taylor DJ, McCoy RC, Jansen C, Keller CA, Wixom AQ, Cockburn A, Miller A, Qi Q, He Y, Li Y, Lichtenberg J, Heuston EF, Anderson SM, Luan J, Vermunt MW, Yue F, Sauria MEG, Schatz MC, Taylor J, Göttgens B, Hughes JR, Higgs DR, Weiss MJ, Cheng Y, Blobel GA, Bodine DM, Zhang Y, Li Q, Mahony S, Hardison RC.",Genome Res. 2024 Aug 20;34(7):1089-1105. doi: 10.1101/gr.277950.123.,Xiang G,Genome Res,2024,2024-07-01,PMC11368181,,10.1101/gr.277950.123
39071384,Comprehensive analysis of microbial content in whole-genome sequencing samples from The Cancer Genome Atlas project,"Ge Y, Lu J, Puiu D, Revsine M, Salzberg SL.",bioRxiv [Preprint]. 2024 Aug 19:2024.05.24.595788. doi: 10.1101/2024.05.24.595788.,Ge Y,bioRxiv,2024,2024-07-29,PMC11275966,,10.1101/2024.05.24.595788
39280614,A global transcriptional atlas of the effect of acute sleep deprivation in the mouse frontal cortex,"Ford K, Zuin E, Righelli D, Medina E, Schoch H, Singletary K, Muheim C, Frank MG, Hicks SC, Risso D, Peixoto L.",iScience. 2024 Aug 17;27(9):110752. doi: 10.1016/j.isci.2024.110752. eCollection 2024 Sep 20.,Ford K,iScience,2024,2024-09-16,PMC11402219,,10.1016/j.isci.2024.110752
39185147,Enhancing transcriptome expression quantification through accurate assignment of long RNA sequencing reads with TranSigner,"Ji HJ, Pertea M.",bioRxiv [Preprint]. 2024 Aug 17:2024.04.13.589356. doi: 10.1101/2024.04.13.589356.,Ji HJ,bioRxiv,2024,2024-08-26,PMC11343119,,10.1101/2024.04.13.589356
38299308,Emergency Myelopoiesis Distinguishes Multisystem Inflammatory Syndrome in Children From Pediatric Severe Coronavirus Disease 2019,"Roznik K, Andargie TE, Johnston TS, Gordon O, Wang Y, Akindele NP, Persaud D, Antar AAR, Manabe YC, Zhou W, Ji H, Agbor-Enoh S, Karaba AH, Thompson EA, Cox AL.",J Infect Dis. 2024 Aug 16;230(2):e305-e317. doi: 10.1093/infdis/jiae032.,Roznik K,J Infect Dis,2024,2024-02-01,PMC11326850,,10.1093/infdis/jiae032
39143063,Genome-wide large-scale multi-trait analysis characterizes global patterns of pleiotropy and unique trait-specific variants,"Qi G, Chhetri SB, Ray D, Dutta D, Battle A, Bhattacharjee S, Chatterjee N.",Nat Commun. 2024 Aug 14;15(1):6985. doi: 10.1038/s41467-024-51075-5.,Qi G,Nat Commun,2024,2024-08-14,PMC11324957,,10.1038/s41467-024-51075-5
38826261,Human BioMolecular Atlas Program (HuBMAP): 3D Human Reference Atlas Construction and Usage,"Börner K, Blood PD, Silverstein JC, Ruffalo M, Satija R, Teichmann SA, Pryhuber G, Misra RS, Purkerson J, Fan J, Hickey JW, Molla G, Xu C, Zhang Y, Weber G, Jain Y, Qaurooni D, Kong Y; HRA Team; Bueckle A, Herr BW 2nd.",bioRxiv [Preprint]. 2024 Aug 14:2024.03.27.587041. doi: 10.1101/2024.03.27.587041.,Börner K,bioRxiv,2024,2024-06-03,PMC11142047,,10.1101/2024.03.27.587041
39147276,Neighborhood Deprivation and Crime on Asthma Exacerbations and Utilization in Mild Adult Asthma,"Xu S, Puttock EJ, Zeiger RS, Vollmer WM, Schatz M, Crawford WW, Xie F, Chen W.",J Allergy Clin Immunol Pract. 2024 Nov;12(11):2966-2974.e11. doi: 10.1016/j.jaip.2024.08.014. Epub 2024 Aug 13.,Xu S,J Allergy Clin Immunol Pract,2024,2024-08-15,PMC11560689,NIHMS2017927,10.1016/j.jaip.2024.08.014
39127549,Computational methods for allele-specific expression in single cells,"Qi G, Battle A.",Trends Genet. 2024 Nov;40(11):939-949. doi: 10.1016/j.tig.2024.07.003. Epub 2024 Aug 10.,Qi G,Trends Genet,2024,2024-08-10,PMC11537817,NIHMS2011184,10.1016/j.tig.2024.07.003
38900914,Novel metagenomics analysis of stony coral tissue loss disease,"Heinz JM, Lu J, Huebner LK, Salzberg SL, Sommer M, Rosales SM.",G3 (Bethesda). 2024 Aug 7;14(8):jkae137. doi: 10.1093/g3journal/jkae137.,Heinz JM,G3 (Bethesda),2024,2024-06-20,PMC11304949,,10.1093/g3journal/jkae137
39107309,DNA methylation and gene expression as determinants of genome-wide cell-free DNA fragmentation,"Noë M, Mathios D, Annapragada AV, Koul S, Foda ZH, Medina JE, Cristiano S, Cherry C, Bruhm DC, Niknafs N, Adleff V, Ferreira L, Easwaran H, Baylin S, Phallen J, Scharpf RB, Velculescu VE.",Nat Commun. 2024 Aug 6;15(1):6690. doi: 10.1038/s41467-024-50850-8.,Noë M,Nat Commun,2024,2024-08-06,PMC11303779,,10.1038/s41467-024-50850-8
38663087,Beyond the Human Genome Project: The Age of Complete Human Genome Sequences and Pangenome References,"Taylor DJ, Eizenga JM, Li Q, Das A, Jenike KM, Kenny EE, Miga KH, Monlong J, McCoy RC, Paten B, Schatz MC.",Annu Rev Genomics Hum Genet. 2024 Aug;25(1):77-104. doi: 10.1146/annurev-genom-021623-081639. Epub 2024 Aug 6.,Taylor DJ,Annu Rev Genomics Hum Genet,2024,2024-04-25,PMC11451085,NIHMS2026386,10.1146/annurev-genom-021623-081639
39110522,ModDotPlot-rapid and interactive visualization of tandem repeats,"Sweeten AP, Schatz MC, Phillippy AM.",Bioinformatics. 2024 Aug 2;40(8):btae493. doi: 10.1093/bioinformatics/btae493.,Sweeten AP,Bioinformatics,2024,2024-08-07,PMC11321072,,10.1093/bioinformatics/btae493
39088611,Convergent evolution of plant prickles by repeated gene co-option over deep time,"Satterlee JW, Alonso D, Gramazio P, Jenike KM, He J, Arrones A, Villanueva G, Plazas M, Ramakrishnan S, Benoit M, Gentile I, Hendelman A, Shohat H, Fitzgerald B, Robitaille GM, Green Y, Swartwood K, Passalacqua MJ, Gagnon E, Hilgenhof R, Huggins TD, Eizenga GC, Gur A, Rutten T, Stein N, Yao S, Poncet A, Bellot C, Frary A, Knapp S, Bendahmane M, Särkinen T, Gillis J, Van Eck J, Schatz MC, Eshed Y, Prohens J, Vilanova S, Lippman ZB.",Science. 2024 Aug 2;385(6708):eado1663. doi: 10.1126/science.ado1663. Epub 2024 Aug 2.,Satterlee JW,Science,2024,2024-08-01,PMC11305333,NIHMS2012043,10.1126/science.ado1663
39130195,Integrating spatially-resolved transcriptomics data across tissues and individuals: challenges and opportunities,"Guo B, Ling W, Kwon SH, Panwar P, Ghazanfar S, Martinowich K, Hicks SC.",ArXiv [Preprint]. 2024 Aug 1:arXiv:2408.00367v1.,Guo B,ArXiv,2024,2024-08-12,PMC11312629,,
39039279,Large-scale genotype prediction from RNA sequence data necessitates a new ethical and policy framework,"Majumder MA, Leek JT, Hansen KD, Razi A, McGuire AL.",Nat Genet. 2024 Aug;56(8):1537-1540. doi: 10.1038/s41588-024-01825-4.,Majumder MA,Nat Genet,2024,2024-07-22,PMC11938814,NIHMS2054148,10.1038/s41588-024-01825-4
39085231,Gapped-kmer sequence modeling robustly identifies regulatory vocabularies and distal enhancers conserved between evolutionarily distant mammals,"Oh JW, Beer MA.",Nat Commun. 2024 Jul 31;15(1):6464. doi: 10.1038/s41467-024-50708-z.,Oh JW,Nat Commun,2024,2024-07-31,PMC11291912,,10.1038/s41467-024-50708-z
39091872,IGLoo: Profiling the Immunoglobulin Heavy chain locus in Lymphoblastoid Cell Lines with PacBio High-Fidelity Sequencing reads,"Lin MJ, Langmead B, Safonova Y.",bioRxiv [Preprint]. 2024 Jul 23:2024.07.20.604421. doi: 10.1101/2024.07.20.604421.,Lin MJ,bioRxiv,2024,2024-08-02,PMC11291057,,10.1101/2024.07.20.604421
39020179,Sources of gene expression variation in a globally diverse human cohort,"Taylor DJ, Chhetri SB, Tassia MG, Biddanda A, Yan SM, Wojcik GL, Battle A, McCoy RC.",Nature. 2024 Aug;632(8023):122-130. doi: 10.1038/s41586-024-07708-2. Epub 2024 Jul 17.,Taylor DJ,Nature,2024,2024-07-17,PMC11291278,,10.1038/s41586-024-07708-2
39018652,Plasma proteins associated with plant-based diets: Results from the Atherosclerosis Risk in Communities (ARIC) study and Framingham Heart Study (FHS),"Kim H, Chen J, Prescott B, Walker ME, Grams ME, Yu B, Vasan RS, Floyd JS, Sotoodehnia N, Smith NL, Arking DE, Coresh J, Rebholz CM.",Clin Nutr. 2024 Aug;43(8):1929-1940. doi: 10.1016/j.clnu.2024.07.005. Epub 2024 Jul 14.,Kim H,Clin Nutr,2024,2024-07-17,PMC11342917,NIHMS2012616,10.1016/j.clnu.2024.07.005
39108341,Taxonomic classification with maximal exact matches in KATKA kernels and minimizer digests,"Draesslerová D, Ahmed O, Gagie T, Holub J, Langmead B, Manzini G, Navarro G.",Lebniz Int Proc Inform. 2024 Jul;301:10. doi: 10.4230/LIPIcs.SEA.2024.10. Epub 2024 Jul 11.,Draesslerová D,Lebniz Int Proc Inform,2024,2024-08-07,PMC11301608,NIHMS2011425,10.4230/LIPIcs.SEA.2024.10
39050927,"Correction to ""Interplay of Local pH and Cation Hydrolysis during Electrochemical CO(2) Reduction Visualized by In Operando Chemical Shift-Resolved Magnetic Resonance Imaging""","Schatz M, Kochs JF, Jovanovic S, Eichel RA, Granwehr J.",J Phys Chem C Nanomater Interfaces. 2024 Jul 8;128(28):11978. doi: 10.1021/acs.jpcc.4c04245. eCollection 2024 Jul 18.,Schatz M,J Phys Chem C Nanomater Interfaces,2024,2024-07-25,PMC11264259,,10.1021/acs.jpcc.4c04245
38956207,Improving transparency of computational tools for variant effect prediction,"Karchin R, Radivojac P, O'Donnell-Luria A, Greenblatt MS, Tolstorukov MY, Sonkin D.",Nat Genet. 2024 Jul;56(7):1324-1326. doi: 10.1038/s41588-024-01821-8.,Karchin R,Nat Genet,2024,2024-07-02,PMC11330584,NIHMS2016373,10.1038/s41588-024-01821-8
38902953,SEraster: a rasterization preprocessing framework for scalable spatial omics data analysis,"Aihara G, Clifton K, Chen M, Li Z, Atta L, Miller BF, Satija R, Hickey JW, Fan J.",Bioinformatics. 2024 Jul 1;40(7):btae412. doi: 10.1093/bioinformatics/btae412.,Aihara G,Bioinformatics,2024,2024-06-21,PMC11226864,,10.1093/bioinformatics/btae412
37257175,Quantification and statistical modeling of droplet-based single-nucleus RNA-sequencing data,"Kuo A, Hansen KD, Hicks SC.",Biostatistics. 2024 Jul 1;25(3):801-817. doi: 10.1093/biostatistics/kxad010.,Kuo A,Biostatistics,2024,2023-05-31,PMC11247185,,10.1093/biostatistics/kxad010
38940135,Sigmoni: classification of nanopore signal with a compressed pangenome index,"Shivakumar VS, Ahmed OY, Kovaka S, Zakeri M, Langmead B.",Bioinformatics. 2024 Jun 28;40(Suppl 1):i287-i296. doi: 10.1093/bioinformatics/btae213.,Shivakumar VS,Bioinformatics,2024,2024-06-28,PMC11211819,,10.1093/bioinformatics/btae213
38935814,Prioritizing drug targets by perturbing biological network response functions,"Perrone MC, Lerner MG, Dunworth M, Ewald AJ, Bader JS.",PLoS Comput Biol. 2024 Jun 27;20(6):e1012195. doi: 10.1371/journal.pcbi.1012195. eCollection 2024 Jun.,Perrone MC,PLoS Comput Biol,2024,2024-06-27,PMC11236158,,10.1371/journal.pcbi.1012195
38948008,Assessing the merits: an opinion on the effectiveness of simulation techniques in tumor subclonal reconstruction,"Lai J, Yang Y, Liu Y, Scharpf RB, Karchin R.",Bioinform Adv. 2024 Jun 26;4(1):vbae094. doi: 10.1093/bioadv/vbae094. eCollection 2024.,Lai J,Bioinform Adv,2024,2024-07-01,PMC11213631,,10.1093/bioadv/vbae094
38777607,Machine learning identifies activation of RUNX/AP-1 as drivers of mesenchymal and fibrotic regulatory programs in gastric cancer,"Razavi-Mohseni M, Huang W, Guo YA, Shigaki D, Ho SWT, Tan P, Skanderup AJ, Beer MA.",Genome Res. 2024 Jun 25;34(5):680-695. doi: 10.1101/gr.278565.123.,Razavi-Mohseni M,Genome Res,2024,2024-05-22,PMC11216402,,10.1101/gr.278565.123
38702196,Neuron-specific chromatin disruption at CpG islands and aging-related regions in Kabuki syndrome mice,"Boukas L, Luperchio TR, Razi A, Hansen KD, Bjornsson HT.",Genome Res. 2024 Jun 25;34(5):696-710. doi: 10.1101/gr.278416.123.,Boukas L,Genome Res,2024,2024-05-03,PMC11216309,,10.1101/gr.278416.123
38930622,Upper Limb Compartment Syndrome-An Extremely Rare Life-Threatening Complication of Cutaneous Anthrax,"Pertea M, Luca S, Moraru DC, Veliceasa B, Filip A, Grosu OM, Poroch V, Panuta A, Luca CM, Avadanei AN, Lunca S.",Microorganisms. 2024 Jun 20;12(6):1240. doi: 10.3390/microorganisms12061240.,Pertea M,Microorganisms,2024,2024-06-27,PMC11205670,,10.3390/microorganisms12061240
38932084,Xanthan-Polyurethane Conjugates: An Efficient Approach for Drug Delivery,"Anghel N, Spiridon I, Dinu MV, Vlad S, Pertea M.",Polymers (Basel). 2024 Jun 19;16(12):1734. doi: 10.3390/polym16121734.,Anghel N,Polymers (Basel),2024,2024-06-27,PMC11207320,,10.3390/polym16121734
38915758,CRISPR-Cas9 for selective targeting of somatic mutations in pancreatic cancers,"Teh SSK, Bowland K, Halper-Stromberg E, Kotwal A, Bennett A, Skaist A, Tang J, Cai F, Macoretta A, Liang H, Kamiyama H, Wheelan S, Lin MT, Hruban RH, Hung CF, Goldstein M, Scharpf RB, Roberts NJ, Eshleman JR.",NAR Cancer. 2024 Jun 19;6(2):zcae028. doi: 10.1093/narcan/zcae028. eCollection 2024 Jun.,Teh SSK,NAR Cancer,2024,2024-06-25,PMC11195629,,10.1093/narcan/zcae028
38867267,Gene count normalization in single-cell imaging-based spatially resolved transcriptomics,"Atta L, Clifton K, Anant M, Aihara G, Fan J.",Genome Biol. 2024 Jun 12;25(1):153. doi: 10.1186/s13059-024-03303-w.,Atta L,Genome Biol,2024,2024-06-12,PMC11167774,,10.1186/s13059-024-03303-w
38929928,No Evidence of Chronic Infection in a Metagenomic Sequencing Study of the Keratoconus Corneal Epithelium,"Kaur P, Moon L, Srikumaran D, Salzberg SL, Lu J, Simner PJ, Soiberman US.",J Clin Med. 2024 Jun 11;13(12):3399. doi: 10.3390/jcm13123399.,Kaur P,J Clin Med,2024,2024-06-27,PMC11205138,,10.3390/jcm13123399
38857303,Growth deficiency in a mouse model of Kabuki syndrome 2 bears mechanistic similarities to Kabuki syndrome 1,"Gao CW, Lin W, Riddle RC, Chopra S, Kim J, Boukas L, Hansen KD, Björnsson HT, Fahrner JA.",PLoS Genet. 2024 Jun 10;20(6):e1011310. doi: 10.1371/journal.pgen.1011310. eCollection 2024 Jun.,Gao CW,PLoS Genet,2024,2024-06-10,PMC11192384,,10.1371/journal.pgen.1011310
38895212,SpotSweeper: spatially-aware quality control for spatial transcriptomics,"Totty M, Hicks SC, Guo B.",bioRxiv [Preprint]. 2024 Jun 9:2024.06.06.597765. doi: 10.1101/2024.06.06.597765.,Totty M,bioRxiv,2024,2024-06-19,PMC11185656,,10.1101/2024.06.06.597765
38849569,Systematic assessment of long-read RNA-seq methods for transcript identification and quantification,"Pardo-Palacios FJ, Wang D, Reese F, Diekhans M, Carbonell-Sala S, Williams B, Loveland JE, De María M, Adams MS, Balderrama-Gutierrez G, Behera AK, Gonzalez Martinez JM, Hunt T, Lagarde J, Liang CE, Li H, Meade MJ, Moraga Amador DA, Prjibelski AD, Birol I, Bostan H, Brooks AM, Çelik MH, Chen Y, Du MRM, Felton C, Göke J, Hafezqorani S, Herwig R, Kawaji H, Lee J, Li JL, Lienhard M, Mikheenko A, Mulligan D, Nip KM, Pertea M, Ritchie ME, Sim AD, Tang AD, Wan YK, Wang C, Wong BY, Yang C, Barnes I, Berry AE, Capella-Gutierrez S, Cousineau A, Dhillon N, Fernandez-Gonzalez JM, Ferrández-Peral L, Garcia-Reyero N, Götz S, Hernández-Ferrer C, Kondratova L, Liu T, Martinez-Martin A, Menor C, Mestre-Tomás J, Mudge JM, Panayotova NG, Paniagua A, Repchevsky D, Ren X, Rouchka E, Saint-John B, Sapena E, Sheynkman L, Smith ML, Suner MM, Takahashi H, Youngworth IA, Carninci P, Denslow ND, Guigó R, Hunter ME, Maehr R, Shen Y, Tilgner HU, Wold BJ, Vollmers C, Frankish A, Au KF, Sheynkman GM, Mortazavi A, Conesa A, Brooks AN.",Nat Methods. 2024 Jul;21(7):1349-1363. doi: 10.1038/s41592-024-02298-3. Epub 2024 Jun 7.,Pardo-Palacios FJ,Nat Methods,2024,2024-06-07,PMC11543605,,10.1038/s41592-024-02298-3
38260425,Novel metagenomics analysis of stony coral tissue loss disease,"Heinz JM, Lu J, Huebner LK, Salzberg SL, Sommer M, Rosales SM.",bioRxiv [Preprint]. 2024 Jun 5:2024.01.02.573916. doi: 10.1101/2024.01.02.573916.,Heinz JM,bioRxiv,2024,2024-01-23,PMC10802270,,10.1101/2024.01.02.573916
38920730,Personalized Decisional Algorithms for Soft Tissue Defect Reconstruction after Abdominoperineal Resection for Low-Lying Rectal Cancers,"Moraru DC, Pertea M, Luca S, Bejan V, Panuta A, Tatar R, Enescu DM, Scripcariu DV, Scripcariu V.",Curr Oncol. 2024 Jun 4;31(6):3253-3268. doi: 10.3390/curroncol31060247.,Moraru DC,Curr Oncol,2024,2024-06-26,PMC11202520,,10.3390/curroncol31060247
38929531,Paragangliomas of the Head and Neck: A Review of the Latest Diagnostic and Treatment Methods,"Palade DO, Hainarosie R, Zamfir A, Vrinceanu D, Pertea M, Tusaliu M, Mocanu F, Voiosu C.",Medicina (Kaunas). 2024 May 30;60(6):914. doi: 10.3390/medicina60060914.,Palade DO,Medicina (Kaunas),2024,2024-06-27,PMC11205799,,10.3390/medicina60060914
38854039,Cliffy: robust 16S rRNA classification based on a compressed LCA index,"Ahmed O, Boucher C, Langmead B.",bioRxiv [Preprint]. 2024 May 30:2024.05.25.595899. doi: 10.1101/2024.05.25.595899.,Ahmed O,bioRxiv,2024,2024-06-10,PMC11160684,,10.1101/2024.05.25.595899
38821437,Risk Factors for Acute Asthma Exacerbations in Adults With Mild Asthma,"Chen W, Puttock EJ, Schatz M, Crawford W, Vollmer WM, Xie F, Xu S, Lustigova E, Zeiger RS.",J Allergy Clin Immunol Pract. 2024 Oct;12(10):2705-2716.e6. doi: 10.1016/j.jaip.2024.05.034. Epub 2024 May 29.,Chen W,J Allergy Clin Immunol Pract,2024,2024-05-31,PMC11464201,NIHMS2001002,10.1016/j.jaip.2024.05.034
38811727,The complete sequence and comparative analysis of ape sex chromosomes,"Makova KD, Pickett BD, Harris RS, Hartley GA, Cechova M, Pal K, Nurk S, Yoo D, Li Q, Hebbar P, McGrath BC, Antonacci F, Aubel M, Biddanda A, Borchers M, Bornberg-Bauer E, Bouffard GG, Brooks SY, Carbone L, Carrel L, Carroll A, Chang PC, Chin CS, Cook DE, Craig SJC, de Gennaro L, Diekhans M, Dutra A, Garcia GH, Grady PGS, Green RE, Haddad D, Hallast P, Harvey WT, Hickey G, Hillis DA, Hoyt SJ, Jeong H, Kamali K, Pond SLK, LaPolice TM, Lee C, Lewis AP, Loh YE, Masterson P, McGarvey KM, McCoy RC, Medvedev P, Miga KH, Munson KM, Pak E, Paten B, Pinto BJ, Potapova T, Rhie A, Rocha JL, Ryabov F, Ryder OA, Sacco S, Shafin K, Shepelev VA, Slon V, Solar SJ, Storer JM, Sudmant PH, Sweetalana, Sweeten A, Tassia MG, Thibaud-Nissen F, Ventura M, Wilson MA, Young AC, Zeng H, Zhang X, Szpiech ZA, Huber CD, Gerton JL, Yi SV, Schatz MC, Alexandrov IA, Koren S, O'Neill RJ, Eichler EE, Phillippy AM.",Nature. 2024 Jun;630(8016):401-411. doi: 10.1038/s41586-024-07473-2. Epub 2024 May 29.,Makova KD,Nature,2024,2024-05-29,PMC11168930,,10.1038/s41586-024-07473-2
38806494,Multi-omics in nasal epithelium reveals three axes of dysregulation for asthma risk in the African Diaspora populations,"Szczesny B, Boorgula MP, Chavan S, Campbell M, Johnson RK, Kammers K, Thompson EE, Cox MS, Shankar G, Cox C, Morin A, Lorizio W, Daya M, Kelada SNP, Beaty TH, Doumatey AP, Cruz AA, Watson H, Naureckas ET, Giles BL, Arinola GA, Sogaolu O, Falade AG, Hansel NN, Yang IV, Olopade CO, Rotimi CN, Landis RC, Figueiredo CA, Altman MC, Kenny E, Ruczinski I, Liu AH, Ober C, Taub MA, Barnes KC, Mathias RA.",Nat Commun. 2024 May 28;15(1):4546. doi: 10.1038/s41467-024-48507-7.,Szczesny B,Nat Commun,2024,2024-05-28,PMC11133339,,10.1038/s41467-024-48507-7
38789417,Validation of human telomere length multi-ancestry meta-analysis association signals identifies POP5 and KBTBD6 as human telomere length regulation genes,"Keener R, Chhetri SB, Connelly CJ, Taub MA, Conomos MP, Weinstock J, Ni B, Strober B, Aslibekyan S, Auer PL, Barwick L, Becker LC, Blangero J, Bleecker ER, Brody JA, Cade BE, Celedon JC, Chang YC, Cupples LA, Custer B, Freedman BI, Gladwin MT, Heckbert SR, Hou L, Irvin MR, Isasi CR, Johnsen JM, Kenny EE, Kooperberg C, Minster RL, Naseri T, Viali S, Nekhai S, Pankratz N, Peyser PA, Taylor KD, Telen MJ, Wu B, Yanek LR, Yang IV, Albert C, Arnett DK, Ashley-Koch AE, Barnes KC, Bis JC, Blackwell TW, Boerwinkle E, Burchard EG, Carson AP, Chen Z, Chen YI, Darbar D, de Andrade M, Ellinor PT, Fornage M, Gelb BD, Gilliland FD, He J, Islam T, Kaab S, Kardia SLR, Kelly S, Konkle BA, Kumar R, Loos RJF, Martinez FD, McGarvey ST, Meyers DA, Mitchell BD, Montgomery CG, North KE, Palmer ND, Peralta JM, Raby BA, Redline S, Rich SS, Roden D, Rotter JI, Ruczinski I, Schwartz D, Sciurba F, Shoemaker MB, Silverman EK, Sinner MF, Smith NL, Smith AV, Tiwari HK, Vasan RS, Weiss ST, Williams LK, Zhang Y, Ziv E, Raffield LM, Reiner AP; NHLBI Trans-Omics for Precision Medicine (TOPMed) Consortium; TOPMed Hematology and Hemostasis Working Group; TOPMed Structural Variation Working Group; Arvanitis M, Greider CW, Mathias RA, et al.",Nat Commun. 2024 May 24;15(1):4417. doi: 10.1038/s41467-024-48394-y.,Keener R,Nat Commun,2024,2024-05-24,PMC11126610,,10.1038/s41467-024-48394-y
38781370,A data-driven single-cell and spatial transcriptomic map of the human prefrontal cortex,"Huuki-Myers LA, Spangler A, Eagles NJ, Montgomery KD, Kwon SH, Guo B, Grant-Peters M, Divecha HR, Tippani M, Sriworarat C, Nguyen AB, Ravichandran P, Tran MN, Seyedian A; PsychENCODE Consortium†; Hyde TM, Kleinman JE, Battle A, Page SC, Ryten M, Hicks SC, Martinowich K, Collado-Torres L, Maynard KR; PsychENCODE Consortium.",Science. 2024 May 24;384(6698):eadh1938. doi: 10.1126/science.adh1938. Epub 2024 May 24.,Huuki-Myers LA,Science,2024,2024-05-23,PMC11398705,NIHMS2020906,10.1126/science.adh1938
38826347,The tidyomics ecosystem: Enhancing omic data analyses,"Hutchison WJ, Keyes TJ; tidyomics Consortium; Crowell HL, Serizay J, Soneson C, Davis ES, Sato N, Moses L, Tarlinton B, Nahid AA, Kosmac M, Clayssen Q, Yuan V, Mu W, Park JE, Mamede I, Ryu MH, Axisa PP, Paiz P, Poon CL, Tang M, Gottardo R, Morgan M, Lee S, Lawrence M, Hicks SC, Nolan GP, Davis KL, Papenfuss AT, Love MI, Mangiola S.",bioRxiv [Preprint]. 2024 May 22:2023.09.10.557072. doi: 10.1101/2023.09.10.557072.,Hutchison WJ,bioRxiv,2024,2024-06-03,PMC11142095,,10.1101/2023.09.10.557072
38826299,MEM-based pangenome indexing for k-mer queries,"Hwang S, Brown NK, Ahmed OY, Jenike KM, Kovaka S, Schatz MC, Langmead B.",bioRxiv [Preprint]. 2024 May 22:2024.05.20.595044. doi: 10.1101/2024.05.20.595044.,Hwang S,bioRxiv,2024,2024-06-03,PMC11142109,,10.1101/2024.05.20.595044
38798674,PSAURON: a tool for assessing protein annotation across a broad range of species,"Sommer MJ, Zimin AV, Salzberg SL.",bioRxiv [Preprint]. 2024 May 18:2024.05.15.594385. doi: 10.1101/2024.05.15.594385.,Sommer MJ,bioRxiv,2024,2024-05-27,PMC11118318,,10.1101/2024.05.15.594385
38793123,Long-Term Clinical Outcomes of 3D-Printed Subperiosteal Titanium Implants: A 6-Year Follow-Up,"Onică N, Budală DG, Baciu ER, Onică CA, Gelețu GL, Murariu A, Balan M, Pertea M, Stelea C.",J Pers Med. 2024 May 18;14(5):541. doi: 10.3390/jpm14050541.,Onică N,J Pers Med,2024,2024-05-25,PMC11122366,,10.3390/jpm14050541
38798552,Combining DNA and protein alignments to improve genome annotation with LiftOn,"Chao KH, Heinz JM, Hoh C, Mao A, Shumate A, Pertea M, Salzberg SL.",bioRxiv [Preprint]. 2024 May 17:2024.05.16.593026. doi: 10.1101/2024.05.16.593026.,Chao KH,bioRxiv,2024,2024-05-27,PMC11118573,,10.1101/2024.05.16.593026
37066352,Interspecies regulatory landscapes and elements revealed by novel joint systematic integration of human and mouse blood cell epigenomes,"Xiang G, He X, Giardine BM, Isaac KJ, Taylor DJ, McCoy RC, Jansen C, Keller CA, Wixom AQ, Cockburn A, Miller A, Qi Q, He Y, Li Y, Lichtenberg J, Heuston EF, Anderson SM, Luan J, Vermunt MW, Yue F, Sauria MEG, Schatz MC, Taylor J, Gottgens B, Hughes JR, Higgs DR, Weiss MJ, Cheng Y, Blobel GA, Bodine DM, Zhang Y, Li Q, Mahony S, Hardison RC.",bioRxiv [Preprint]. 2024 May 17:2023.04.02.535219. doi: 10.1101/2023.04.02.535219.,Xiang G,bioRxiv,2024,2023-04-17,PMC10103973,,10.1101/2023.04.02.535219
38798365,Single-cell morphology encodes functional subtypes of senescence in aging human dermal fibroblasts,"Kamat P, Macaluso N, Min C, Li Y, Agrawal A, Winston A, Pan L, Starich B, Stewart T, Wu PH, Fan J, Walston J, Phillip JM.",bioRxiv [Preprint]. 2024 May 16:2024.05.10.593637. doi: 10.1101/2024.05.10.593637.,Kamat P,bioRxiv,2024,2024-05-27,PMC11118441,,10.1101/2024.05.10.593637
38076784,Minimizing Reference Bias with an Impute-First Approach,"Vaddadi K, Mun T, Langmead B.",bioRxiv [Preprint]. 2024 May 16:2023.11.30.568362. doi: 10.1101/2023.11.30.568362.,Vaddadi K,bioRxiv,2024,2023-12-11,PMC10705441,,10.1101/2023.11.30.568362
38718196,Statistical modeling of acute and chronic pain patient-reported outcomes obtained from ecological momentary assessment,"Leroux A, Crainiceanu C, Zeger S, Taub M, Ansari B, Wager TD, Bayman E, Coffey C, Langefeld C, McCarthy R, Tsodikov A, Brummet C, Clauw DJ, Edwards RR, Lindquist MA; ; A2CPS Consortium.",Pain. 2024 Sep 1;165(9):1955-1965. doi: 10.1097/j.pain.0000000000003214. Epub 2024 May 7.,Leroux A,Pain,2024,2024-05-08,PMC11813191,NIHMS1965416,10.1097/j.pain.0000000000003214
38714703,Determinants of mosaic chromosomal alteration fitness,"Pershad Y, Mack T, Poisner H, Jakubek YA, Stilp AM, Mitchell BD, Lewis JP, Boerwinkle E, Loos RJF, Chami N, Wang Z, Barnes K, Pankratz N, Fornage M, Redline S, Psaty BM, Bis JC, Shojaie A, Silverman EK, Cho MH, Yun JH, DeMeo D, Levy D, Johnson AD, Mathias RA, Taub MA, Arnett D, North KE, Raffield LM, Carson AP, Doyle MF, Rich SS, Rotter JI, Guo X, Cox NJ, Roden DM, Franceschini N, Desai P, Reiner AP, Auer PL, Scheet PA, Jaiswal S, Weinstock JS, Bick AG.",Nat Commun. 2024 May 7;15(1):3800. doi: 10.1038/s41467-024-48190-8.,Pershad Y,Nat Commun,2024,2024-05-07,PMC11076528,,10.1038/s41467-024-48190-8
38526344,A genome sequence for the threatened whitebark pine,"Neale DB, Zimin AV, Meltzer A, Bhattarai A, Amee M, Figueroa Corona L, Allen BJ, Puiu D, Wright J, De La Torre AR, McGuire PE, Timp W, Salzberg SL, Wegrzyn JL.",G3 (Bethesda). 2024 May 7;14(5):jkae061. doi: 10.1093/g3journal/jkae061.,Neale DB,G3 (Bethesda),2024,2024-03-25,PMC11075562,,10.1093/g3journal/jkae061
38045413,Spatiotemporal analysis of gene expression in the human dentate gyrus reveals age-associated changes in cellular maturation and neuroinflammation,"Ramnauth AD, Tippani M, Divecha HR, Papariello AR, Miller RA, Nelson ED, Pattie EA, Kleinman JE, Maynard KR, Collado-Torres L, Hyde TM, Martinowich K, Hicks SC, Page SC.",bioRxiv [Preprint]. 2024 May 6:2023.11.20.567883. doi: 10.1101/2023.11.20.567883.,Ramnauth AD,bioRxiv,2024,2023-12-04,PMC10690172,,10.1101/2023.11.20.567883
38746259,Discovering Intron Gain Events in Humans through Large-Scale Evolutionary Comparisons,"Hoh C, Salzberg SL.",bioRxiv [Preprint]. 2024 May 4:2024.05.02.592247. doi: 10.1101/2024.05.02.592247.,Hoh C,bioRxiv,2024,2024-05-15,PMC11092651,,10.1101/2024.05.02.592247
38746382,Cell-type and dynamic state govern genetic regulation of gene expression in heterogeneous differentiating cultures,"Popp JM, Rhodes K, Jangi R, Li M, Barr K, Tayeb K, Battle A, Gilad Y.",bioRxiv [Preprint]. 2024 May 3:2024.05.02.592174. doi: 10.1101/2024.05.02.592174.,Popp JM,bioRxiv,2024,2024-05-15,PMC11092595,,10.1101/2024.05.02.592174
38746084,"Tn-seq of the Candida glabrata reference strain CBS138 reveals epigenetic plasticity, structural variation, and intrinsic mechanisms of resistance to micafungin","Nickels TJ, Gale AP, Harrington AA, Timp W, Cunningham KW.",bioRxiv [Preprint]. 2024 May 3:2024.05.02.592251. doi: 10.1101/2024.05.02.592251.,Nickels TJ,bioRxiv,2024,2024-05-15,PMC11092758,,10.1101/2024.05.02.592251
38297990,Development of an Electronic Decision Aid Tool to Facilitate Mainstream Genetic Testing in Ovarian Cancer Patients,"Shannon KM, Patel D, Jonas JM, Blouch EL, Hicks SR, Wooters M, Seidel M, Grant CF, Emmet MM, Chung DC, Sepucha K.",Oncologist. 2024 May 3;29(5):e665-e671. doi: 10.1093/oncolo/oyad328.,Shannon KM,Oncologist,2024,2024-02-01,PMC11067819,,10.1093/oncolo/oyad328
38793605,Long-Read Nanopore-Based Sequencing of Anelloviruses,"Anantharam R, Duchen D, Cox AL, Timp W, Thomas DL, Clipman SJ, Kandathil AJ.",Viruses. 2024 May 2;16(5):723. doi: 10.3390/v16050723.,Anantharam R,Viruses,2024,2024-05-25,PMC11125752,,10.3390/v16050723
38700982,Methylation of the chromatin modifier KMT2D by SMYD2 contributes to therapeutic response in hormone-dependent breast cancer,"Blawski R, Vokshi BH, Guo X, Kittane S, Sallaku M, Chen W, Gjyzari M, Cheung T, Zhang Y, Simpkins C, Zhou W, Kulick A, Zhao P, Wei M, Shivashankar P, Prioleau T, Razavi P, Koche R, Rebecca VW, de Stanchina E, Castel P, Chan HM, Scaltriti M, Cocco E, Ji H, Luo M, Toska E.",Cell Rep. 2024 May 28;43(5):114174. doi: 10.1016/j.celrep.2024.114174. Epub 2024 May 2.,Blawski R,Cell Rep,2024,2024-05-03,PMC11265541,NIHMS2000747,10.1016/j.celrep.2024.114174
38817952,LiftoffTools: a toolkit for comparing gene annotations mapped between genome assemblies,"Shumate A, Salzberg S.",F1000Res. 2024 Apr 29;11:1230. doi: 10.12688/f1000research.124059.2. eCollection 2022.,Shumate A,F1000Res,2024,2024-05-31,PMC11137477,,10.12688/f1000research.124059.2
38664753,Centrifuger: lossless compression of microbial genomes for efficient and accurate metagenomic sequence classification,"Song L, Langmead B.",Genome Biol. 2024 Apr 25;25(1):106. doi: 10.1186/s13059-024-03244-4.,Song L,Genome Biol,2024,2024-04-25,PMC11046777,,10.1186/s13059-024-03244-4
38664422,Cross-modality mapping using image varifolds to align tissue-scale atlases to molecular-scale measures with application to 2D brain sections,"Stouffer KM, Trouvé A, Younes L, Kunst M, Ng L, Zeng H, Anant M, Fan J, Kim Y, Chen X, Rue M, Miller MI.",Nat Commun. 2024 Apr 25;15(1):3530. doi: 10.1038/s41467-024-47883-4.,Stouffer KM,Nat Commun,2024,2024-04-25,PMC11045777,,10.1038/s41467-024-47883-4
38721371,Electric Fields Are a Key Determinant of Carbapenemase Activity in Class A β-Lactamases,"Jabeen H, Beer M, Spencer J, van der Kamp MW, Bunzel HA, Mulholland AJ.",ACS Catal. 2024 Apr 23;14(9):7166-7172. doi: 10.1021/acscatal.3c05302. eCollection 2024 May 3.,Jabeen H,ACS Catal,2024,2024-05-09,PMC11075022,,10.1021/acscatal.3c05302
38712106,ModDotPlot-Rapid and interactive visualization of complex repeats,"Sweeten AP, Schatz MC, Phillippy AM.",bioRxiv [Preprint]. 2024 Apr 19:2024.04.15.589623. doi: 10.1101/2024.04.15.589623.,Sweeten AP,bioRxiv,2024,2024-05-07,PMC11071298,,10.1101/2024.04.15.589623
38699360,Genomic and phenotypic correlates of mosaic loss of chromosome Y in blood,"Jakubek YA, Ma X, Stilp AM, Yu F, Bacon J, Wong JW, Aguet F, Ardlie K, Arnett D, Barnes K, Bis JC, Blackwell T, Becker LC, Boerwinkle E, Bowler RP, Budoff MJ, Carson AP, Chen J, Cho MH, Coresh J, Cox N, de Vries PS, DeMeo DL, Fardo DW, Fornage M, Guo X, Hall ME, Heard-Costa N, Hidalgo B, Irvin MR, Johnson AD, Kenny EE, Levy D, Li Y, Lima JA, Liu Y, Loos RJF, Machiela MJ, Mathias RA, Mitchell BD, Murabito J, Mychaleckyj JC, North K, Orchard P, Parker SC, Pershad Y, Peyser PA, Pratte KA, Psaty BM, Raffield LM, Redline S, Rich SS, Rotter JI, Shah SJ, Smith JA, Smith AP, Smith A, Taub M, Tiwari HK, Tracy R, Tuftin B, Bick AG, Sankaran VG, Reiner AP, Scheet P, Auer PL.",medRxiv [Preprint]. 2024 Apr 19:2024.04.16.24305851. doi: 10.1101/2024.04.16.24305851.,Jakubek YA,medRxiv,2024,2024-05-03,PMC11065036,,10.1101/2024.04.16.24305851
38641647,"Measuring, visualizing, and diagnosing reference bias with biastools","Lin MJ, Iyer S, Chen NC, Langmead B.",Genome Biol. 2024 Apr 19;25(1):101. doi: 10.1186/s13059-024-03240-8.,Lin MJ,Genome Biol,2024,2024-04-19,PMC11027314,,10.1186/s13059-024-03240-8
38640927,Sustained ERK signaling promotes G2 cell cycle exit and primes cells for whole-genome duplication,"Guerrero Zuniga A, Aikin TJ, McKenney C, Lendner Y, Phung A, Hook PW, Meltzer A, Timp W, Regot S.",Dev Cell. 2024 Jul 8;59(13):1724-1736.e4. doi: 10.1016/j.devcel.2024.03.032. Epub 2024 Apr 18.,Guerrero Zuniga A,Dev Cell,2024,2024-04-19,PMC11233237,NIHMS1984711,10.1016/j.devcel.2024.03.032
38422347,Evaluating Algorithmic Bias in 30-Day Hospital Readmission Models: Retrospective Analysis,"Wang HE, Weiner JP, Saria S, Kharrazi H.",J Med Internet Res. 2024 Apr 18;26:e47125. doi: 10.2196/47125.,Wang HE,J Med Internet Res,2024,2024-02-29,PMC11066744,,10.2196/47125
38594078,Predicting pressure injury risk in hospitalised patients using machine learning with electronic health records: a US multilevel cohort study,"Padula WV, Armstrong DG, Pronovost PJ, Saria S.",BMJ Open. 2024 Apr 9;14(4):e082540. doi: 10.1136/bmjopen-2023-082540.,Padula WV,BMJ Open,2024,2024-04-09,PMC11146395,,10.1136/bmjopen-2023-082540
38589940,Use of artificial intelligence in critical care: opportunities and obstacles,"Pinsky MR, Bedoya A, Bihorac A, Celi L, Churpek M, Economou-Zavlanos NJ, Elbers P, Saria S, Liu V, Lyons PG, Shickel B, Toral P, Tscholl D, Clermont G.",Crit Care. 2024 Apr 8;28(1):113. doi: 10.1186/s13054-024-04860-z.,Pinsky MR,Crit Care,2024,2024-04-08,PMC11000355,,10.1186/s13054-024-04860-z
38405805,Benchmark of cellular deconvolution methods using a multi-assay reference dataset from postmortem human prefrontal cortex,"Huuki-Myers LA, Montgomery KD, Kwon SH, Cinquemani S, Eagles NJ, Gonzalez-Padilla D, Maden SK, Kleinman JE, Hyde TM, Hicks SC, Maynard KR, Collado-Torres L.",bioRxiv [Preprint]. 2024 Apr 7:2024.02.09.579665. doi: 10.1101/2024.02.09.579665.,Huuki-Myers LA,bioRxiv,2024,2024-02-26,PMC10888823,,10.1101/2024.02.09.579665
38617294,lute: estimating the cell composition of heterogeneous tissue with varying cell sizes using gene expression,"Maden SK, Huuki-Myers LA, Kwon SH, Collado-Torres L, Maynard KR, Hicks SC.",bioRxiv [Preprint]. 2024 Apr 6:2024.04.04.588105. doi: 10.1101/2024.04.04.588105.,Maden SK,bioRxiv,2024,2024-04-15,PMC11014536,,10.1101/2024.04.04.588105
38297981,"First-In-Human Phase I Study of Tinengotinib (TT-00420), a Multiple Kinase Inhibitor, as a Single Agent in Patients With Advanced Solid Tumors","Piha-Paul SA, Xu B, Dumbrava EE, Fu S, Karp DD, Meric-Bernstam F, Hong DS, Rodon JA, Tsimberidou AM, Raghav K, Ajani JA, Conley AP, Mott F, Fan Y, Fan J, Peng P, Wang H, Ni S, Sun C, Qiang X, Levin WJ, Ngo B, Ru QC, Wu F, Javle MM.",Oncologist. 2024 Apr 4;29(4):e514-e525. doi: 10.1093/oncolo/oyad338.,Piha-Paul SA,Oncologist,2024,2024-02-01,PMC10994248,,10.1093/oncolo/oyad338
38699651,Real-world assessment of anaphylaxis and eosinophilic esophagitis with 12 SQ house dust mite SLIT-tablet sublingual immunotherapy,"Zeiger RS, Schatz M, Pomichowski ME, Li Q, Slezak JM, Nolte H, Takhar HS.",J Allergy Clin Immunol Glob. 2024 Apr 3;3(3):100250. doi: 10.1016/j.jacig.2024.100250. eCollection 2024 Aug.,Zeiger RS,J Allergy Clin Immunol Glob,2024,2024-05-03,PMC11063596,,10.1016/j.jacig.2024.100250
38585741,Longitudinal change in mitochondrial heteroplasmy exhibits positive selection for deleterious variants,"Kuiper LM, Shi W, Verlouw J, Hong YS, Arp P, Puiu D, Broer L, Xie J, Newcomb C, Rich SS, Taylor KD, Rotter JI, Bader JS, Guallar E, van Meurs JBJ, Arking DE.",medRxiv [Preprint]. 2024 Apr 3:2024.03.27.24304930. doi: 10.1101/2024.03.27.24304930.,Kuiper LM,medRxiv,2024,2024-04-08,PMC10996716,,10.1101/2024.03.27.24304930
38562894,Upstream open reading frames may contain hundreds of novel human exons,"Ji HJ, Salzberg SL.",bioRxiv [Preprint]. 2024 Apr 1:2024.03.22.586333. doi: 10.1101/2024.03.22.586333.,Ji HJ,bioRxiv,2024,2024-04-02,PMC10983949,,10.1101/2024.03.22.586333
38711367,Removing unwanted variation between samples in Hi-C experiments,"Fletez-Brant K, Qiu Y, Gorkin DU, Hu M, Hansen KD.",Brief Bioinform. 2024 Mar 27;25(3):bbae217. doi: 10.1093/bib/bbae217.,Fletez-Brant K,Brief Bioinform,2024,2024-05-07,PMC11074651,,10.1093/bib/bbae217
38585781,Integration of transcriptomics and long-read genomics prioritizes structural variants in rare disease,"Jensen TD, Ni B, Reuter CM, Gorzynski JE, Fazal S, Bonner D, Ungar RA, Goddard PC, Raja A, Ashley EA, Bernstein JA, Zuchner S; Undiagnosed Diseases Network; Greicius MD, Montgomery SB, Schatz MC, Wheeler MT, Battle A.",medRxiv [Preprint]. 2024 Mar 26:2024.03.22.24304565. doi: 10.1101/2024.03.22.24304565.,Jensen TD,medRxiv,2024,2024-04-08,PMC10996727,,10.1101/2024.03.22.24304565
38548091,Metabolomic profiles during early childhood and risk of food allergies and asthma in multiethnic children from a prospective birth cohort,"Hong X, Nadeau K, Wang G, Larman B, Smith KN, Pearson C, Ji H, Frischmeyer-Guerrerio P, Liang L, Hu FB, Wang X.",J Allergy Clin Immunol. 2024 Jul;154(1):168-178. doi: 10.1016/j.jaci.2024.02.024. Epub 2024 Mar 26.,Hong X,J Allergy Clin Immunol,2024,2024-03-28,PMC11227411,NIHMS1983431,10.1016/j.jaci.2024.02.024
38535083,A Histological Evaluation of the Efficiency of Using Periprosthetic Autologous Fat to Prevent Capsular Contracture Compared to Other Known Methods-An Experimental Study,"Pertea M, Aladari N, Grosu OM, Luca S, Tatar R, Avadanei AN, Palaghia M, Trofin AM, Lunca S, Filip N.",Diagnostics (Basel). 2024 Mar 21;14(6):661. doi: 10.3390/diagnostics14060661.,Pertea M,Diagnostics (Basel),2024,2024-03-27,PMC10968733,,10.3390/diagnostics14060661
38511828,Restricted Rotational Flexibility of the C5α-Methyl-Substituted Carbapenem NA-1-157 Leads to Potent Inhibition of the GES-5 Carbapenemase,"Stewart NK, Toth M, Quan P, Beer M, Buynak JD, Smith CA, Vakulenko SB.",ACS Infect Dis. 2024 Apr 12;10(4):1232-1249. doi: 10.1021/acsinfecdis.3c00683. Epub 2024 Mar 21.,Stewart NK,ACS Infect Dis,2024,2024-03-21,PMC11160566,NIHMS1997309,10.1021/acsinfecdis.3c00683
38529488,Gapless assembly of complete human and plant chromosomes using only nanopore sequencing,"Koren S, Bao Z, Guarracino A, Ou S, Goodwin S, Jenike KM, Lucas J, McNulty B, Park J, Rautiainen M, Rhie A, Roelofs D, Schneiders H, Vrijenhoek I, Nijbroek K, Ware D, Schatz MC, Garrison E, Huang S, McCombie WR, Miga KH, Wittenberg AHJ, Phillippy AM.",bioRxiv [Preprint]. 2024 Mar 19:2024.03.15.585294. doi: 10.1101/2024.03.15.585294.,Koren S,bioRxiv,2024,2024-03-26,PMC10962732,,10.1101/2024.03.15.585294
38508189,Detecting differential transcript usage in complex diseases with SPIT,"Erdogdu B, Varabyou A, Hicks SC, Salzberg SL, Pertea M.",Cell Rep Methods. 2024 Mar 25;4(3):100736. doi: 10.1016/j.crmeth.2024.100736. Epub 2024 Mar 19.,Erdogdu B,Cell Rep Methods,2024,2024-03-20,PMC10985272,,10.1016/j.crmeth.2024.100736
38504114,Multicenter integrated analysis of noncoding CRISPRi screens,"Yao D, Tycko J, Oh JW, Bounds LR, Gosai SJ, Lataniotis L, Mackay-Smith A, Doughty BR, Gabdank I, Schmidt H, Guerrero-Altamirano T, Siklenka K, Guo K, White AD, Youngworth I, Andreeva K, Ren X, Barrera A, Luo Y, Yardımcı GG, Tewhey R, Kundaje A, Greenleaf WJ, Sabeti PC, Leslie C, Pritykin Y, Moore JE, Beer MA, Gersbach CA, Reddy TE, Shen Y, Engreitz JM, Bassik MC, Reilly SK.",Nat Methods. 2024 Apr;21(4):723-734. doi: 10.1038/s41592-024-02216-7. Epub 2024 Mar 19.,Yao D,Nat Methods,2024,2024-03-20,PMC11009116,NIHMS1983048,10.1038/s41592-024-02216-7
38559266,"Genotype prediction of 336,463 samples from public expression data","Razi A, Lo CC, Wang S, Leek JT, Hansen KD.",bioRxiv [Preprint]. 2024 Mar 13:2023.10.21.562237. doi: 10.1101/2023.10.21.562237.,Razi A,bioRxiv,2024,2024-04-01,PMC10979922,,10.1101/2023.10.21.562237
38478628,Genome-wide repeat landscapes in cancer and cell-free DNA,"Annapragada AV, Niknafs N, White JR, Bruhm DC, Cherry C, Medina JE, Adleff V, Hruban C, Mathios D, Foda ZH, Phallen J, Scharpf RB, Velculescu VE.",Sci Transl Med. 2024 Mar 13;16(738):eadj9283. doi: 10.1126/scitranslmed.adj9283. Epub 2024 Mar 13.,Annapragada AV,Sci Transl Med,2024,2024-03-13,PMC11323656,NIHMS2001866,10.1126/scitranslmed.adj9283
38477586,Implementing governmental oversight of enhanced potential pandemic pathogen research,"Ebright RH, MacIntyre R, Dudley JP, Butler CD, Goffinet A, Hammond E, Harris ED, Kakeya H, Lambrinidou Y, Leitenberg M, Newman SA, Nickels BE, Rahalkar MC, Ridley MW, Salzberg SL, Seshadri H, Theißen G, VanDongen AM, Washburne A.",J Virol. 2024 Apr 16;98(4):e0023724. doi: 10.1128/jvi.00237-24. Epub 2024 Mar 13.,Ebright RH,J Virol,2024,2024-03-13,PMC11019947,,10.1128/jvi.00237-24
38496646,Uncalled4 improves nanopore DNA and RNA modification detection via fast and accurate signal alignment,"Kovaka S, Hook PW, Jenike KM, Shivakumar V, Morina LB, Razaghi R, Timp W, Schatz MC.",bioRxiv [Preprint]. 2024 Mar 10:2024.03.05.583511. doi: 10.1101/2024.03.05.583511.,Kovaka S,bioRxiv,2024,2024-03-18,PMC10942365,,10.1101/2024.03.05.583511
38496498,Nanopore sequencing of 1000 Genomes Project samples to build a comprehensive catalog of human genetic variation,"Gustafson JA, Gibson SB, Damaraju N, Zalusky MP, Hoekzema K, Twesigomwe D, Yang L, Snead AA, Richmond PA, De Coster W, Olson ND, Guarracino A, Li Q, Miller AL, Goffena J, Anderson Z, Storz SH, Ward SA, Sinha M, Gonzaga-Jauregui C, Clarke WE, Basile AO, Corvelo A, Reeves C, Helland A, Musunuri RL, Revsine M, Patterson KE, Paschal CR, Zakarian C, Goodwin S, Jensen TD, Robb E; 1000 Genomes ONT Sequencing Consortium; University of Washington Center for Rare Disease Research (UW-CRDR); Genomics Research to Elucidate the Genetics of Rare Diseases (GREGoR) Consortium; McCombie WR, Sedlazeck FJ, Zook JM, Montgomery SB, Garrison E, Kolmogorov M, Schatz MC, McLaughlin RN Jr, Dashnow H, Zody MC, Loose M, Jain M, Eichler EE, Miller DE.",medRxiv [Preprint]. 2024 Mar 7:2024.03.05.24303792. doi: 10.1101/2024.03.05.24303792.,Gustafson JA,medRxiv,2024,2024-03-18,PMC10942501,,10.1101/2024.03.05.24303792
38454125,Clonal hematopoiesis of indeterminate potential is associated with acute kidney injury,"Vlasschaert C, Robinson-Cohen C, Chen J, Akwo E, Parker AC, Silver SA, Bhatraju PK, Poisner H, Cao S, Jiang M, Wang Y, Niu A, Siew E, Van Amburg JC, Kramer HJ, Kottgen A, Franceschini N, Psaty BM, Tracy RP, Alonso A, Arking DE, Coresh J, Ballantyne CM, Boerwinkle E, Grams M, Zhang MZ, Kestenbaum B, Lanktree MB, Rauh MJ, Harris RC Jr, Bick AG.",Nat Med. 2024 Mar;30(3):810-817. doi: 10.1038/s41591-024-02854-6. Epub 2024 Mar 7.,Vlasschaert C,Nat Med,2024,2024-03-07,PMC10957477,,10.1038/s41591-024-02854-6
37693542,Gene count normalization in single-cell imaging-based spatially resolved transcriptomics,"Atta L, Clifton K, Anant M, Aihara G, Fan J.",bioRxiv [Preprint]. 2024 Mar 6:2023.08.30.555624. doi: 10.1101/2023.08.30.555624.,Atta L,bioRxiv,2024,2023-09-11,PMC10491191,,10.1101/2023.08.30.555624
38278971,"Scalable, accessible and reproducible reference genome assembly and evaluation in Galaxy","Larivière D, Abueg L, Brajuka N, Gallardo-Alba C, Grüning B, Ko BJ, Ostrovsky A, Palmada-Flores M, Pickett BD, Rabbani K, Antunes A, Balacco JR, Chaisson MJP, Cheng H, Collins J, Couture M, Denisova A, Fedrigo O, Gallo GR, Giani AM, Gooder GM, Horan K, Jain N, Johnson C, Kim H, Lee C, Marques-Bonet T, O'Toole B, Rhie A, Secomandi S, Sozzoni M, Tilley T, Uliano-Silva M, van den Beek M, Williams RW, Waterhouse RM, Phillippy AM, Jarvis ED, Schatz MC, Nekrutenko A, Formenti G.",Nat Biotechnol. 2024 Mar;42(3):367-370. doi: 10.1038/s41587-023-02100-3.,Larivière D,Nat Biotechnol,2024,2024-01-26,PMC11462542,NIHMS2023989,10.1038/s41587-023-02100-3
38495778,Bayesian Multi-View Clustering given complex inter-view structure,"Shapiro BD, Battle A.",F1000Res. 2024 Feb 29;11:1460. doi: 10.12688/f1000research.126215.2. eCollection 2022.,Shapiro BD,F1000Res,2024,2024-03-18,PMC10940850,,10.12688/f1000research.126215.2
38407353,Artificial intelligence and technology collaboratories: Empowering innovation in AI + AgeTech,"Li RM, Abadir PM, Battle A, Chellappa R, Choudhry NK, Demiris G, Ganesan D, Karlawish J, Moore JH, Walston JD.",J Am Geriatr Soc. 2024 May;72(5):1602-1604. doi: 10.1111/jgs.18804. Epub 2024 Feb 26.,Li RM,J Am Geriatr Soc,2024,2024-02-26,PMC11090702,NIHMS1970459,10.1111/jgs.18804
38383452,Efficient encoding of large antigenic spaces by epitope prioritization with Dolphyn,"Liebhoff AM, Venkataraman T, Morgenlander WR, Na M, Kula T, Waugh K, Morrison C, Rewers M, Longman R, Round J, Elledge S, Ruczinski I, Langmead B, Larman HB.",Nat Commun. 2024 Feb 21;15(1):1577. doi: 10.1038/s41467-024-45601-8.,Liebhoff AM,Nat Commun,2024,2024-02-21,PMC10881494,,10.1038/s41467-024-45601-8
37961660,Movi: a fast and cache-efficient full-text pangenome index,"Zakeri M, Brown NK, Ahmed OY, Gagie T, Langmead B.",bioRxiv [Preprint]. 2024 Feb 15:2023.11.04.565615. doi: 10.1101/2023.11.04.565615.,Zakeri M,bioRxiv,2024,2023-11-14,PMC10635132,,10.1101/2023.11.04.565615
37745608,"Measuring, visualizing and diagnosing reference bias with biastools","Lin MJ, Iyer S, Chen NC, Langmead B.",bioRxiv [Preprint]. 2024 Feb 15:2023.09.13.557552. doi: 10.1101/2023.09.13.557552.,Lin MJ,bioRxiv,2024,2023-09-25,PMC10515925,,10.1101/2023.09.13.557552
38410652,Evaluation of simulation methods for tumor subclonal reconstruction,"Lai J, Liu Y, Scharpf RB, Karchin R.",ArXiv [Preprint]. 2024 Feb 14:arXiv:2402.09599v1.,Lai J,ArXiv,2024,2024-02-27,PMC10896360,,
38405757,Proteomic Signature of HIV-Associated Subclinical Left Atrial Remodeling and Incident Heart Failure,"Peterson TE, Hahn VS, Moaddel R, Zhu M, Haberlen SA, Palella FJ, Plankey M, Bader JS, Lima JA, Gerszten RE, Rotter JI, Rich SS, Heckbert SR, Kirk GD, Piggott DA, Ferrucci L, Margolick JB, Brown TT, Wu KC, Post WS.",medRxiv [Preprint]. 2024 Feb 14:2024.02.13.24302797. doi: 10.1101/2024.02.13.24302797.,Peterson TE,medRxiv,2024,2024-02-26,PMC10888991,,10.1101/2024.02.13.24302797
38349571,Mitochondrial genetic variation and risk of chronic kidney disease and acute kidney injury in UK Biobank participants,"Jotwani V, Yang SY, Thiessen-Philbrook H, Parikh CR, Katz R, Tranah GJ, Ix JH, Cummings S, Waikar SS, Shlipak MG, Sarnak MJ, Parikh SM, Arking DE.",Hum Genet. 2024 Feb;143(2):151-157. doi: 10.1007/s00439-023-02615-4. Epub 2024 Feb 13.,Jotwani V,Hum Genet,2024,2024-02-13,PMC10881785,,10.1007/s00439-023-02615-4
38352513,Mitochondrial DNA copy number reduction via in vitro TFAM knockout remodels the nuclear epigenome and transcriptome,"Nguyen J, Win PW, Nagano TS, Shin EH, Newcomb C, Arking DE, Castellani CA.",bioRxiv [Preprint]. 2024 Feb 10:2024.01.29.577835. doi: 10.1101/2024.01.29.577835.,Nguyen J,bioRxiv,2024,2024-02-14,PMC10862824,,10.1101/2024.01.29.577835
38324244,Artificial Intelligence and Technology Collaboratories: Innovating aging research and Alzheimer's care,"Abadir P, Oh E, Chellappa R, Choudhry N, Demiris G, Ganesan D, Karlawish J, Marlin B, Li RM, Dehak N, Arbaje A, Unberath M, Cudjoe T, Chute C, Moore JH, Phan P, Samus Q, Schoenborn NL, Battle A, Walston JD.",Alzheimers Dement. 2024 Apr;20(4):3074-3079. doi: 10.1002/alz.13710. Epub 2024 Feb 7.,Abadir P,Alzheimers Dement,2024,2024-02-07,PMC11032553,,10.1002/alz.13710
38071472,Aberrant landscapes of maternal meiotic crossovers contribute to aneuploidies in human embryos,"Ariad D, Madjunkova S, Madjunkov M, Chen S, Abramov R, Librach C, McCoy RC.",Genome Res. 2024 Feb 7;34(1):70-84. doi: 10.1101/gr.278168.123.,Ariad D,Genome Res,2024,2023-12-10,PMC10903951,,10.1101/gr.278168.123
38352580,Spatial domain detection using contrastive self-supervised learning for spatial multi-omics technologies,"Yao J, Yu J, Caffo B, Page SC, Martinowich K, Hicks SC.",bioRxiv [Preprint]. 2024 Feb 4:2024.02.02.578662. doi: 10.1101/2024.02.02.578662.,Yao J,bioRxiv,2024,2024-02-14,PMC10862910,,10.1101/2024.02.02.578662
38352539,Proteome-Wide Assessment of Clustering of Missense Variants in Neurodevelopmental Disorders Versus Cancer,"Ng JK, Chen Y, Akinwe TM, Heins HB, Mehinovic E, Chang Y, Payne ZL, Manuel JG, Karchin R, Turner TN.",medRxiv [Preprint]. 2024 Feb 4:2024.02.02.24302238. doi: 10.1101/2024.02.02.24302238.,Ng JK,medRxiv,2024,2024-02-14,PMC10863034,,10.1101/2024.02.02.24302238
38361606,DandD: Efficient measurement of sequence growth and similarity,"Bonnie JK, Ahmed OY, Langmead B.",iScience. 2024 Feb 1;27(3):109054. doi: 10.1016/j.isci.2024.109054. eCollection 2024 Mar 15.,Bonnie JK,iScience,2024,2024-02-16,PMC10867639,,10.1016/j.isci.2024.109054
38352348,Islands of genomic stability in the face of genetically unstable metastatic cancer,"Bowland K, Lai J, Skaist A, Zhang Y, Teh SSK, Roberts NJ, Thompson E, Wheelan SJ, Hruban RH, Karchin R, Iacobuzio-Donahue CA, Eshleman JR.",bioRxiv [Preprint]. 2024 Jan 29:2024.01.26.577508. doi: 10.1101/2024.01.26.577508.,Bowland K,bioRxiv,2024,2024-02-14,PMC10862738,,10.1101/2024.01.26.577508
38317984,Rare and common genetic determinants of mitochondrial function determine severity but not risk of amyotrophic lateral sclerosis,"Harvey C, Weinreich M, Lee JAK, Shaw AC, Ferraiuolo L, Mortiboys H, Zhang S, Hop PJ, Zwamborn RAJ, van Eijk K, Julian TH, Moll T, Iacoangeli A, Al Khleifat A, Quinn JP, Pfaff AL, Kõks S, Poulton J, Battle SL, Arking DE, Snyder MP; Project MinE ALS Sequencing Consortium; Veldink JH, Kenna KP, Shaw PJ, Cooper-Knock J.",Heliyon. 2024 Jan 24;10(3):e24975. doi: 10.1016/j.heliyon.2024.e24975. eCollection 2024 Feb 15.,Harvey C,Heliyon,2024,2024-02-06,PMC10839612,,10.1016/j.heliyon.2024.e24975
38266073,The gene expression landscape of the human locus coeruleus revealed by single-nucleus and spatially-resolved transcriptomics,"Weber LM, Divecha HR, Tran MN, Kwon SH, Spangler A, Montgomery KD, Tippani M, Bharadwaj R, Kleinman JE, Page SC, Hyde TM, Collado-Torres L, Maynard KR, Martinowich K, Hicks SC.",Elife. 2024 Jan 24;12:RP84628. doi: 10.7554/eLife.84628.,Weber LM,Elife,2024,2024-01-24,PMC10945708,,10.7554/eLife.84628
38328080,Aggregation of recount3 RNA-seq data improves inference of consensus and tissue-specific gene co-expression networks,"Ravichandran P, Parsana P, Keener R, Hansen KD, Battle A.",bioRxiv [Preprint]. 2024 Jan 23:2024.01.20.576447. doi: 10.1101/2024.01.20.576447.,Ravichandran P,bioRxiv,2024,2024-02-08,PMC10849507,,10.1101/2024.01.20.576447
38254214,SURGE: uncovering context-specific genetic-regulation of gene expression from single-cell RNA sequencing using latent-factor models,"Strober BJ, Tayeb K, Popp J, Qi G, Gordon MG, Perez R, Ye CJ, Battle A.",Genome Biol. 2024 Jan 22;25(1):28. doi: 10.1186/s13059-023-03152-z.,Strober BJ,Genome Biol,2024,2024-01-23,PMC10801966,,10.1186/s13059-023-03152-z
38276198,Hospital-Acquired Pneumonia and Ventilator-Associated Pneumonia: A Literature Review,"Miron M, Blaj M, Ristescu AI, Iosep G, Avădanei AN, Iosep DG, Crișan-Dabija R, Ciocan A, Perțea M, Manciuc CD, Luca Ș, Grigorescu C, Luca MC.",Microorganisms. 2024 Jan 20;12(1):213. doi: 10.3390/microorganisms12010213.,Miron M,Microorganisms,2024,2024-01-26,PMC10820465,,10.3390/microorganisms12010213
38240206,Risk Prediction in Male Adolescents With Congenital Long QT Syndrome: Implications for Sex-Specific Risk Stratification in Potassium Channel-Mediated Long QT Syndrome,"Bjelic M, Goldenberg I, Younis A, Chen AY, Huang DT, Yoruk A, Aktas MK, Rosero S, Cutter K, McNitt S, Sotoodehnia N, Kudenchuk PJ, Rea TD, Arking DE, Zareba W, Ackerman MJ, Goldenberg I.",J Am Heart Assoc. 2024 Feb 6;13(3):e028902. doi: 10.1161/JAHA.122.028902. Epub 2024 Jan 19.,Bjelic M,J Am Heart Assoc,2024,2024-01-19,PMC11056131,,10.1161/JAHA.122.028902
37939140,Elucidating the Heterogeneity of Immunotherapy Response and Immune-Related Toxicities by Longitudinal ctDNA and Immune Cell Compartment Tracking in Lung Cancer,"Murray JC, Sivapalan L, Hummelink K, Balan A, White JR, Niknafs N, Rhymee L, Pereira G, Rao N, Weksler B, Bahary N, Phallen J, Leal A, Bartlett DL, Marrone KA, Naidoo J, Goel A, Levy B, Rosner S, Hann CL, Scott SC, Feliciano J, Lam VK, Ettinger DS, Li QK, Illei PB, Monkhorst K, Scharpf RB, Brahmer JR, Velculescu VE, Zaidi AH, Forde PM, Anagnostou V.",Clin Cancer Res. 2024 Jan 17;30(2):389-403. doi: 10.1158/1078-0432.CCR-23-1469.,Murray JC,Clin Cancer Res,2024,2023-11-08,PMC10792359,,10.1158/1078-0432.CCR-23-1469
38260412,Association analysis of mitochondrial DNA heteroplasmic variants: methods and application,"Sun X, Bulekova K, Yang J, Lai M, Pitsillides AN, Liu X, Zhang Y, Guo X, Yong Q, Raffield LM, Rotter JI, Rich SS, Abecasis G, Carson AP, Vasan RS, Bis JC, Psaty BM, Boerwinkle E, Fitzpatrick AL, Satizabal CL, Arking DE, Ding J, Levy D; TOPMed mtDNA working group; Liu C.",medRxiv [Preprint]. 2024 Jan 13:2024.01.12.24301233. doi: 10.1101/2024.01.12.24301233.,Sun X,medRxiv,2024,2024-01-23,PMC10802757,,10.1101/2024.01.12.24301233
38206904,Retinoic acid signaling regulates spatiotemporal specification of human green and red cones,"Hadyniak SE, Hagen JFD, Eldred KC, Brenerman B, Hussey KA, McCoy RC, Sauria MEG, Kuchenbecker JA, Reh T, Glass I, Neitz M, Neitz J, Taylor J, Johnston RJ Jr.",PLoS Biol. 2024 Jan 11;22(1):e3002464. doi: 10.1371/journal.pbio.3002464. eCollection 2024 Jan.,Hadyniak SE,PLoS Biol,2024,2024-01-11,PMC10783767,,10.1371/journal.pbio.3002464
38015625,A mouse model of Weaver syndrome displays overgrowth and excess osteogenesis reversible with KDM6A/6B inhibition,"Gao CW, Lin W, Riddle RC, Kushwaha P, Boukas L, Björnsson HT, Hansen KD, Fahrner JA.",JCI Insight. 2024 Jan 9;9(1):e173392. doi: 10.1172/jci.insight.173392.,Gao CW,JCI Insight,2024,2023-11-28,PMC10906465,,10.1172/jci.insight.173392
38260329,Predicting Alu exonization in the human genome with a deep learning model,"He Z, Chen O, Phillips N, Pasquesi GIM, Sabunciyan S, Florea L.",bioRxiv [Preprint]. 2024 Jan 4:2024.01.03.574099. doi: 10.1101/2024.01.03.574099.,He Z,bioRxiv,2024,2024-01-23,PMC10802380,,10.1101/2024.01.03.574099
38260578,MntJULiP and Jutils: Differential splicing analysis of RNA-seq data with covariates,"Lui WW, Yang G, Florea L.",bioRxiv [Preprint]. 2024 Jan 2:2024.01.01.573825. doi: 10.1101/2024.01.01.573825.,Lui WW,bioRxiv,2024,2024-01-23,PMC10802308,,10.1101/2024.01.01.573825
38165046,Cell-free DNA reveals distinct pathology of multisystem inflammatory syndrome in children,"Andargie TE, Roznik K, Redekar N, Hill T, Zhou W, Apalara Z, Kong H, Gordon O, Meda R, Park W, Johnston TS, Wang Y, Brady S, Ji H, Yanovski JA, Jang MK, Lee CM, Karaba AH, Cox AL, Agbor-Enoh S.",J Clin Invest. 2024 Jan 2;134(1):e178008. doi: 10.1172/JCI178008.,Andargie TE,J Clin Invest,2024,2024-01-02,PMC10760949,,10.1172/JCI178008
37824071,RNA-Binding Protein-Mediated mRNA Deadenylation in Mammalian Cell Extracts,"Lai WS, Hicks SN, Blackshear PJ.",Methods Mol Biol. 2024;2723:173-191. doi: 10.1007/978-1-0716-3481-3_11.,Lai WS,Methods Mol Biol,2024,2023-10-12,PMC11025660,NIHMS1983568,10.1007/978-1-0716-3481-3_11
38066089,ERK hyperactivation serves as a unified mechanism of escape in intrinsic and acquired CDK4/6 inhibitor resistance in acral lentiginous melanoma,"Jagirdar K, Portuallo ME, Wei M, Wilhide M, Bravo Narula JA, Robertson BM, Alicea GM, Aguh C, Xiao M, Godok T, Fingerman D, Brown GS, Herlyn M, Elad VM, Guo X, Toska E, Zabransky DJ, Wubbenhorst B, Nathanson KL, Kwatra S, Goyal Y, Ji H, Liu Q, Rebecca VW.",Oncogene. 2024 Feb;43(6):395-405. doi: 10.1038/s41388-023-02900-6. Epub 2023 Dec 8.,Jagirdar K,Oncogene,2024,2023-12-08,PMC10837073,,10.1038/s41388-023-02900-6
38070624,Soluble PD-L1 reprograms blood monocytes to prevent cerebral edema and facilitate recovery after ischemic stroke,"Kim JE, Lee RP, Yazigi E, Atta L, Feghali J, Pant A, Jain A, Levitan I, Kim E, Patel K, Kannapadi N, Shah P, Bibic A, Hou Z, Caplan JM, Gonzalez LF, Huang J, Xu R, Fan J, Tyler B, Brem H, Boussiotis VA, Jantzie L, Robinson S, Koehler RC, Lim M, Tamargo RJ, Jackson CM.",Brain Behav Immun. 2024 Feb;116:160-174. doi: 10.1016/j.bbi.2023.12.007. Epub 2023 Dec 7.,Kim JE,Brain Behav Immun,2024,2023-12-09,PMC11220828,NIHMS2002822,10.1016/j.bbi.2023.12.007
38036856,Improved sequence mapping using a complete reference genome and lift-over,"Chen NC, Paulin LF, Sedlazeck FJ, Koren S, Phillippy AM, Langmead B.",Nat Methods. 2024 Jan;21(1):41-49. doi: 10.1038/s41592-023-02069-6. Epub 2023 Nov 30.,Chen NC,Nat Methods,2024,2023-11-30,PMC11610747,NIHMS2035437,10.1038/s41592-023-02069-6
37926187,Direct sequencing of insect symbionts via nanopore adaptive sampling,"Badger JH, Giordano R, Zimin A, Wappel R, Eskipehlivan SM, Muller S, Donthu R, Soto-Adames F, Vieira P, Zasada I, Goodwin S.",Curr Opin Insect Sci. 2024 Feb;61:101135. doi: 10.1016/j.cois.2023.101135. Epub 2023 Nov 4.,Badger JH,Curr Opin Insect Sci,2024,2023-11-05,PMC11793409,NIHMS2044547,10.1016/j.cois.2023.101135
37792259,Identification of Regulatory Elements in Primary Sensory Neurons Involved in Trauma-Induced Neuropathic Pain,"Stephens KE, Moore C, Vinson DA, White BE, Renfro Z, Zhou W, Ji Z, Ji H, Zhu H, Guan Y, Taverna SD.",Mol Neurobiol. 2024 Mar;61(3):1845-1859. doi: 10.1007/s12035-023-03673-5. Epub 2023 Oct 4.,Stephens KE,Mol Neurobiol,2024,2023-10-04,PMC10896855,,10.1007/s12035-023-03673-5
36384317,Damaging Mutations in AFDN Contribute to Risk of Nonsyndromic Cleft Lip With or Without Cleft Palate,"Awotoye W, Mossey PA, Hetmanski JB, Gowans LJJ, Eshete MA, Adeyemo WL, Alade A, Zeng E, Adamson O, James O, Fashina A, Ogunlewe MO, Naicker T, Adeleke C, Busch T, Li M, Petrin A, Oladayo A, Kayali S, Olotu J, Sule V, Hassan M, Pape J, Aladenika ET, Donkor P, Arthur FKN, Obiri-Yeboah S, Sabbah DK, Agbenorku P, Ray D, Plange-Rhule G, Oti AA, Albokhari D, Sobreira N, Dunnwald M, Beaty TH, Taub M, Marazita ML, Adeyemo AA, Murray JC, Butali A.",Cleft Palate Craniofac J. 2024 Apr;61(4):697-705. doi: 10.1177/10556656221135926. Epub 2022 Nov 16.,Awotoye W,Cleft Palate Craniofac J,2024,2022-11-17,PMC10185709,NIHMS1865445,10.1177/10556656221135926
36511385,Inference after latent variable estimation for single-cell RNA sequencing data,"Neufeld A, Gao LL, Popp J, Battle A, Witten D.",Biostatistics. 2023 Dec 15;25(1):270-287. doi: 10.1093/biostatistics/kxac047.,Neufeld A,Biostatistics,2023,2022-12-13,PMC12235260,,10.1093/biostatistics/kxac047
36063544,A scalable and unbiased discordance metric with H,"Dyjack N, Baker DN, Braverman V, Langmead B, Hicks SC.",Biostatistics. 2023 Dec 15;25(1):188-202. doi: 10.1093/biostatistics/kxac035.,Dyjack N,Biostatistics,2023,2022-09-05,PMC10724244,,10.1093/biostatistics/kxac035
38098055,Challenges and opportunities to computationally deconvolve heterogeneous tissue with varying cell sizes using single-cell RNA-sequencing datasets,"Maden SK, Kwon SH, Huuki-Myers LA, Collado-Torres L, Hicks SC, Maynard KR.",Genome Biol. 2023 Dec 14;24(1):288. doi: 10.1186/s13059-023-03123-4.,Maden SK,Genome Biol,2023,2023-12-15,PMC10722720,,10.1186/s13059-023-03123-4
38065970,STalign: Alignment of spatial transcriptomics data using diffeomorphic metric mapping,"Clifton K, Anant M, Aihara G, Atta L, Aimiuwu OK, Kebschull JM, Miller MI, Tward D, Fan J.",Nat Commun. 2023 Dec 8;14(1):8123. doi: 10.1038/s41467-023-43915-7.,Clifton K,Nat Commun,2023,2023-12-08,PMC10709594,,10.1038/s41467-023-43915-7
38107654,escheR: unified multi-dimensional visualizations with Gestalt principles,"Guo B, Huuki-Myers LA, Grant-Peters M, Collado-Torres L, Hicks SC.",Bioinform Adv. 2023 Dec 6;3(1):vbad179. doi: 10.1093/bioadv/vbad179. eCollection 2023.,Guo B,Bioinform Adv,2023,2023-12-18,PMC10723033,,10.1093/bioadv/vbad179
38106101,"Mitochondrial DNA Copy Number Variation in Asthma Risk, Severity, and Exacerbations","Xu W, Hong YS, Hu B, Comhair SAA, Janocha AJ, Zein JG, Chen R, Meyers DA, Mauger DT, Ortega VE, Bleecker ER, Castro M, Denlinger LC, Fahy JV, Israel E, Levy BD, Jarjour NN, Moore WC, Wenzel SE, Gaston B, Liu C, Arking DE, Erzurum SC; National Heart, Lung, and Blood Institute (NHLBI) Severe Asthma Research Program (SARP) and TOPMed mtDNA Working Group in NHLBI Trans-Omics for Precision Medicine (TOPMed) Consortium.",medRxiv [Preprint]. 2023 Dec 5:2023.12.05.23299392. doi: 10.1101/2023.12.05.23299392.,Xu W,medRxiv,2023,2023-12-18,PMC10723502,,10.1101/2023.12.05.23299392
38077089,The Complete Sequence and Comparative Analysis of Ape Sex Chromosomes,"Makova KD, Pickett BD, Harris RS, Hartley GA, Cechova M, Pal K, Nurk S, Yoo D, Li Q, Hebbar P, McGrath BC, Antonacci F, Aubel M, Biddanda A, Borchers M, Bomberg E, Bouffard GG, Brooks SY, Carbone L, Carrel L, Carroll A, Chang PC, Chin CS, Cook DE, Craig SJC, de Gennaro L, Diekhans M, Dutra A, Garcia GH, Grady PGS, Green RE, Haddad D, Hallast P, Harvey WT, Hickey G, Hillis DA, Hoyt SJ, Jeong H, Kamali K, Kosakovsky Pond SL, LaPolice TM, Lee C, Lewis AP, Loh YE, Masterson P, McCoy RC, Medvedev P, Miga KH, Munson KM, Pak E, Paten B, Pinto BJ, Potapova T, Rhie A, Rocha JL, Ryabov F, Ryder OA, Sacco S, Shafin K, Shepelev VA, Slon V, Solar SJ, Storer JM, Sudmant PH, Sweetalana, Sweeten A, Tassia MG, Thibaud-Nissen F, Ventura M, Wilson MA, Young AC, Zeng H, Zhang X, Szpiech ZA, Huber CD, Gerton JL, Yi SV, Schatz MC, Alexandrov IA, Koren S, O'Neill RJ, Eichler E, Phillippy AM.",bioRxiv [Preprint]. 2023 Dec 1:2023.11.30.569198. doi: 10.1101/2023.11.30.569198.,Makova KD,bioRxiv,2023,2023-12-11,PMC10705393,,10.1101/2023.11.30.569198
38076891,A Global Transcriptional Atlas of the Effect of Sleep Deprivation in the Mouse Frontal Cortex,"Ford K, Zuin E, Righelli D, Medina E, Schoch H, Singletary K, Muheim C, Frank MG, Hicks SC, Risso D, Peixoto L.",bioRxiv [Preprint]. 2023 Nov 28:2023.11.28.569011. doi: 10.1101/2023.11.28.569011.,Ford K,bioRxiv,2023,2023-12-11,PMC10705260,,10.1101/2023.11.28.569011
38029743,Identifying risk variants for embryo aneuploidy using ultra-low coverage whole-genome sequencing from preimplantation genetic testing,"Sun S, Aboelenain M, Ariad D, Haywood ME, Wageman CR, Duke M, Bag A, Viotti M, Katz-Jaffe M, McCoy RC, Schindler K, Xing J.",Am J Hum Genet. 2023 Dec 7;110(12):2092-2102. doi: 10.1016/j.ajhg.2023.11.002. Epub 2023 Nov 28.,Sun S,Am J Hum Genet,2023,2023-11-29,PMC10716496,,10.1016/j.ajhg.2023.11.002
38017015,Single cell and spatial transcriptomics analysis of kidney double negative T lymphocytes in normal and ischemic mouse kidneys,"Gharaie S, Lee K, Noller K, Lo EK, Miller B, Jung HJ, Newman-Rivera AM, Kurzhagen JT, Singla N, Welling PA, Fan J, Cahan P, Noel S, Rabb H.",Sci Rep. 2023 Nov 28;13(1):20888. doi: 10.1038/s41598-023-48213-2.,Gharaie S,Sci Rep,2023,2023-11-28,PMC10684868,,10.1038/s41598-023-48213-2
38014212,A Genome Sequence for the Threatened Whitebark Pine,"Neale DB, Zimin AV, Meltzer A, Bhattarai A, Amee M, Corona LF, Allen BJ, Puiu D, Wright J, Torre AR, McGuire PE, Timp W, Salzberg SL, Wegrzyn JL.",bioRxiv [Preprint]. 2023 Nov 17:2023.11.16.567420. doi: 10.1101/2023.11.16.567420.,Neale DB,bioRxiv,2023,2023-11-28,PMC10680812,,10.1101/2023.11.16.567420
38014029,Centrifuger: lossless compression of microbial genomes for efficient and accurate metagenomic sequence classification,"Song L, Langmead B.",bioRxiv [Preprint]. 2023 Nov 17:2023.11.15.567129. doi: 10.1101/2023.11.15.567129.,Song L,bioRxiv,2023,2023-11-28,PMC10680779,,10.1101/2023.11.15.567129
37333422,Aberrant landscapes of maternal meiotic crossovers contribute to aneuploidies in human embryos,"Ariad D, Madjunkova S, Madjunkov M, Chen S, Abramov R, Librach C, McCoy RC.",bioRxiv [Preprint]. 2023 Nov 17:2023.06.07.543910. doi: 10.1101/2023.06.07.543910.,Ariad D,bioRxiv,2023,2023-06-19,PMC10274764,,10.1101/2023.06.07.543910
38003927,Periorbital Facial Necrotizing Fasciitis in Adults: A Rare Severe Disease with Complex Diagnosis and Surgical Treatment-A New Case Report and Systematic Review,"Pertea M, Fotea MC, Luca S, Moraru DC, Filip A, Olinici-Temelie D, Lunca S, Carp AC, Grosu OM, Amarandei A, Veliceasa B.",J Pers Med. 2023 Nov 16;13(11):1612. doi: 10.3390/jpm13111612.,Pertea M,J Pers Med,2023,2023-11-25,PMC10672041,,10.3390/jpm13111612
38510173,VistoSeg: Processing utilities for high-resolution images for spatially resolved transcriptomics data,"Tippani M, Divecha HR, Catallini JL 2nd, Kwon SH, Weber LM, Spangler A, Jaffe AE, Hyde TM, Kleinman JE, Hicks SC, Martinowich K, Collado-Torres L, Page SC, Maynard KR.",Biol Imaging. 2023 Nov 13;3:e23. doi: 10.1017/S2633903X23000235. eCollection 2023.,Tippani M,Biol Imaging,2023,2024-03-21,PMC10951916,,10.1017/S2633903X23000235
38014075,An encyclopedia of enhancer-gene regulatory interactions in the human genome,"Gschwind AR, Mualim KS, Karbalayghareh A, Sheth MU, Dey KK, Jagoda E, Nurtdinov RN, Xi W, Tan AS, Jones H, Ma XR, Yao D, Nasser J, Avsec Ž, James BT, Shamim MS, Durand NC, Rao SSP, Mahajan R, Doughty BR, Andreeva K, Ulirsch JC, Fan K, Perez EM, Nguyen TC, Kelley DR, Finucane HK, Moore JE, Weng Z, Kellis M, Bassik MC, Price AL, Beer MA, Guigó R, Stamatoyannopoulos JA, Lieberman Aiden E, Greenleaf WJ, Leslie CS, Steinmetz LM, Kundaje A, Engreitz JM.",bioRxiv [Preprint]. 2023 Nov 13:2023.11.09.563812. doi: 10.1101/2023.11.09.563812.,Gschwind AR,bioRxiv,2023,2023-11-28,PMC10680627,,10.1101/2023.11.09.563812
37949861,A statistical framework for differential pseudotime analysis with multiple single-cell RNA-seq samples,"Hou W, Ji Z, Chen Z, Wherry EJ, Hicks SC, Ji H.",Nat Commun. 2023 Nov 10;14(1):7286. doi: 10.1038/s41467-023-42841-y.,Hou W,Nat Commun,2023,2023-11-10,PMC10638410,,10.1038/s41467-023-42841-y
38020977,Parallel laboratory evolution and rational debugging reveal genomic plasticity to S. cerevisiae synthetic chromosome XIV defects,"Williams TC, Kroukamp H, Xu X, Wightman ELI, Llorente B, Borneman AR, Carpenter AC, Van Wyk N, Meier F, Collier TRV, Espinosa MI, Daniel EL, Walker RSK, Cai Y, Nevalainen HKM, Curach NC, Deveson IW, Mercer TR, Johnson DL, Mitchell LA, Bader JS, Stracquadanio G, Boeke JD, Goold HD, Pretorius IS, Paulsen IT.",Cell Genom. 2023 Nov 9;3(11):100379. doi: 10.1016/j.xgen.2023.100379. eCollection 2023 Nov 8.,Williams TC,Cell Genom,2023,2023-11-29,PMC10667330,,10.1016/j.xgen.2023.100379
38020974,Consequences of a telomerase-related fitness defect and chromosome substitution technology in yeast synIX strains,"McCulloch LH, Sambasivam V, Hughes AL, Annaluru N, Ramalingam S, Fanfani V, Lobzaev E, Mitchell LA, Cai J; Build-A-Genome Class; Jiang H, LaCava J, Taylor MS, Bishai WR, Stracquadanio G, Steinmetz LM, Bader JS, Zhang W, Boeke JD, Chandrasegaran S.",Cell Genom. 2023 Nov 9;3(11):100419. doi: 10.1016/j.xgen.2023.100419. eCollection 2023 Nov 8.,McCulloch LH,Cell Genom,2023,2023-11-29,PMC10667316,,10.1016/j.xgen.2023.100419
38020971,Synthetic yeast chromosome XI design provides a testbed for the study of extrachromosomal circular DNA dynamics,"Blount BA, Lu X, Driessen MRM, Jovicevic D, Sanchez MI, Ciurkot K, Zhao Y, Lauer S, McKiernan RM, Gowers GF, Sweeney F, Fanfani V, Lobzaev E, Palacios-Flores K, Walker RSK, Hesketh A, Cai J, Oliver SG, Cai Y, Stracquadanio G, Mitchell LA, Bader JS, Boeke JD, Ellis T.",Cell Genom. 2023 Nov 9;3(11):100418. doi: 10.1016/j.xgen.2023.100418. eCollection 2023 Nov 8.,Blount BA,Cell Genom,2023,2023-11-29,PMC10667340,,10.1016/j.xgen.2023.100418
38020970,Establishing chromosomal design-build-test-learn through a synthetic chromosome and its combinatorial reconfiguration,"Foo JL, Kitano S, Susanto AV, Jin Z, Lin Y, Luo Z, Huang L, Liang Z, Mitchell LA, Yang K, Wong A, Cai Y, Cai J, Stracquadanio G, Bader JS, Boeke JD, Dai J, Chang MW.",Cell Genom. 2023 Nov 9;3(11):100435. doi: 10.1016/j.xgen.2023.100435. eCollection 2023 Nov 8.,Foo JL,Cell Genom,2023,2023-11-29,PMC10667554,,10.1016/j.xgen.2023.100435
38020969,Context-dependent neocentromere activity in synthetic yeast chromosome VIII,"Lauer S, Luo J, Lazar-Stefanita L, Zhang W, McCulloch LH, Fanfani V, Lobzaev E, Haase MAB, Easo N, Zhao Y, Yu F, Cai J; Build-A-Genome Class; Bader JS, Stracquadanio G, Boeke JD.",Cell Genom. 2023 Nov 9;3(11):100437. doi: 10.1016/j.xgen.2023.100437. eCollection 2023 Nov 8.,Lauer S,Cell Genom,2023,2023-11-29,PMC10667555,,10.1016/j.xgen.2023.100437
38020968,Dissecting aneuploidy phenotypes by constructing Sc2.0 chromosome VII and SCRaMbLEing synthetic disomic yeast,"Shen Y, Gao F, Wang Y, Wang Y, Zheng J, Gong J, Zhang J, Luo Z, Schindler D, Deng Y, Ding W, Lin T, Swidah R, Zhao H, Jiang S, Zeng C, Chen S, Chen T, Wang Y, Luo Y, Mitchell L, Bader JS, Zhang G, Shen X, Wang J, Fu X, Dai J, Boeke JD, Yang H, Xu X, Cai Y.",Cell Genom. 2023 Nov 9;3(11):100364. doi: 10.1016/j.xgen.2023.100364. eCollection 2023 Nov 8.,Shen Y,Cell Genom,2023,2023-11-29,PMC10667312,,10.1016/j.xgen.2023.100364
38020967,Synthetic chromosome fusion: Effects on mitotic and meiotic genome structure and function,"Luo J, Vale-Silva LA, Raghavan AR, Mercy G, Heldrich J, Sun X, Li MK, Zhang W, Agmon N, Yang K, Cai J, Stracquadanio G, Thierry A, Zhao Y, Coelho C, McCulloch LH, Lauer S; Build-A-Genome Class; Kaback DB, Bader JS, Mitchell LA, Mozziconacci J, Koszul R, Hochwagen A, Boeke JD.",Cell Genom. 2023 Nov 9;3(11):100439. doi: 10.1016/j.xgen.2023.100439. eCollection 2023 Nov 8.,Luo J,Cell Genom,2023,2023-11-29,PMC10667551,,10.1016/j.xgen.2023.100439
37940654,EASTR: Identifying and eliminating systematic alignment errors in multi-exon genes,"Shinder I, Hu R, Ji HJ, Chao KH, Pertea M.",Nat Commun. 2023 Nov 9;14(1):7223. doi: 10.1038/s41467-023-43017-4.,Shinder I,Nat Commun,2023,2023-11-08,PMC10632439,,10.1038/s41467-023-43017-4
37965206,Sources of gene expression variation in a globally diverse human cohort,"Taylor DJ, Chhetri SB, Tassia MG, Biddanda A, Battle A, McCoy RC.",bioRxiv [Preprint]. 2023 Nov 8:2023.11.04.565639. doi: 10.1101/2023.11.04.565639.,Taylor DJ,bioRxiv,2023,2023-11-15,PMC10635147,,10.1101/2023.11.04.565639
37998534,The Renin-Angiotensin System: The Challenge behind Autoimmune Dermatological Diseases,"Maranduca MA, Cosovanu MA, Clim A, Pinzariu AC, Filip N, Drochioi IC, Vlasceanu VI, Timofte DV, Nemteanu R, Plesa A, Pertea M, Serban IL.",Diagnostics (Basel). 2023 Nov 7;13(22):3398. doi: 10.3390/diagnostics13223398.,Maranduca MA,Diagnostics (Basel),2023,2023-11-24,PMC10670244,,10.3390/diagnostics13223398
37986808,Transcriptomics and chromatin accessibility in multiple African population samples,"DeGorter MK, Goddard PC, Karakoc E, Kundu S, Yan SM, Nachun D, Abell N, Aguirre M, Carstensen T, Chen Z, Durrant M, Dwaracherla VR, Feng K, Gloudemans MJ, Hunter N, Moorthy MPS, Pomilla C, Rodrigues KB, Smith CJ, Smith KS, Ungar RA, Balliu B, Fellay J, Flicek P, McLaren PJ, Henn B, McCoy RC, Sugden L, Kundaje A, Sandhu MS, Gurdasani D, Montgomery SB.",bioRxiv [Preprint]. 2023 Nov 6:2023.11.04.564839. doi: 10.1101/2023.11.04.564839.,DeGorter MK,bioRxiv,2023,2023-11-21,PMC10659267,,10.1101/2023.11.04.564839
38028628,Gene-educational attainment interactions in a multi-population genome-wide meta-analysis identify novel lipid loci,"de las Fuentes L, Schwander KL, Brown MR, Bentley AR, Winkler TW, Sung YJ, Munroe PB, Miller CL, Aschard H, Aslibekyan S, Bartz TM, Bielak LF, Chai JF, Cheng CY, Dorajoo R, Feitosa MF, Guo X, Hartwig FP, Horimoto A, Kolčić I, Lim E, Liu Y, Manning AK, Marten J, Musani SK, Noordam R, Padmanabhan S, Rankinen T, Richard MA, Ridker PM, Smith AV, Vojinovic D, Zonderman AB, Alver M, Boissel M, Christensen K, Freedman BI, Gao C, Giulianini F, Harris SE, He M, Hsu FC, Kühnel B, Laguzzi F, Li X, Lyytikäinen LP, Nolte IM, Poveda A, Rauramaa R, Riaz M, Robino A, Sofer T, Takeuchi F, Tayo BO, van der Most PJ, Verweij N, Ware EB, Weiss S, Wen W, Yanek LR, Zhan Y, Amin N, Arking DE, Ballantyne C, Boerwinkle E, Brody JA, Broeckel U, Campbell A, Canouil M, Chai X, Chen YI, Chen X, Chitrala KN, Concas MP, de Faire U, de Mutsert R, de Silva HJ, de Vries PS, Do A, Faul JD, Fisher V, Floyd JS, Forrester T, Friedlander Y, Girotto G, Gu CC, Hallmans G, Heikkinen S, Heng CK, Homuth G, Hunt S, Ikram MA, Jacobs DR Jr, Kavousi M, Khor CC, Kilpeläinen TO, Koh WP, Komulainen P, Langefeld CD, Liang J, et al.",Front Genet. 2023 Nov 2;14:1235337. doi: 10.3389/fgene.2023.1235337. eCollection 2023.,de las Fuentes L,Front Genet,2023,2023-11-29,PMC10651736,,10.3389/fgene.2023.1235337
37961604,LARP1 senses free ribosomes to coordinate supply and demand of ribosomal proteins,"Saba JA, Huang Z, Schole KL, Ye X, Bhatt SD, Li Y, Timp W, Cheng J, Green R.",bioRxiv [Preprint]. 2023 Nov 2:2023.11.01.565189. doi: 10.1101/2023.11.01.565189.,Saba JA,bioRxiv,2023,2023-11-14,PMC10635049,,10.1101/2023.11.01.565189
37651206,Cell-free DNA reveals distinct pathology of multisystem inflammatory syndrome in children,"Andargie TE, Roznik K, Redekar N, Hill T, Zhou W, Apalara Z, Kong H, Gordon O, Meda R, Park W, Johnston TS, Wang Y, Brady S, Ji H, Yanovski JA, Jang MK, Lee CM, Karaba AH, Cox AL, Agbor-Enoh S.",J Clin Invest. 2023 Nov 1;133(21):e171729. doi: 10.1172/JCI171729.,Andargie TE,J Clin Invest,2023,2023-08-31,PMC10617770,,10.1172/JCI171729
37904256,"CHESS 3: an improved, comprehensive catalog of human genes and transcripts based on large-scale expression data, phylogenetic analysis, and protein structure","Varabyou A, Sommer MJ, Erdogdu B, Shinder I, Minkin I, Chao KH, Park S, Heinz J, Pockrandt C, Shumate A, Rincon N, Puiu D, Steinegger M, Salzberg SL, Pertea M.",Genome Biol. 2023 Oct 30;24(1):249. doi: 10.1186/s13059-023-03088-4.,Varabyou A,Genome Biol,2023,2023-10-31,PMC10614308,,10.1186/s13059-023-03088-4
37904051,Mosaic chromosomal alterations in blood across ancestries using whole-genome sequencing,"Jakubek YA, Zhou Y, Stilp A, Bacon J, Wong JW, Ozcan Z, Arnett D, Barnes K, Bis JC, Boerwinkle E, Brody JA, Carson AP, Chasman DI, Chen J, Cho M, Conomos MP, Cox N, Doyle MF, Fornage M, Guo X, Kardia SLR, Lewis JP, Loos RJF, Ma X, Machiela MJ, Mack TM, Mathias RA, Mitchell BD, Mychaleckyj JC, North K, Pankratz N, Peyser PA, Preuss MH, Psaty B, Raffield LM, Vasan RS, Redline S, Rich SS, Rotter JI, Silverman EK, Smith JA, Smith AP, Taub M, Taylor KD, Yun J, Li Y, Desai P, Bick AG, Reiner AP, Scheet P, Auer PL.",Nat Genet. 2023 Nov;55(11):1912-1919. doi: 10.1038/s41588-023-01553-1. Epub 2023 Oct 30.,Jakubek YA,Nat Genet,2023,2023-10-31,PMC10632132,,10.1038/s41588-023-01553-1
37891237,Mitochondrial DNA copy number is associated with incident chronic kidney disease and proteinuria in the AIDS linked to the intravenous experience cohort,"Tewari SR, Kirk GD, Arking DE, Astemborski J, Newcomb C, Piggott DA, Mehta S, Lucas GM, Sun J.",Sci Rep. 2023 Oct 27;13(1):18406. doi: 10.1038/s41598-023-45404-9.,Tewari SR,Sci Rep,2023,2023-10-27,PMC10611749,,10.1038/s41598-023-45404-9
37885016,Pumping the brakes on RNA velocity by understanding and interpreting RNA velocity estimates,"Zheng SC, Stein-O'Brien G, Boukas L, Goff LA, Hansen KD.",Genome Biol. 2023 Oct 26;24(1):246. doi: 10.1186/s13059-023-03065-x.,Zheng SC,Genome Biol,2023,2023-10-26,PMC10601342,,10.1186/s13059-023-03065-x
37745614,Gene regulatory network inference from CRISPR perturbations in primary CD4+ T cells elucidates the genomic basis of immune disease,"Weinstock JS, Arce MM, Freimer JW, Ota M, Marson A, Battle A, Pritchard JK.",bioRxiv [Preprint]. 2023 Oct 24:2023.09.17.557749. doi: 10.1101/2023.09.17.557749.,Weinstock JS,bioRxiv,2023,2023-09-25,PMC10516010,,10.1101/2023.09.17.557749
37871105,Precision pharmacological reversal of strain-specific diet-induced metabolic syndrome in mice informed by epigenetic and transcriptional regulation,"Wulfridge P, Davidovich A, Salvador AC, Manno GC, Tryggvadottir R, Idrizi A, Huda MN, Bennett BJ, Adams LG, Hansen KD, Threadgill DW, Feinberg AP.",PLoS Genet. 2023 Oct 23;19(10):e1010997. doi: 10.1371/journal.pgen.1010997. eCollection 2023 Oct.,Wulfridge P,PLoS Genet,2023,2023-10-23,PMC10621921,,10.1371/journal.pgen.1010997
37905118,Determinants of mosaic chromosomal alteration fitness,"Pershad Y, Mack T, Poisner H, Jakubek YA, Stilp AM, Mitchell BD, Lewis JP, Boerwinkle E, Loos RJ, Chami N, Wang Z, Barnes K, Pankratz N, Fornage M, Redline S, Psaty BM, Bis JC, Shojaie A, Silverman EK, Cho MH, Yun J, DeMeo D, Levy D, Johnson A, Mathias R, Taub M, Arnett D, North K, Raffield LM, Carson A, Doyle MF, Rich SS, Rotter JI, Guo X, Cox N, Roden DM, Franceschini N, Desai P, Reiner A, Auer PL, Scheet P, Jaiswal S, Weinstock JS, Bick AG.",medRxiv [Preprint]. 2023 Oct 21:2023.10.20.23297280. doi: 10.1101/2023.10.20.23297280.,Pershad Y,medRxiv,2023,2023-10-31,PMC10615010,,10.1101/2023.10.20.23297280
39280063,Large-scale exome array summary statistics resources for glycemic traits to aid effector gene prioritization,"Willems SM, Ng NHJ, Fernandez J, Fine RS, Wheeler E, Wessel J, Kitajima H, Marenne G, Sim X, Yaghootkar H, Wang S, Chen S, Chen Y, Chen YI, Grarup N, Li-Gao R, Varga TV, Asimit JL, Feng S, Strawbridge RJ, Kleinbrink EL, Ahluwalia TS, An P, Appel EV, Arking DE, Auvinen J, Bielak LF, Bihlmeyer NA, Bork-Jensen J, Brody JA, Campbell A, Chu AY, Davies G, Demirkan A, Floyd JS, Giulianini F, Guo X, Gustafsson S, Jackson AU, Jakobsdottir J, Järvelin MR, Jensen RA, Kanoni S, Keinanen-Kiukaanniemi S, Li M, Lu Y, Luan J, Manning AK, Marten J, Meidtner K, Mook-Kanamori DO, Muka T, Pistis G, Prins B, Rice KM, Sanna S, Smith AV, Smith JA, Southam L, Stringham HM, Tragante V, van der Laan SW, Warren HR, Yao J, Yiorkas AM, Zhang W, Zhao W, Graff M, Highland HM, Justice AE, Marouli E, Medina-Gomez C, Afaq S, Alhejily WA, Amin N, Asselbergs FW, Bonnycastle LL, Bots ML, Brandslund I, Chen J, Danesh J, de Mutsert R, Dehghan A, Ebeling T, Elliott P; EPIC-Interact Consortium; Farmaki AE, Faul JD, Franks PW, Franks S, Fritsche A, Gjesing AP, Goodarzi MO, Gudnason V, Hallmans G, Harris TB, Herzig KH, Hivert MF, Jørgensen T, Jørgensen ME, et al.",Wellcome Open Res. 2023 Oct 20;8:483. doi: 10.12688/wellcomeopenres.18754.1. eCollection 2023.,Willems SM,Wellcome Open Res,2023,2024-09-16,PMC11399760,,10.12688/wellcomeopenres.18754.1
37864274,Performance of computational algorithms to deconvolve heterogeneous bulk ovarian tumor tissue depends on experimental factors,"Hippen AA, Omran DK, Weber LM, Jung E, Drapkin R, Doherty JA, Hicks SC, Greene CS.",Genome Biol. 2023 Oct 20;24(1):239. doi: 10.1186/s13059-023-03077-7.,Hippen AA,Genome Biol,2023,2023-10-20,PMC10588129,,10.1186/s13059-023-03077-7
37852962,"Author Correction: Probabilistic embedding, clustering, and alignment for integrating spatial transcriptomics data with PRECAST","Liu W, Liao X, Luo Z, Yang Y, Lau MC, Jiao Y, Shi X, Zhai W, Ji H, Yeong J, Liu J.",Nat Commun. 2023 Oct 18;14(1):6585. doi: 10.1038/s41467-023-42412-1.,Liu W,Nat Commun,2023,2023-10-18,PMC10584831,,10.1038/s41467-023-42412-1
39329069,Influence of Alzheimer's disease related neuropathology on local microenvironment gene expression in the human inferior temporal cortex,"Kwon SH, Parthiban S, Tippani M, Divecha HR, Eagles NJ, Lobana JS, Williams SR, Mak M, Bharadwaj RA, Kleinman JE, Hyde TM, Page SC, Hicks SC, Martinowich K, Maynard KR, Collado-Torres L.",GEN Biotechnol. 2023 Oct;2(5):399-417. doi: 10.1089/genbio.2023.0019. Epub 2023 Oct 16.,Kwon SH,GEN Biotechnol,2023,2024-09-27,PMC11426291,NIHMS2020091,10.1089/genbio.2023.0019
37845779,Data-driven identification of total RNA expression genes for estimation of RNA abundance in heterogeneous cell types highlighted in brain tissue,"Huuki-Myers LA, Montgomery KD, Kwon SH, Page SC, Hicks SC, Maynard KR, Collado-Torres L.",Genome Biol. 2023 Oct 16;24(1):233. doi: 10.1186/s13059-023-03066-w.,Huuki-Myers LA,Genome Biol,2023,2023-10-16,PMC10578035,,10.1186/s13059-023-03066-w
37131822,CRISPR-Cas9 for selective targeting of somatic mutations in pancreatic cancers,"Teh SSK, Bowland K, Bennett A, Halper-Stromberg E, Skaist A, Tang J, Cai F, Macoretta A, Liang H, Kamiyama H, Wheelan S, Lin MT, Hruban RH, Scharpf RB, Roberts NJ, Eshleman JR.",bioRxiv [Preprint]. 2023 Oct 10:2023.04.15.537042. doi: 10.1101/2023.04.15.537042.,Teh SSK,bioRxiv,2023,2023-05-03,PMC10153132,,10.1101/2023.04.15.537042
37813843,Single-cell allele-specific expression analysis reveals dynamic and cell-type-specific regulatory effects,"Qi G, Strober BJ, Popp JM, Keener R, Ji H, Battle A.",Nat Commun. 2023 Oct 9;14(1):6317. doi: 10.1038/s41467-023-42016-9.,Qi G,Nat Commun,2023,2023-10-09,PMC10562474,,10.1038/s41467-023-42016-9
37811944,Major data analysis errors invalidate cancer microbiome findings,"Gihawi A, Ge Y, Lu J, Puiu D, Xu A, Cooper CS, Brewer DS, Pertea M, Salzberg SL.",mBio. 2023 Oct 31;14(5):e0160723. doi: 10.1128/mbio.01607-23. Epub 2023 Oct 9.,Gihawi A,mBio,2023,2023-10-09,PMC10653788,,10.1128/mbio.01607-23
37310873,Interleukin-6 Drives Mitochondrial Dysregulation and Accelerates Physical Decline: Insights From an Inducible Humanized IL-6 Knock-In Mouse Model,"Nidadavolu LS, Cosarderelioglu C, Merino Gomez A, Wu Y, Bopp T, Zhang C, Nguyen T, Marx-Rattner R, Yang H, Antonescu C, Florea L, Talbot CC, Smith B, Foster DB, Fairman JE, Yenokyan G, Chung T, Le A, Walston JD, Abadir PM.",J Gerontol A Biol Sci Med Sci. 2023 Oct 9;78(10):1740-1752. doi: 10.1093/gerona/glad147.,Nidadavolu LS,J Gerontol A Biol Sci Med Sci,2023,2023-06-13,PMC10562892,,10.1093/gerona/glad147
37804200,"Association Between Whole Blood-Derived Mitochondrial DNA Copy Number, Low-Density Lipoprotein Cholesterol, and Cardiovascular Disease Risk","Liu X, Sun X, Zhang Y, Jiang W, Lai M, Wiggins KL, Raffield LM, Bielak LF, Zhao W, Pitsillides A, Haessler J, Zheng Y, Blackwell TW, Yao J, Guo X, Qian Y, Thyagarajan B, Pankratz N, Rich SS, Taylor KD, Peyser PA, Heckbert SR, Seshadri S, Boerwinkle E, Grove ML, Larson NB, Smith JA, Vasan RS, Fitzpatrick AL, Fornage M, Ding J, Carson AP, Abecasis G, Dupuis J, Reiner A, Kooperberg C, Hou L, Psaty BM, Wilson JG, Levy D, Rotter JI, Bis JC; TOPMed mtDNA Working Group in NHLBI Trans‐Omics for Precision Medicine (TOPMed) Consortium; Satizabal CL, Arking DE, Liu C.",J Am Heart Assoc. 2023 Oct 17;12(20):e029090. doi: 10.1161/JAHA.122.029090. Epub 2023 Oct 7.,Liu X,J Am Heart Assoc,2023,2023-10-07,PMC10757530,,10.1161/JAHA.122.029090
37805104,The BAF chromatin complex component SMARCC1 does not mediate GLI transcriptional repression of Hedgehog target genes in limb buds,"Ramachandran J, Chen W, Lex RK, Windsor KE, Lee H, Wang T, Zhou W, Ji H, Vokes SA.",Dev Biol. 2023 Dec;504:128-136. doi: 10.1016/j.ydbio.2023.10.001. Epub 2023 Oct 5.,Ramachandran J,Dev Biol,2023,2023-10-07,PMC11610522,NIHMS2035637,10.1016/j.ydbio.2023.10.001
37794265,The status of the human gene catalogue,"Amaral P, Carbonell-Sala S, De La Vega FM, Faial T, Frankish A, Gingeras T, Guigo R, Harrow JL, Hatzigeorgiou AG, Johnson R, Murphy TD, Pertea M, Pruitt KD, Pujar S, Takahashi H, Ulitsky I, Varabyou A, Wells CA, Yandell M, Carninci P, Salzberg SL.",Nature. 2023 Oct;622(7981):41-47. doi: 10.1038/s41586-023-06490-x. Epub 2023 Oct 4.,Amaral P,Nature,2023,2023-10-04,PMC10575709,NIHMS1935580,10.1038/s41586-023-06490-x
37788288,Comprehensive Screening of a Light-Inducible Split Cre Recombinase with Domain Insertion Profiling,"Tague N, Andreani V, Fan Y, Timp W, Dunlop MJ.",ACS Synth Biol. 2023 Oct 20;12(10):2834-2842. doi: 10.1021/acssynbio.3c00328. Epub 2023 Oct 3.,Tague N,ACS Synth Biol,2023,2023-10-03,PMC13221725,NIHMS2113862,10.1021/acssynbio.3c00328
37713474,"FrameD: framework for DNA-based data storage design, verification, and validation","Volkel KD, Lin KN, Hook PW, Timp W, Keung AJ, Tuck JM.",Bioinformatics. 2023 Oct 3;39(10):btad572. doi: 10.1093/bioinformatics/btad572.,Volkel KD,Bioinformatics,2023,2023-09-15,PMC10563143,,10.1093/bioinformatics/btad572
37779206,Meiotic and mitotic aneuploidies drive arrest of in vitro fertilized human preimplantation embryos,"McCoy RC, Summers MC, McCollin A, Ottolini CS, Ahuja K, Handyside AH.",Genome Med. 2023 Oct 2;15(1):77. doi: 10.1186/s13073-023-01231-1.,McCoy RC,Genome Med,2023,2023-10-01,PMC10544495,,10.1186/s13073-023-01231-1
37777527,Deleterious heteroplasmic mitochondrial mutations are associated with an increased risk of overall and cancer-specific mortality,"Hong YS, Battle SL, Shi W, Puiu D, Pillalamarri V, Xie J, Pankratz N, Lake NJ, Lek M, Rotter JI, Rich SS, Kooperberg C, Reiner AP, Auer PL, Heard-Costa N, Liu C, Lai M, Murabito JM, Levy D, Grove ML, Alonso A, Gibbs R, Dugan-Perez S, Gondek LP, Guallar E, Arking DE.",Nat Commun. 2023 Sep 30;14(1):6113. doi: 10.1038/s41467-023-41785-7.,Hong YS,Nat Commun,2023,2023-09-30,PMC10542802,,10.1038/s41467-023-41785-7
37497639,Concerning the eXclusion in human genomics: the choice of sex chromosome representation in the human genome drastically affects the number of identified variants,"Pinto BJ, O'Connor B, Schatz MC, Zarate S, Wilson MA.",G3 (Bethesda). 2023 Sep 30;13(10):jkad169. doi: 10.1093/g3journal/jkad169.,Pinto BJ,G3 (Bethesda),2023,2023-07-27,PMC10542555,,10.1093/g3journal/jkad169
37745311,Regulation of human interferon signaling by transposon exonization,"Pasquesi GIM, Allen H, Ivancevic A, Barbachano-Guerrero A, Joyner O, Guo K, Simpson DM, Gapin K, Horton I, Nguyen L, Yang Q, Warren CJ, Florea LD, Bitler BG, Santiago ML, Sawyer SL, Chuong EB.",bioRxiv [Preprint]. 2023 Sep 15:2023.09.11.557241. doi: 10.1101/2023.09.11.557241.,Pasquesi GIM,bioRxiv,2023,2023-09-25,PMC10515820,,10.1101/2023.09.11.557241
37713507,Lung tumor-infiltrating T(reg) have divergent transcriptional profiles and function linked to checkpoint blockade response,"Dykema AG, Zhang J, Cheung LS, Connor S, Zhang B, Zeng Z, Cherry CM, Li T, Caushi JX, Nishimoto M, Munoz AJ, Ji Z, Hou W, Zhan W, Singh D, Zhang T, Rashid R, Mitchell-Flack M, Bom S, Tam A, Ionta N, Aye THK, Wang Y, Sawosik CA, Tirado LE, Tomasovic LM, VanDyke D, Spangler JB, Anagnostou V, Yang S, Spicer J, Rayes R, Taube J, Brahmer JR, Forde PM, Yegnasubramanian S, Ji H, Pardoll DM, Smith KN.",Sci Immunol. 2023 Sep 15;8(87):eadg1487. doi: 10.1126/sciimmunol.adg1487. Epub 2023 Sep 15.,Dykema AG,Sci Immunol,2023,2023-09-15,PMC10629528,NIHMS1936399,10.1126/sciimmunol.adg1487
37710018,Scalable Nanopore sequencing of human genomes provides a comprehensive view of haplotype-resolved variation and methylation,"Kolmogorov M, Billingsley KJ, Mastoras M, Meredith M, Monlong J, Lorig-Roach R, Asri M, Alvarez Jerez P, Malik L, Dewan R, Reed X, Genner RM, Daida K, Behera S, Shafin K, Pesout T, Prabakaran J, Carnevali P, Yang J, Rhie A, Scholz SW, Traynor BJ, Miga KH, Jain M, Timp W, Phillippy AM, Chaisson M, Sedlazeck FJ, Blauwendraat C, Paten B.",Nat Methods. 2023 Oct;20(10):1483-1492. doi: 10.1038/s41592-023-01993-x. Epub 2023 Sep 14.,Kolmogorov M,Nat Methods,2023,2023-09-14,PMC11222905,NIHMS2003153,10.1038/s41592-023-01993-x
37764112,Functional Whole Genome Screen of Nutrient-Starved Mycobacterium tuberculosis Identifies Genes Involved in Rifampin Tolerance,"Matern WM, Harris HT, Danchik C, McDonald M, Patel G, Srivastava A, Ioerger TR, Bader JS, Karakousis PC.",Microorganisms. 2023 Sep 9;11(9):2269. doi: 10.3390/microorganisms11092269.,Matern WM,Microorganisms,2023,2023-09-28,PMC10534295,,10.3390/microorganisms11092269
37679407,Evaluating genomic signatures of aging in brain tissue as it relates to Alzheimer's disease,"Lynch MT, Taub MA, Farfel JM, Yang J, Abadir P, De Jager PL, Grodstein F, Bennett DA, Mathias RA.",Sci Rep. 2023 Sep 7;13(1):14747. doi: 10.1038/s41598-023-41400-1.,Lynch MT,Sci Rep,2023,2023-09-07,PMC10484923,,10.1038/s41598-023-41400-1
37868038,The functional impact of rare variation across the regulatory cascade,"Li T, Ferraro N, Strober BJ, Aguet F, Kasela S, Arvanitis M, Ni B, Wiel L, Hershberg E, Ardlie K, Arking DE, Beer RL, Brody J, Blackwell TW, Clish C, Gabriel S, Gerszten R, Guo X, Gupta N, Johnson WC, Lappalainen T, Lin HJ, Liu Y, Nickerson DA, Papanicolaou G, Pritchard JK, Qasba P, Shojaie A, Smith J, Sotoodehnia N, Taylor KD, Tracy RP, Van Den Berg D, Wheeler MT, Rich SS, Rotter JI, Battle A, Montgomery SB.",Cell Genom. 2023 Sep 6;3(10):100401. doi: 10.1016/j.xgen.2023.100401. eCollection 2023 Oct 11.,Li T,Cell Genom,2023,2023-10-23,PMC10589633,,10.1016/j.xgen.2023.100401
37762022,"Regional Gene Expression in the Retina, Optic Nerve Head, and Optic Nerve of Mice with Optic Nerve Crush and Experimental Glaucoma","Keuthan CJ, Schaub JA, Wei M, Fang W, Quillen S, Kimball E, Johnson TV, Ji H, Zack DJ, Quigley HA.",Int J Mol Sci. 2023 Sep 6;24(18):13719. doi: 10.3390/ijms241813719.,Keuthan CJ,Int J Mol Sci,2023,2023-09-28,PMC10531004,,10.3390/ijms241813719
37744342,Chimeric RNAs reveal putative neoantigen peptides for developing tumor vaccines for breast cancer,"Mistretta B, Rankothgedera S, Castillo M, Rao M, Holloway K, Bhardwaj A, El Noafal M, Albarracin C, El-Zein R, Rezaei H, Su X, Akbani R, Shao XM, Czerniecki BJ, Karchin R, Bedrosian I, Gunaratne PH.",Front Immunol. 2023 Sep 6;14:1188831. doi: 10.3389/fimmu.2023.1188831. eCollection 2023.,Mistretta B,Front Immunol,2023,2023-09-25,PMC10512078,,10.3389/fimmu.2023.1188831
37728212,Long-Read Sequencing Reveals Rapid Evolution of Immunity- and Cancer-Related Genes in Bats,"Scheben A, Mendivil Ramos O, Kramer M, Goodwin S, Oppenheim S, Becker DJ, Schatz MC, Simmons NB, Siepel A, McCombie WR.",Genome Biol Evol. 2023 Sep 4;15(9):evad148. doi: 10.1093/gbe/evad148.,Scheben A,Genome Biol Evol,2023,2023-09-20,PMC10510315,,10.1093/gbe/evad148
37696619,Cell-free DNA approaches for cancer early detection and interception,"Medina JE, Dracopoli NC, Bach PB, Lau A, Scharpf RB, Meijer GA, Andersen CL, Velculescu VE.",J Immunother Cancer. 2023 Sep;11(9):e006013. doi: 10.1136/jitc-2022-006013.,Medina JE,J Immunother Cancer,2023,2023-09-11,PMC10496721,,10.1136/jitc-2022-006013
37645873,Sigmoni: classification of nanopore signal with a compressed pangenome index,"Shivakumar VS, Ahmed OY, Kovaka S, Zakeri M, Langmead B.",bioRxiv [Preprint]. 2023 Aug 30:2023.08.15.553308. doi: 10.1101/2023.08.15.553308.,Shivakumar VS,bioRxiv,2023,2023-08-30,PMC10462034,,10.1101/2023.08.15.553308
37662366,"The genome of the Wollemi pine, a critically endangered ""living fossil"" unchanged since the Cretaceous, reveals extensive ancient transposon activity","Stevenson DW, Ramakrishnan S, de Santis Alves C, Coelho LA, Kramer M, Goodwin S, Ramos OM, Eshel G, Sondervan VM, Frangos S, Zumajo-Cardona C, Jenike K, Ou S, Wang X, Lee YP, Loke S, Rossetto M, McPherson H, Nigris S, Moschin S, Little DP, Katari MS, Varala K, Kolokotronis SO, Ambrose B, Croft LJ, Coruzzi GM, Schatz M, McCombie WR, Martienssen RA.",bioRxiv [Preprint]. 2023 Aug 24:2023.08.24.554647. doi: 10.1101/2023.08.24.554647.,Stevenson DW,bioRxiv,2023,2023-09-04,PMC10473749,,10.1101/2023.08.24.554647
37612512,The complete sequence of a human Y chromosome,"Rhie A, Nurk S, Cechova M, Hoyt SJ, Taylor DJ, Altemose N, Hook PW, Koren S, Rautiainen M, Alexandrov IA, Allen J, Asri M, Bzikadze AV, Chen NC, Chin CS, Diekhans M, Flicek P, Formenti G, Fungtammasan A, Garcia Giron C, Garrison E, Gershman A, Gerton JL, Grady PGS, Guarracino A, Haggerty L, Halabian R, Hansen NF, Harris R, Hartley GA, Harvey WT, Haukness M, Heinz J, Hourlier T, Hubley RM, Hunt SE, Hwang S, Jain M, Kesharwani RK, Lewis AP, Li H, Logsdon GA, Lucas JK, Makalowski W, Markovic C, Martin FJ, Mc Cartney AM, McCoy RC, McDaniel J, McNulty BM, Medvedev P, Mikheenko A, Munson KM, Murphy TD, Olsen HE, Olson ND, Paulin LF, Porubsky D, Potapova T, Ryabov F, Salzberg SL, Sauria MEG, Sedlazeck FJ, Shafin K, Shepelev VA, Shumate A, Storer JM, Surapaneni L, Taravella Oill AM, Thibaud-Nissen F, Timp W, Tomaszkiewicz M, Vollger MR, Walenz BP, Watwood AC, Weissensteiner MH, Wenger AM, Wilson MA, Zarate S, Zhu Y, Zook JM, Eichler EE, O'Neill RJ, Schatz MC, Miga KH, Makova KD, Phillippy AM.",Nature. 2023 Sep;621(7978):344-354. doi: 10.1038/s41586-023-06457-y. Epub 2023 Aug 23.,Rhie A,Nature,2023,2023-08-23,PMC10752217,NIHMS1923056,10.1038/s41586-023-06457-y
37090640,Alignment of spatial transcriptomics data using diffeomorphic metric mapping,"Clifton K, Anant M, Aihara G, Atta L, Aimiuwu OK, Kebschull JM, Miller MI, Tward D, Fan J.",bioRxiv [Preprint]. 2023 Aug 19:2023.04.11.534630. doi: 10.1101/2023.04.11.534630.,Clifton K,bioRxiv,2023,2023-04-24,PMC10120659,,10.1101/2023.04.11.534630
37405694,The Interaction of Borrelia burgdorferi with Human Dendritic Cells: Functional Implications,"Gutierrez-Hoffmann M, Fan J, O'Meally RN, Cole RN, Florea L, Antonescu C, Talbot CC, Tiniakou E, Darrah E, Soloski MJ.",J Immunol. 2023 Aug 15;211(4):612-625. doi: 10.4049/jimmunol.2300235.,Gutierrez-Hoffmann M,J Immunol,2023,2023-07-05,PMC10527078,NIHMS1907890,10.4049/jimmunol.2300235
37571804,Genetic variant annotation scores in congenital long QT syndrome,"Younis A, Bodurian C, Arking DE, Bragazzi NL, Tabaja C, Zareba W, McNitt S, Aktas MK, Polonsky B, Lopes CM, Sotoodehnia N, Kudenchuk PJ, Goldenberg I.",Ann Noninvasive Electrocardiol. 2023 Sep;28(5):e13080. doi: 10.1111/anec.13080. Epub 2023 Aug 11.,Younis A,Ann Noninvasive Electrocardiol,2023,2023-08-12,PMC10475886,,10.1111/anec.13080
37629718,Polymicrobial Bacterial Meningitis in a Patient with Chronic Suppurative Otitis Media: Case Report and Literature Review,"Vâţă A, Irimie-Băluţă E, Roşu FM, Onofrei IM, Loghin II, Perţea M, Avădanei AN, Miron M, Rădulescu L, Eşanu I, Luca CM.",Medicina (Kaunas). 2023 Aug 7;59(8):1428. doi: 10.3390/medicina59081428.,Vâţă A,Medicina (Kaunas),2023,2023-08-26,PMC10456347,,10.3390/medicina59081428
37577516,Neuron-specific chromatin disruption at CpG islands and aging-related regions in Kabuki syndrome mice,"Boukas L, Luperchio TR, Razi A, Hansen KD, Bjornsson HT.",bioRxiv [Preprint]. 2023 Aug 3:2023.08.01.551456. doi: 10.1101/2023.08.01.551456.,Boukas L,bioRxiv,2023,2023-08-14,PMC10418197,,10.1101/2023.08.01.551456
37577692,"Growth media affects susceptibility of air-lifted human nasal epithelial cell cultures to SARS-CoV2, but not Influenza A, virus infection","Resnick JD, Wilson JL, Anaya E, Conte A, Li M, Zhong W, Beer MA, Pekosz A.",bioRxiv [Preprint]. 2023 Aug 2:2023.07.31.551381. doi: 10.1101/2023.07.31.551381.,Resnick JD,bioRxiv,2023,2023-08-14,PMC10418194,,10.1101/2023.07.31.551381
37532724,Genetic insights into resting heart rate and its role in cardiovascular disease,"van de Vegte YJ, Eppinga RN, van der Ende MY, Hagemeijer YP, Mahendran Y, Salfati E, Smith AV, Tan VY, Arking DE, Ntalla I, Appel EV, Schurmann C, Brody JA, Rueedi R, Polasek O, Sveinbjornsson G, Lecoeur C, Ladenvall C, Zhao JH, Isaacs A, Wang L, Luan J, Hwang SJ, Mononen N, Auro K, Jackson AU, Bielak LF, Zeng L, Shah N, Nethander M, Campbell A, Rankinen T, Pechlivanis S, Qi L, Zhao W, Rizzi F, Tanaka T, Robino A, Cocca M, Lange L, Müller-Nurasyid M, Roselli C, Zhang W, Kleber ME, Guo X, Lin HJ, Pavani F, Galesloot TE, Noordam R, Milaneschi Y, Schraut KE, den Hoed M, Degenhardt F, Trompet S, van den Berg ME, Pistis G, Tham YC, Weiss S, Sim XS, Li HL, van der Most PJ, Nolte IM, Lyytikäinen LP, Said MA, Witte DR, Iribarren C, Launer L, Ring SM, de Vries PS, Sever P, Linneberg A, Bottinger EP, Padmanabhan S, Psaty BM, Sotoodehnia N, Kolcic I; DCCT/EDIC Research Group; Arnar DO, Gudbjartsson DF, Holm H, Balkau B, Silva CT, Newton-Cheh CH, Nikus K, Salo P, Mohlke KL, Peyser PA, Schunkert H, Lorentzon M, Lahti J, Rao DC, Cornelis MC, Faul JD, Smith JA, Stolarz-Skrzypek K, Bandinelli S, Concas MP, Sinagra G, Meitinger T, Waldenberger M, et al.",Nat Commun. 2023 Aug 2;14(1):4646. doi: 10.1038/s41467-023-39521-2.,van de Vegte YJ,Nat Commun,2023,2023-08-02,PMC10397318,,10.1038/s41467-023-39521-2
38098813,Investigating Open Reading Frames in Known and Novel Transcripts using ORFanage,"Varabyou A, Erdogdu B, Salzberg SL, Pertea M.",Nat Comput Sci. 2023 Aug;3(8):700-708. doi: 10.1038/s43588-023-00496-1. Epub 2023 Jul 31.,Varabyou A,Nat Comput Sci,2023,2023-12-15,PMC10718564,NIHMS1948491,10.1038/s43588-023-00496-1
37577699,Major data analysis errors invalidate cancer microbiome findings,"Gihawi A, Ge Y, Lu J, Puiu D, Xu A, Cooper CS, Brewer DS, Pertea M, Salzberg SL.",bioRxiv [Preprint]. 2023 Jul 31:2023.07.28.550993. doi: 10.1101/2023.07.28.550993.,Gihawi A,bioRxiv,2023,2023-08-14,PMC10418105,,10.1101/2023.07.28.550993
37577562,Efficient encoding of large antigenic spaces by epitope prioritization with Dolphyn,"Liebhoff AM, Venkataraman T, Morgenlander WR, Na M, Kula T, Waugh K, Morrison C, Rewers M, Longman R, Round J, Elledge S, Ruczinski I, Langmead B, Larman HB.",bioRxiv [Preprint]. 2023 Jul 31:2023.07.30.551179. doi: 10.1101/2023.07.30.551179.,Liebhoff AM,bioRxiv,2023,2023-08-14,PMC10418057,,10.1101/2023.07.30.551179
37570412,The Use of 3D Technology in the Management of Residual Asymmetry following Orthognathic Surgery: A Case Report,"Onică N, Onică CA, Budală DG, Gelețu GL, Balan M, Baciu ER, Murariu A, Pertea M.",Healthcare (Basel). 2023 Jul 31;11(15):2172. doi: 10.3390/healthcare11152172.,Onică N,Healthcare (Basel),2023,2023-08-12,PMC10418807,,10.3390/healthcare11152172
37524800,NF-κB subunits direct kinetically distinct transcriptional cascades in antigen receptor-activated B cells,"Zhao M, Chauhan P, Sherman CA, Singh A, Kaileh M, Mazan-Mamczarz K, Ji H, Joy J, Nandi S, De S, Zhang Y, Fan J, Becker KG, Loke P, Zhou W, Sen R.",Nat Immunol. 2023 Sep;24(9):1552-1564. doi: 10.1038/s41590-023-01561-7. Epub 2023 Jul 31.,Zhao M,Nat Immunol,2023,2023-07-31,PMC10457194,,10.1038/s41590-023-01561-7
37546880,Splam: a deep-learning-based splice site predictor that improves spliced alignments,"Chao KH, Mao A, Salzberg SL, Pertea M.",bioRxiv [Preprint]. 2023 Jul 29:2023.07.27.550754. doi: 10.1101/2023.07.27.550754.,Chao KH,bioRxiv,2023,2023-08-07,PMC10402160,,10.1101/2023.07.27.550754
37546854,Systematic assessment of long-read RNA-seq methods for transcript identification and quantification,"Pardo-Palacios FJ, Wang D, Reese F, Diekhans M, Carbonell-Sala S, Williams B, Loveland JE, De María M, Adams MS, Balderrama-Gutierrez G, Behera AK, Gonzalez JM, Hunt T, Lagarde J, Liang CE, Li H, Jerryd Meade M, Moraga Amador DA, Prjibelski AD, Birol I, Bostan H, Brooks AM, Hasan Çelik M, Chen Y, Du MRM, Felton C, Göke J, Hafezqorani S, Herwig R, Kawaji H, Lee J, Liang Li J, Lienhard M, Mikheenko A, Mulligan D, Ming Nip K, Pertea M, Ritchie ME, Sim AD, Tang AD, Kei Wan Y, Wang C, Wong BY, Yang C, Barnes I, Berry A, Capella S, Dhillon N, Fernandez-Gonzalez JM, Ferrández-Peral L, Garcia-Reyero N, Goetz S, Hernández-Ferrer C, Kondratova L, Liu T, Martinez-Martin A, Menor C, Mestre-Tomás J, Mudge JM, Panayotova NG, Paniagua A, Repchevsky D, Rouchka E, Saint-John B, Sapena E, Sheynkman L, Laird Smith M, Suner MM, Takahashi H, Youngworth IA, Carninci P, Denslow ND, Guigó R, Hunter ME, Tilgner HU, Wold BJ, Vollmers C, Frankish A, Fai Au K, Sheynkman GM, Mortazavi A, Conesa A, Brooks AN.",bioRxiv [Preprint]. 2023 Jul 27:2023.07.25.550582. doi: 10.1101/2023.07.25.550582.,Pardo-Palacios FJ,bioRxiv,2023,2023-08-07,PMC10402094,,10.1101/2023.07.25.550582
37500728,Single-molecule genome-wide mutation profiles of cell-free DNA for non-invasive detection of cancer,"Bruhm DC, Mathios D, Foda ZH, Annapragada AV, Medina JE, Adleff V, Chiao EJ, Ferreira L, Cristiano S, White JR, Mazzilli SA, Billatos E, Spira A, Zaidi AH, Mueller J, Kim AK, Anagnostou V, Phallen J, Scharpf RB, Velculescu VE.",Nat Genet. 2023 Aug;55(8):1301-1310. doi: 10.1038/s41588-023-01446-3. Epub 2023 Jul 27.,Bruhm DC,Nat Genet,2023,2023-07-27,PMC10412448,,10.1038/s41588-023-01446-3
37496383,Clinically actionable secondary findings in 130 triads from sub-Saharan African families with non-syndromic orofacial clefts,"Oladayo A, Gowans LJJ, Awotoye W, Alade A, Busch T, Naicker T, Eshete MA, Adeyemo WL, Hetmanski JB, Zeng E, Adamson O, Adeleke C, Li M, Sule V, Kayali S, Olotu J, Mossey PA, Obiri-Yeboah S, Buxo CJ, Beaty T, Taub M, Donkor P, Marazita ML, Odukoya O, Adeyemo AA, Murray JC, Prince A, Butali A.",Mol Genet Genomic Med. 2023 Oct;11(10):e2237. doi: 10.1002/mgg3.2237. Epub 2023 Jul 26.,Oladayo A,Mol Genet Genomic Med,2023,2023-07-27,PMC10568375,,10.1002/mgg3.2237
37489536,"Age at Menopause, Leukocyte Telomere Length, and Coronary Artery Disease in Postmenopausal Women","Schuermans A, Nakao T, Uddin MM, Hornsby W, Ganesh S, Shadyab AH, Liu S, Haring B, Shufelt CL, Taub MA, Mathias RA, Kooperberg C, Reiner AP, Bick AG, Manson JE, Natarajan P, Honigberg MC.",Circ Res. 2023 Aug 18;133(5):376-386. doi: 10.1161/CIRCRESAHA.123.322984. Epub 2023 Jul 25.,Schuermans A,Circ Res,2023,2023-07-25,PMC10528840,NIHMS1917593,10.1161/CIRCRESAHA.123.322984
37546814,Identifying risk genes for embryo aneuploidy using ultra-low coverage whole-genome sequencing,"Sun S, Aboelenain M, Ariad D, Haywood ME, Wageman CR, Duke M, Bag A, Viotti M, Katz-Jaffe M, McCoy RC, Schindler K, Xing J.",medRxiv [Preprint]. 2023 Jul 24:2023.07.22.23292618. doi: 10.1101/2023.07.22.23292618.,Sun S,medRxiv,2023,2023-08-07,PMC10402236,,10.1101/2023.07.22.23292618
37488417,Dynamic network-guided CRISPRi screen identifies CTCF-loop-constrained nonlinear enhancer gene regulatory activity during cell state transitions,"Luo R, Yan J, Oh JW, Xi W, Shigaki D, Wong W, Cho HS, Murphy D, Cutler R, Rosen BP, Pulecio J, Yang D, Glenn RA, Chen T, Li QV, Vierbuchen T, Sidoli S, Apostolou E, Huangfu D, Beer MA.",Nat Genet. 2023 Aug;55(8):1336-1346. doi: 10.1038/s41588-023-01450-7. Epub 2023 Jul 24.,Luo R,Nat Genet,2023,2023-07-24,PMC11012226,NIHMS1979559,10.1038/s41588-023-01450-7
37829001,Deep neural networks predict class I major histocompatibility complex epitope presentation and transfer learn neoepitope immunogenicity,"Albert BA, Yang Y, Shao XM, Singh D, Smit KN, Anagnostou V, Karchin R.",Nat Mach Intell. 2023 Aug;5(8):861-872. doi: 10.1038/s42256-023-00694-6. Epub 2023 Jul 20.,Albert BA,Nat Mach Intell,2023,2023-10-13,PMC10569228,NIHMS1932696,10.1038/s42256-023-00694-6
36798239,The BAF chromatin complex component SMARCC1 does not mediate GLI transcriptional repression of Hedgehog target genes in limb buds,"Ramachandran J, Chen W, Lex RK, Windsor KE, Lee H, Wang T, Zhou W, Ji H, Vokes SA.",bioRxiv [Preprint]. 2023 Jul 17:2023.02.03.527038. doi: 10.1101/2023.02.03.527038.,Ramachandran J,bioRxiv,2023,2023-02-17,PMC9934545,,10.1101/2023.02.03.527038
37575187,"WGT: Tools and algorithms for recognizing, visualizing, and generating Wheeler graphs","Chao KH, Chen PW, Seshia SA, Langmead B.",iScience. 2023 Jul 14;26(8):107402. doi: 10.1016/j.isci.2023.107402. eCollection 2023 Aug 18.,Chao KH,iScience,2023,2023-08-14,PMC10415921,,10.1016/j.isci.2023.107402
38487694,Performant web-based interactive visualization tool for spatially-resolved transcriptomics experiments,"Sriworarat C, Nguyen A, Eagles NJ, Collado-Torres L, Martinowich K, Maynard KR, Hicks SC.",Biol Imaging. 2023 Jul 12;3:e15. doi: 10.1017/S2633903X2300017X. eCollection 2023.,Sriworarat C,Biol Imaging,2023,2024-03-15,PMC10936372,,10.1017/S2633903X2300017X
37503064,Detecting differential transcript usage in complex diseases with SPIT,"Erdogdu B, Varabyou A, Hicks SC, Salzberg SL, Pertea M.",bioRxiv [Preprint]. 2023 Jul 10:2023.07.10.548289. doi: 10.1101/2023.07.10.548289.,Erdogdu B,bioRxiv,2023,2023-07-28,PMC10369883,,10.1101/2023.07.10.548289
37429865,nnSVG for the scalable identification of spatially variable genes using nearest-neighbor Gaussian processes,"Weber LM, Saha A, Datta A, Hansen KD, Hicks SC.",Nat Commun. 2023 Jul 10;14(1):4059. doi: 10.1038/s41467-023-39748-z.,Weber LM,Nat Commun,2023,2023-07-10,PMC10333391,,10.1038/s41467-023-39748-z
37461703,Polygenic Risk Score Associates with Atherosclerotic Plaque Characteristics at Autopsy,"Cornelissen A, Gadhoke NV, Ryan K, Hodonsky CJ, Mitchell R, Bihlmeyer N, Duong T, Chen Z, Dikongue A, Sakamoto A, Sato Y, Kawakami R, Mori M, Kawai K, Fernandez R, Ghosh SKB, Braumann R, Abebe B, Kutys R, Kutyna M, Romero ME, Kolodgie FD, Miller CL, Hong CC, Grove ML, Brody JA, Sotoodehnia N, Arking DE, Schunkert H, Mitchell BD, Guo L, Virmani R, Finn AV.",bioRxiv [Preprint]. 2023 Jul 7:2023.07.05.547891. doi: 10.1101/2023.07.05.547891.,Cornelissen A,bioRxiv,2023,2023-07-18,PMC10350003,,10.1101/2023.07.05.547891
37414575,Genomic sketching with multiplicities and locality-sensitive hashing using Dashing 2,"Baker DN, Langmead B.",Genome Res. 2023 Jul;33(7):1218-1227. doi: 10.1101/gr.277655.123. Epub 2023 Jul 6.,Baker DN,Genome Res,2023,2023-07-06,PMC10538361,,10.1101/gr.277655.123
37403156,Characterization of large-scale genomic differences in the first complete human genome,"Yang X, Wang X, Zou Y, Zhang S, Xia M, Fu L, Vollger MR, Chen NC, Taylor DJ, Harvey WT, Logsdon GA, Meng D, Shi J, McCoy RC, Schatz MC, Li W, Eichler EE, Lu Q, Mao Y.",Genome Biol. 2023 Jul 4;24(1):157. doi: 10.1186/s13059-023-02995-w.,Yang X,Genome Biol,2023,2023-07-04,PMC10320979,,10.1186/s13059-023-02995-w
37364298,Impacts of Sex Ratio Meiotic Drive on Genome Structure and Function in a Stalk-Eyed Fly,"Reinhardt JA, Baker RH, Zimin AV, Ladias C, Paczolt KA, Werren JH, Hayashi CY, Wilkinson GS.",Genome Biol Evol. 2023 Jul 3;15(7):evad118. doi: 10.1093/gbe/evad118.,Reinhardt JA,Genome Biol Evol,2023,2023-06-26,PMC10319772,,10.1093/gbe/evad118
37425881,"Scalable, accessible, and reproducible reference genome assembly and evaluation in Galaxy","Larivière D, Abueg L, Brajuka N, Gallardo-Alba C, Grüning B, Ko BJ, Ostrovsky A, Palmada-Flores M, Pickett BD, Rabbani K, Balacco JR, Chaisson M, Cheng H, Collins J, Denisova A, Fedrigo O, Gallo GR, Giani AM, Gooder GM, Jain N, Johnson C, Kim H, Lee C, Marques-Bonet T, O'Toole B, Rhie A, Secomandi S, Sozzoni M, Tilley T, Uliano-Silva M, van den Beek M, Waterhouse RM, Phillippy AM, Jarvis ED, Schatz MC, Nekrutenko A, Formenti G.",bioRxiv [Preprint]. 2023 Jun 30:2023.06.28.546576. doi: 10.1101/2023.06.28.546576.,Larivière D,bioRxiv,2023,2023-07-10,PMC10327048,,10.1101/2023.06.28.546576
37425751,Novel mouse model of Weaver syndrome displays overgrowth and excess osteogenesis reversible with KDM6A/6B inhibition,"Gao CW, Lin W, Riddle RC, Kushwaha P, Boukas L, Björnsson HT, Hansen KD, Fahrner JA.",bioRxiv [Preprint]. 2023 Jun 30:2023.06.23.546270. doi: 10.1101/2023.06.23.546270.,Gao CW,bioRxiv,2023,2023-07-10,PMC10327066,,10.1101/2023.06.23.546270
37425893,Elucidating the heterogeneity of immunotherapy response and immune-related toxicities by longitudinal ctDNA and immune cell compartment tracking in lung cancer,"Murray JC, Sivapalan L, Hummelink K, Balan A, White JR, Niknafs N, Rhymee L, Pereira G, Rao N, Phallen J, Leal A, Bartlett DL, Marrone KA, Naidoo J, Levy B, Rosner S, Hann CL, Scott SC, Feliciano J, Lam VK, Ettinger DS, Li QK, Illei PB, Monkhorst K, Zaidi AH, Scharpf RB, Brahmer JR, Velculescu VE, Forde PM, Anagnostou V.",bioRxiv [Preprint]. 2023 Jun 26:2023.06.23.546338. doi: 10.1101/2023.06.23.546338.,Murray JC,bioRxiv,2023,2023-07-10,PMC10327039,,10.1101/2023.06.23.546338
37365616,Transcriptome- and proteome-wide association studies nominate determinants of kidney function and damage,"Schlosser P, Zhang J, Liu H, Surapaneni AL, Rhee EP, Arking DE, Yu B, Boerwinkle E, Welling PA, Chatterjee N, Susztak K, Coresh J, Grams ME.",Genome Biol. 2023 Jun 26;24(1):150. doi: 10.1186/s13059-023-02993-y.,Schlosser P,Genome Biol,2023,2023-06-26,PMC10291807,,10.1186/s13059-023-02993-y
37353753,Fast and accurate genome-wide predictions and structural modeling of protein-protein interactions using Galaxy,"Guerler A, Baker D, van den Beek M, Gruening B, Bouvier D, Coraor N, Shank SD, Zehr JD, Schatz MC, Nekrutenko A.",BMC Bioinformatics. 2023 Jun 23;24(1):263. doi: 10.1186/s12859-023-05389-8.,Guerler A,BMC Bioinformatics,2023,2023-06-23,PMC10288729,,10.1186/s12859-023-05389-8
37345659,H2Bub1 loss is an early contributor to clear cell ovarian cancer progression,"Ferrari AJ, Rawat P, Rendulich HS, Annapragada AV, Kinose Y, Zhang X, Devins K, Budina A, Scharpf RB, Mitchell MA, Tanyi JL, Morgan MA, Schwartz LE, Soong TR, Velculescu VE, Drapkin R.",JCI Insight. 2023 Jun 22;8(12):e164995. doi: 10.1172/jci.insight.164995.,Ferrari AJ,JCI Insight,2023,2023-06-22,PMC10371241,,10.1172/jci.insight.164995
37344528,Genome analyses reveal population structure and a purple stigma color gene candidate in finger millet,"Devos KM, Qi P, Bahri BA, Gimode DM, Jenike K, Manthi SJ, Lule D, Lux T, Martinez-Bello L, Pendergast TH 4th, Plott C, Saha D, Sidhu GS, Sreedasyam A, Wang X, Wang H, Wright H, Zhao J, Deshpande S, de Villiers S, Dida MM, Grimwood J, Jenkins J, Lovell J, Mayer KFX, Mneney EE, Ojulong HF, Schatz MC, Schmutz J, Song B, Tesfaye K, Odeny DA.",Nat Commun. 2023 Jun 21;14(1):3694. doi: 10.1038/s41467-023-38915-6.,Devos KM,Nat Commun,2023,2023-06-21,PMC10284860,,10.1038/s41467-023-38915-6
37339222,Pervasive RNA folding is crucial for narnavirus genome maintenance,"Fukuda M, Cai J, Bader JS, Boeke JD.",Proc Natl Acad Sci U S A. 2023 Jun 27;120(26):e2304082120. doi: 10.1073/pnas.2304082120. Epub 2023 Jun 20.,Fukuda M,Proc Natl Acad Sci U S A,2023,2023-06-20,PMC10293807,,10.1073/pnas.2304082120
36993732,escheR: Unified multi-dimensional visualizations with Gestalt principles,"Guo B, Huuki-Myers LA, Grant-Peters M, Collado-Torres L, Hicks SC.",bioRxiv [Preprint]. 2023 Jun 8:2023.03.18.533302. doi: 10.1101/2023.03.18.533302.,Guo B,bioRxiv,2023,2023-03-30,PMC10055209,,10.1101/2023.03.18.533302
36989344,Comprehensive DNA Methylation Analysis Indicates That Pancreatic Intraepithelial Neoplasia Lesions Are Acinar-Derived and Epigenetically Primed for Carcinogenesis,"Lo EKW, Mears BM, Maurer HC, Idrizi A, Hansen KD, Thompson ED, Hruban RH, Olive KP, Feinberg AP.",Cancer Res. 2023 Jun 2;83(11):1905-1916. doi: 10.1158/0008-5472.CAN-22-4052.,Lo EKW,Cancer Res,2023,2023-03-29,PMC10239363,NIHMS1889725,10.1158/0008-5472.CAN-22-4052
37258301,Efficient taxa identification using a pangenome index,"Ahmed O, Rossi M, Boucher C, Langmead B.",Genome Res. 2023 Jul;33(7):1069-1077. doi: 10.1101/gr.277642.123. Epub 2023 May 31.,Ahmed O,Genome Res,2023,2023-05-31,PMC10538492,,10.1101/gr.277642.123
37254877,Human embryo implantation,"Muter J, Lynch VJ, McCoy RC, Brosens JJ.",Development. 2023 May 15;150(10):dev201507. doi: 10.1242/dev.201507. Epub 2023 May 31.,Muter J,Development,2023,2023-05-31,PMC10281521,,10.1242/dev.201507
37293111,Comprehensive screening of a light-inducible split Cre recombinase with domain insertion profiling,"Tague N, Andreani V, Fan Y, Timp W, Dunlop MJ.",bioRxiv [Preprint]. 2023 May 26:2023.05.26.542511. doi: 10.1101/2023.05.26.542511.,Tague N,bioRxiv,2023,2023-06-09,PMC10245967,,10.1101/2023.05.26.542511
37251303,Multicentre genetic diversity study of carbapenem-resistant Enterobacterales: predominance of untypeable pUVA-like bla(KPC) bearing plasmids,"Simner PJ, Bergman Y, Fan Y, Jacobs EB, Ramakrishnan S, Lu J, Lewis S, Hanlon A, Tamma PD, Schatz MC, Timp W, Carroll KC.",JAC Antimicrob Resist. 2023 May 26;5(3):dlad061. doi: 10.1093/jacamr/dlad061. eCollection 2023 Jun.,Simner PJ,JAC Antimicrob Resist,2023,2023-05-30,PMC10214462,,10.1093/jacamr/dlad061
36993314,"Regional Gene Expression in the Retina, Optic Nerve Head, and Optic Nerve of Mice with Experimental Glaucoma and Optic Nerve Crush","Keuthan CJ, Schaub J, Wei M, Fang W, Quillen S, Kimball E, Johnson TV, Ji H, Zack DJ, Quigley HA.",bioRxiv [Preprint]. 2023 May 25:2023.02.21.529410. doi: 10.1101/2023.02.21.529410.,Keuthan CJ,bioRxiv,2023,2023-03-30,PMC10054954,,10.1101/2023.02.21.529410
37226416,Activity-regulated gene expression across cell types of the mouse hippocampus,"Nelson ED, Maynard KR, Nicholas KR, Tran MN, Divecha HR, Collado-Torres L, Hicks SC, Martinowich K.",Hippocampus. 2023 Sep;33(9):1009-1027. doi: 10.1002/hipo.23548. Epub 2023 May 24.,Nelson ED,Hippocampus,2023,2023-05-25,PMC11129873,NIHMS1992796,10.1002/hipo.23548
37209680,Human scent guides mosquito thermotaxis and host selection under naturalistic conditions,"Giraldo D, Rankin-Turner S, Corver A, Tauxe GM, Gao AL, Jackson DM, Simubali L, Book C, Stevenson JC, Thuma PE, McCoy RC, Gordus A, Mburu MM, Simulundu E, McMeniman CJ.",Curr Biol. 2023 Jun 19;33(12):2367-2382.e7. doi: 10.1016/j.cub.2023.04.050. Epub 2023 May 19.,Giraldo D,Curr Biol,2023,2023-05-20,PMC10824255,NIHMS1945955,10.1016/j.cub.2023.04.050
37202771,SPUMONI 2: improved classification using a pangenome index of minimizer digests,"Ahmed OY, Rossi M, Gagie T, Boucher C, Langmead B.",Genome Biol. 2023 May 18;24(1):122. doi: 10.1186/s13059-023-02958-1.,Ahmed OY,Genome Biol,2023,2023-05-18,PMC10197461,,10.1186/s13059-023-02958-1
37292692,Clonal Hematopoiesis of Indeterminate Potential is Associated with Acute Kidney Injury,"Vlasschaert C, Robinson-Cohen C, Kestenbaum B, Silver SA, Chen JC, Akwo E, Bhatraju PK, Zhang MZ, Cao S, Jiang M, Wang Y, Niu A, Siew E, Kramer HJ, Kottgen A, Franceschini N, Psaty BM, Tracy RP, Alonso A, Arking DE, Coresh J, Ballantyne CM, Boerwinkle E, Grams M, Lanktree MB, Rauh MJ, Harris RC Jr, Bick AG.",medRxiv [Preprint]. 2023 May 17:2023.05.16.23290051. doi: 10.1101/2023.05.16.23290051.,Vlasschaert C,medRxiv,2023,2023-06-09,PMC10246021,,10.1101/2023.05.16.23290051
37292896,The ENCODE4 long-read RNA-seq collection reveals distinct classes of transcript structure diversity,"Reese F, Williams B, Balderrama-Gutierrez G, Wyman D, Çelik MH, Rebboah E, Rezaie N, Trout D, Razavi-Mohseni M, Jiang Y, Borsari B, Morabito S, Liang HY, McGill CJ, Rahmanian S, Sakr J, Jiang S, Zeng W, Carvalho K, Weimer AK, Dionne LA, McShane A, Bedi K, Elhajjajy SI, Upchurch S, Jou J, Youngworth I, Gabdank I, Sud P, Jolanki O, Strattan JS, Kagda MS, Snyder MP, Hitz BC, Moore JE, Weng Z, Bennett D, Reinholdt L, Ljungman M, Beer MA, Gerstein MB, Pachter L, Guigó R, Wold BJ, Mortazavi A.",bioRxiv [Preprint]. 2023 May 16:2023.05.15.540865. doi: 10.1101/2023.05.15.540865.,Reese F,bioRxiv,2023,2023-06-09,PMC10245583,,10.1101/2023.05.15.540865
37192320,Long-Term Air Pollution Exposure and Mitochondrial DNA Copy Number: An Analysis of UK Biobank Data,"Hong YS, Battle SL, Puiu D, Shi W, Pankratz N, Zhao D, Arking DE, Guallar E.",Environ Health Perspect. 2023 May;131(5):57703. doi: 10.1289/EHP11946. Epub 2023 May 16.,Hong YS,Environ Health Perspect,2023,2023-05-16,PMC10187973,,10.1289/EHP11946
37214135,Challenges and opportunities to computationally deconvolve heterogeneous tissue with varying cell sizes using single cell RNA-sequencing datasets,"Maden SK, Kwon SH, Huuki-Myers LA, Collado-Torres L, Hicks SC, Maynard KR.",ArXiv [Preprint]. 2023 May 10:arXiv:2305.06501v1.,Maden SK,ArXiv,2023,2023-05-22,PMC10197733,,
37165242,A draft human pangenome reference,"Liao WW, Asri M, Ebler J, Doerr D, Haukness M, Hickey G, Lu S, Lucas JK, Monlong J, Abel HJ, Buonaiuto S, Chang XH, Cheng H, Chu J, Colonna V, Eizenga JM, Feng X, Fischer C, Fulton RS, Garg S, Groza C, Guarracino A, Harvey WT, Heumos S, Howe K, Jain M, Lu TY, Markello C, Martin FJ, Mitchell MW, Munson KM, Mwaniki MN, Novak AM, Olsen HE, Pesout T, Porubsky D, Prins P, Sibbesen JA, Sirén J, Tomlinson C, Villani F, Vollger MR, Antonacci-Fulton LL, Baid G, Baker CA, Belyaeva A, Billis K, Carroll A, Chang PC, Cody S, Cook DE, Cook-Deegan RM, Cornejo OE, Diekhans M, Ebert P, Fairley S, Fedrigo O, Felsenfeld AL, Formenti G, Frankish A, Gao Y, Garrison NA, Giron CG, Green RE, Haggerty L, Hoekzema K, Hourlier T, Ji HP, Kenny EE, Koenig BA, Kolesnikov A, Korbel JO, Kordosky J, Koren S, Lee H, Lewis AP, Magalhães H, Marco-Sola S, Marijon P, McCartney A, McDaniel J, Mountcastle J, Nattestad M, Nurk S, Olson ND, Popejoy AB, Puiu D, Rautiainen M, Regier AA, Rhie A, Sacco S, Sanders AD, Schneider VA, Schultz BI, Shafin K, Smith MW, Sofia HJ, Abou Tayoun AN, Thibaud-Nissen F, Tricomi FF, et al.",Nature. 2023 May;617(7960):312-324. doi: 10.1038/s41586-023-05896-x. Epub 2023 May 10.,Liao WW,Nature,2023,2023-05-10,PMC10172123,,10.1038/s41586-023-05896-x
37161088,Beyond assembly: the increasing flexibility of single-molecule sequencing technology,"Hook PW, Timp W.",Nat Rev Genet. 2023 Sep;24(9):627-641. doi: 10.1038/s41576-023-00600-1. Epub 2023 May 9.,Hook PW,Nat Rev Genet,2023,2023-05-10,PMC10169143,,10.1038/s41576-023-00600-1
37156619,Genomic insights into metabolic flux in hummingbirds,"Gershman A, Hauck Q, Dick M, Jamison JM, Tassia M, Agirrezabala X, Muhammad S, Ali R, Workman RE, Valle M, Wong GW, Welch KC Jr, Timp W.",Genome Res. 2023 May;33(5):703-714. doi: 10.1101/gr.276779.122. Epub 2023 May 8.,Gershman A,Genome Res,2023,2023-05-08,PMC10317124,,10.1101/gr.276779.122
37156443,Contrasting Association of Maternal Plasma Biomarkers of Smoking and 1-Carbon Micronutrients with Offspring DNA Methylation: Evidence of Aryl Hydrocarbon Receptor Repressor Gene-Smoking-Folate Interaction,"Xu R, Hong X, Ladd-Acosta C, Buckley JP, Choi G, Wang G, Hou W, Wang X, Liang L, Ji H.",J Nutr. 2023 Aug;153(8):2339-2351. doi: 10.1016/j.tjnut.2023.05.002. Epub 2023 May 6.,Xu R,J Nutr,2023,2023-05-08,PMC10447613,,10.1016/j.tjnut.2023.05.002
37147657,Pangenomic genotyping with the marker array,"Mun T, Vaddadi NSK, Langmead B.",Algorithms Mol Biol. 2023 May 5;18(1):2. doi: 10.1186/s13015-023-00225-3.,Mun T,Algorithms Mol Biol,2023,2023-05-05,PMC10161648,,10.1186/s13015-023-00225-3
37140166,Familial Clonal Hematopoiesis in a Long Telomere Syndrome,"DeBoy EA, Tassia MG, Schratz KE, Yan SM, Cosner ZL, McNally EJ, Gable DL, Xiang Z, Lombard DB, Antonarakis ES, Gocke CD, McCoy RC, Armanios M.",N Engl J Med. 2023 Jun 29;388(26):2422-2433. doi: 10.1056/NEJMoa2300503. Epub 2023 May 4.,DeBoy EA,N Engl J Med,2023,2023-05-04,PMC10501156,NIHMS1916839,10.1056/NEJMoa2300503
37132288,Nanopore sequencing identifies a higher frequency and expanded spectrum of mitochondrial DNA deletion mutations in human aging,"Vandiver AR, Hoang AN, Herbst A, Lee CC, Aiken JM, McKenzie D, Teitell MA, Timp W, Wanagat J.",Aging Cell. 2023 Jun;22(6):e13842. doi: 10.1111/acel.13842. Epub 2023 May 3.,Vandiver AR,Aging Cell,2023,2023-05-03,PMC10265159,,10.1111/acel.13842
37163127,Precision pharmacological reversal of genotype-specific diet-induced metabolic syndrome in mice informed by transcriptional regulation,"Wulfridge P, Davidovich A, Salvador AC, Manno GC, Tryggvadottir R, Idrizi A, Huda MN, Bennett BJ, Adams LG, Hansen KD, Threadgill DW, Feinberg AP.",bioRxiv [Preprint]. 2023 Apr 28:2023.04.25.538156. doi: 10.1101/2023.04.25.538156.,Wulfridge P,bioRxiv,2023,2023-05-10,PMC10168252,,10.1101/2023.04.25.538156
37101120,"Priors, population sizes, and power in genome-wide hypothesis tests","Cai J, Zhan J, Arking DE, Bader JS.",BMC Bioinformatics. 2023 Apr 26;24(1):170. doi: 10.1186/s12859-023-05261-9.,Cai J,BMC Bioinformatics,2023,2023-04-26,PMC10134629,,10.1186/s12859-023-05261-9
37087533,Potential utility of risk stratification for multicancer screening with liquid biopsy tests,"Kim ES, Scharpf RB, Garcia-Closas M, Visvanathan K, Velculescu VE, Chatterjee N.",NPJ Precis Oncol. 2023 Apr 22;7(1):39. doi: 10.1038/s41698-023-00377-w.,Kim ES,NPJ Precis Oncol,2023,2023-04-22,PMC10122653,,10.1038/s41698-023-00377-w
37131684,ERK Hyperactivation Serves as a Unified Mechanism of Escape in Intrinsic and Acquired CDK4/6 Inhibitor Resistance in Acral Lentiginous Melanoma,"Rebecca V, Jagirdar K, Portuallo M, Wei M, Wilhide M, Bravo J, Robertson B, Alicea G, Aguh C, Xiao M, Godok T, Fingerman D, Brown G, Herlyn M, Guo B, Toska E, Zabransky D, Wubbenhorst B, Nathanson K, Kwatra S, Goyal Y, Ji H, Liu Q.",Res Sq [Preprint]. 2023 Apr 20:rs.3.rs-2817876. doi: 10.21203/rs.3.rs-2817876/v1.,Rebecca V,Res Sq,2023,2023-05-03,PMC10153386,,10.21203/rs.3.rs-2817876/v1
36881486,Morphology-guided transcriptomic analysis of human pancreatic cancer organoids reveals microenvironmental signals that enhance invasion,"Jeong YJ, Knutsdottir H, Shojaeian F, Lerner MG, Wissler MF, Henriet E, Ng T, Datta S, Navarro-Serer B, Chianchiano P, Kinny-Köster B, Zimmerman JW, Stein-O'Brien G, Gaida MM, Eshleman JR, Lin MT, Fertig EJ, Ewald AJ, Bader JS, Wood LD.",J Clin Invest. 2023 Apr 17;133(8):e162054. doi: 10.1172/JCI162054.,Jeong YJ,J Clin Invest,2023,2023-03-07,PMC10104894,,10.1172/JCI162054
37061542,Next-generation large-scale binary protein interaction network for Drosophila melanogaster,"Tang HW, Spirohn K, Hu Y, Hao T, Kovács IA, Gao Y, Binari R, Yang-Zhou D, Wan KH, Bader JS, Balcha D, Bian W, Booth BW, Coté AG, de Rouck S, Desbuleux A, Goh KY, Kim DK, Knapp JJ, Lee WX, Lemmens I, Li C, Li M, Li R, Lim HJ, Liu Y, Luck K, Markey D, Pollis C, Rangarajan S, Rodiger J, Schlabach S, Shen Y, Sheykhkarimli D, TeeKing B, Roth FP, Tavernier J, Calderwood MA, Hill DE, Celniker SE, Vidal M, Perrimon N, Mohr SE.",Nat Commun. 2023 Apr 15;14(1):2162. doi: 10.1038/s41467-023-37876-0.,Tang HW,Nat Commun,2023,2023-04-15,PMC10105736,,10.1038/s41467-023-37876-0
36995257,Overexpression screen of chromosome 21 genes reveals modulators of Sonic hedgehog signaling relevant to Down syndrome,"Moyer AJ, Fernandez FX, Li Y, Klinedinst DK, Florea LD, Kazuki Y, Oshimura M, Reeves RH.",Dis Model Mech. 2023 Apr 1;16(4):dmm049712. doi: 10.1242/dmm.049712. Epub 2023 Apr 13.,Moyer AJ,Dis Model Mech,2023,2023-03-30,PMC10120076,,10.1242/dmm.049712
37090629,Functional whole genome screen of nutrient-starved Mycobacterium tuberculosis identifies genes involved in antibiotic tolerance,"Matern WM, Harris HT, Danchik C, McDonald M, Patel G, Srivastava A, Ioerger TR, Bader JS, Karakousis PC.",bioRxiv [Preprint]. 2023 Apr 12:2023.04.12.536593. doi: 10.1101/2023.04.12.536593.,Matern WM,bioRxiv,2023,2023-04-24,PMC10120713,,10.1101/2023.04.12.536593
37066222,Mechanism of delayed cell death following simultaneous CRISPR-Cas9 targeting in pancreatic cancers,"Teh SSK, Halper-Stromberg E, Morsberger L, Bennett A, Bowland K, Skaist A, Cai F, Liang H, Hruban RH, Roberts NJ, Scharpf RB, Zou YS, Eshleman JR.",bioRxiv [Preprint]. 2023 Apr 5:2023.04.03.535384. doi: 10.1101/2023.04.03.535384.,Teh SSK,bioRxiv,2023,2023-04-17,PMC10103988,,10.1101/2023.04.03.535384
36711673,Scalable Nanopore sequencing of human genomes provides a comprehensive view of haplotype-resolved variation and methylation,"Kolmogorov M, Billingsley KJ, Mastoras M, Meredith M, Monlong J, Lorig-Roach R, Asri M, Jerez PA, Malik L, Dewan R, Reed X, Genner RM, Daida K, Behera S, Shafin K, Pesout T, Prabakaran J, Carnevali P; North American Brain Expression Consortium (NABEC); Yang J, Rhie A, Scholz SW, Traynor BJ, Miga KH, Jain M, Timp W, Phillippy AM, Chaisson M, Sedlazeck FJ, Blauwendraat C, Paten B.",bioRxiv [Preprint]. 2023 Apr 5:2023.01.12.523790. doi: 10.1101/2023.01.12.523790.,Kolmogorov M,bioRxiv,2023,2023-01-30,PMC9882142,,10.1101/2023.01.12.523790
37013830,"National Human Genome Research Institute Genomic Data Science Analysis, Visualization, and Informatics Lab-Space: Reaching out to Clinicians","Hall JL, Honeycutt S, Gonzalez N, O'Donnell-Luria A, Overby Taylor C, Stevens L, Philippakis AA, Schatz MC.",Circ Genom Precis Med. 2023 Jun;16(3):275-276. doi: 10.1161/CIRCGEN.122.003936. Epub 2023 Apr 4.,Hall JL,Circ Genom Precis Med,2023,2023-04-04,PMC10619961,NIHMS1885258,10.1161/CIRCGEN.122.003936
37012549,"Neoadjuvant enoblituzumab in localized prostate cancer: a single-arm, phase 2 trial","Shenderov E, De Marzo AM, Lotan TL, Wang H, Chan S, Lim SJ, Ji H, Allaf ME, Chapman C, Moore PA, Chen F, Sorg K, White AM, Church SE, Hudson B, Fields PA, Hu S, Denmeade SR, Pienta KJ, Pavlovich CP, Ross AE, Drake CG, Pardoll DM, Antonarakis ES.",Nat Med. 2023 Apr;29(4):888-897. doi: 10.1038/s41591-023-02284-w. Epub 2023 Apr 3.,Shenderov E,Nat Med,2023,2023-04-03,PMC10921422,NIHMS1966247,10.1038/s41591-023-02284-w
37000853,JASPER: A fast genome polishing tool that improves accuracy of genome assemblies,"Guo A, Salzberg SL, Zimin AV.",PLoS Comput Biol. 2023 Mar 31;19(3):e1011032. doi: 10.1371/journal.pcbi.1011032. eCollection 2023 Mar.,Guo A,PLoS Comput Biol,2023,2023-03-31,PMC10096238,,10.1371/journal.pcbi.1011032
37001506,The EN-TEx resource of multi-tissue personal epigenomes & variant-impact models,"Rozowsky J, Gao J, Borsari B, Yang YT, Galeev T, Gürsoy G, Epstein CB, Xiong K, Xu J, Li T, Liu J, Yu K, Berthel A, Chen Z, Navarro F, Sun MS, Wright J, Chang J, Cameron CJF, Shoresh N, Gaskell E, Drenkow J, Adrian J, Aganezov S, Aguet F, Balderrama-Gutierrez G, Banskota S, Corona GB, Chee S, Chhetri SB, Cortez Martins GC, Danyko C, Davis CA, Farid D, Farrell NP, Gabdank I, Gofin Y, Gorkin DU, Gu M, Hecht V, Hitz BC, Issner R, Jiang Y, Kirsche M, Kong X, Lam BR, Li S, Li B, Li X, Lin KZ, Luo R, Mackiewicz M, Meng R, Moore JE, Mudge J, Nelson N, Nusbaum C, Popov I, Pratt HE, Qiu Y, Ramakrishnan S, Raymond J, Salichos L, Scavelli A, Schreiber JM, Sedlazeck FJ, See LH, Sherman RM, Shi X, Shi M, Sloan CA, Strattan JS, Tan Z, Tanaka FY, Vlasova A, Wang J, Werner J, Williams B, Xu M, Yan C, Yu L, Zaleski C, Zhang J, Ardlie K, Cherry JM, Mendenhall EM, Noble WS, Weng Z, Levine ME, Dobin A, Wold B, Mortazavi A, Ren B, Gillis J, Myers RM, Snyder MP, Choudhary J, Milosavljevic A, Schatz MC, Bernstein BE, et al.",Cell. 2023 Mar 30;186(7):1493-1511.e40. doi: 10.1016/j.cell.2023.02.018.,Rozowsky J,Cell,2023,2023-03-31,PMC10074325,NIHMS1885972,10.1016/j.cell.2023.02.018
37034802,A Universal Method for Crossing Molecular and Atlas Modalities using Simplex-Based Image Varifolds and Quadratic Programming,"Stouffer KM, Trouv A, Younes L, Kunst M, Ng L, Zeng H, Anant M, Fan J, Kim Y, Miller MI.",bioRxiv [Preprint]. 2023 Mar 29:2023.03.28.534622. doi: 10.1101/2023.03.28.534622.,Stouffer KM,bioRxiv,2023,2023-04-10,PMC10081224,,10.1101/2023.03.28.534622
37108973,Biomechanical Comparison of Conventional Plate and the C-Nail(®) System for the Treatment of Displaced Intra-Articular Calcaneal Fractures: A Finite Element Analysis,"Pînzaru RM, Pavăl SD, Perțea M, Alexa O, Sîrbu PD, Filip A, Carp AC, Savin L, Forna N, Veliceasa B.",J Pers Med. 2023 Mar 27;13(4):587. doi: 10.3390/jpm13040587.,Pînzaru RM,J Pers Med,2023,2023-04-28,PMC10141664,,10.3390/jpm13040587
37034584,Distinct Myeloid Derived Suppressor Cell Populations Promote Tumor Aggression in Glioblastoma,"Jackson C, Cherry C, Bom S, Dykema AG, Thompson E, Zheng M, Ji Z, Hou W, Li R, Zhang H, Choi J, Rodriguez F, Weingart J, Yegnasubramanian S, Lim M, Bettegowda C, Powell J, Eliesseff J, Ji H, Pardoll D.",bioRxiv [Preprint]. 2023 Mar 27:2023.03.26.534192. doi: 10.1101/2023.03.26.534192.,Jackson C,bioRxiv,2023,2023-04-10,PMC10081225,,10.1101/2023.03.26.534192
37009024,Prediction of persistent chronic cough in patients with chronic cough using machine learning,"Chen W, Schatz M, Zhou Y, Xie F, Bali V, Das A, Schelfhout J, Stern JA, Zeiger RS.",ERJ Open Res. 2023 Mar 27;9(2):00471-2022. doi: 10.1183/23120541.00471-2022. eCollection 2023 Mar.,Chen W,ERJ Open Res,2023,2023-04-03,PMC10052506,,10.1183/23120541.00471-2022
36972204,Tautomer-Specific Deacylation and Ω-Loop Flexibility Explain the Carbapenem-Hydrolyzing Broad-Spectrum Activity of the KPC-2 β-Lactamase,"Tooke CL, Hinchliffe P, Beer M, Zinovjev K, Colenso CK, Schofield CJ, Mulholland AJ, Spencer J.",J Am Chem Soc. 2023 Apr 5;145(13):7166-7180. doi: 10.1021/jacs.2c12123. Epub 2023 Mar 27.,Tooke CL,J Am Chem Soc,2023,2023-03-27,PMC10080687,,10.1021/jacs.2c12123
36993373,Investigating Open Reading Frames in Known and Novel Transcripts using ORFanage,"Varabyou A, Erdogdu B, Salzberg SL, Pertea M.",bioRxiv [Preprint]. 2023 Mar 25:2023.03.23.533704. doi: 10.1101/2023.03.23.533704.,Varabyou A,bioRxiv,2023,2023-03-30,PMC10055401,,10.1101/2023.03.23.533704
36994150,The status of the human gene catalogue,"Amaral P, Carbonell-Sala S, De La Vega FM, Faial T, Frankish A, Gingeras T, Guigo R, Harrow JL, Hatzigeorgiou AG, Johnson R, Murphy TD, Pertea M, Pruitt KD, Pujar S, Takahashi H, Ulitsky I, Varabyou A, Wells CA, Yandell M, Carninci P, Salzberg SL.",ArXiv [Preprint]. 2023 Mar 24:arXiv:2303.13996v1.,Amaral P,ArXiv,2023,2023-03-30,PMC10055485,,
37033916,Immune activation and exhaustion marker expression on T-cell subsets in ART-treated adolescents and young adults with perinatal HIV-1 infection as correlates of viral persistence,"Huang Y, Dhummakupt A, Khetan P, Nilles T, Zhou W, Mudvari P, Szewczyk J, Chen YH, Boritz E, Ji H, Agwu A, Persaud D.",Front Immunol. 2023 Mar 23;14:1007626. doi: 10.3389/fimmu.2023.1007626. eCollection 2023.,Huang Y,Front Immunol,2023,2023-04-10,PMC10076634,,10.3389/fimmu.2023.1007626
36980511,"Rare Benign Tumors and Tumor-like Lesions of the Hand without Skin Damage-Clinical, Imagistic and Histopathological Diagnosis, Retrospective Study","Pertea M, Grosu OM, Filip A, Moraru DC, Luca S, Fotea MC, Lunca S, Olinici D, Poroch V, Carp C, Veliceasa B.",Diagnostics (Basel). 2023 Mar 22;13(6):1204. doi: 10.3390/diagnostics13061204.,Pertea M,Diagnostics (Basel),2023,2023-03-29,PMC10046979,,10.3390/diagnostics13061204
36762477,DNA methylation entropy is associated with DNA sequence features and developmental epigenetic divergence,"Fang Y, Ji Z, Zhou W, Abante J, Koldobskiy MA, Ji H, Feinberg AP.",Nucleic Acids Res. 2023 Mar 21;51(5):2046-2065. doi: 10.1093/nar/gkad050.,Fang Y,Nucleic Acids Res,2023,2023-02-10,PMC10018346,,10.1093/nar/gkad050
36986402,Early Transcriptional Responses of Human Nasal Epithelial Cells to Infection with Influenza A and SARS-CoV-2 Virus Differ and Are Influenced by Physiological Temperature,"Resnick JD, Beer MA, Pekosz A.",Pathogens. 2023 Mar 18;12(3):480. doi: 10.3390/pathogens12030480.,Resnick JD,Pathogens,2023,2023-03-29,PMC10051809,,10.3390/pathogens12030480
36927883,Association of Mitochondrial DNA Copy Number With Brain MRI Markers and Cognitive Function: A Meta-analysis of Community-Based Cohorts,"Zhang Y, Liu X, Wiggins KL, Kurniansyah N, Guo X, Rodrigue AL, Zhao W, Yanek LR, Ratliff SM, Pitsillides A, Aguirre Patiño JS, Sofer T, Arking DE, Austin TR, Beiser AS, Blangero J, Boerwinkle E, Bressler J, Curran JE, Hou L, Hughes TM, Kardia SLR, Launer LJ, Levy D, Mosley TH, Nasrallah IM, Rich SS, Rotter JI, Seshadri S, Tarraf W, González KA, Ramachandran V, Yaffe K, Nyquist PA, Psaty BM, DeCarli CS, Smith JA, Glahn DC, González HM, Bis JC, Fornage M, Heckbert SR, Fitzpatrick AL, Liu C, Satizabal CL; NHLBI Trans-Omics for Precision Medicine (TOPMed) program, Mitochondrial and Neurocognitive Working Groups.",Neurology. 2023 May 2;100(18):e1930-e1943. doi: 10.1212/WNL.0000000000207157. Epub 2023 Mar 16.,Zhang Y,Neurology,2023,2023-03-17,PMC10159770,,10.1212/WNL.0000000000207157
36918541,Genetic architecture of spatial electrical biomarkers for cardiac arrhythmia and relationship with cardiovascular disease,"Young WJ, Haessler J, Benjamins JW, Repetto L, Yao J, Isaacs A, Harper AR, Ramirez J, Garnier S, van Duijvenboden S, Baldassari AR, Concas MP, Duong T, Foco L, Isaksen JL, Mei H, Noordam R, Nursyifa C, Richmond A, Santolalla ML, Sitlani CM, Soroush N, Thériault S, Trompet S, Aeschbacher S, Ahmadizar F, Alonso A, Brody JA, Campbell A, Correa A, Darbar D, De Luca A, Deleuze JF, Ellervik C, Fuchsberger C, Goel A, Grace C, Guo X, Hansen T, Heckbert SR, Jackson RD, Kors JA, Lima-Costa MF, Linneberg A, Macfarlane PW, Morrison AC, Navarro P, Porteous DJ, Pramstaller PP, Reiner AP, Risch L, Schotten U, Shen X, Sinagra G, Soliman EZ, Stoll M, Tarazona-Santos E, Tinker A, Trajanoska K, Villard E, Warren HR, Whitsel EA, Wiggins KL, Arking DE, Avery CL, Conen D, Girotto G, Grarup N, Hayward C, Jukema JW, Mook-Kanamori DO, Olesen MS, Padmanabhan S, Psaty BM, Pattaro C, Ribeiro ALP, Rotter JI, Stricker BH, van der Harst P, van Duijn CM, Verweij N, Wilson JG, Orini M, Charron P, Watkins H, Kooperberg C, Lin HJ, Wilson JF, Kanters JK, Sotoodehnia N, Mifsud B, Lambiase PD, Tereshchenko LG, Munroe PB.",Nat Commun. 2023 Mar 14;14(1):1411. doi: 10.1038/s41467-023-36997-w.,Young WJ,Nat Commun,2023,2023-03-15,PMC10015012,,10.1038/s41467-023-36997-w
36945628,Dynamic network-guided CRISPRi screen reveals CTCF loop-constrained nonlinear enhancer-gene regulatory activity in cell state transitions,"Luo R, Yan J, Oh JW, Xi W, Shigaki D, Wong W, Cho H, Murphy D, Cutler R, Rosen BP, Pulecio J, Yang D, Glenn R, Chen T, Li QV, Vierbuchen T, Sidoli S, Apostolou E, Huangfu D, Beer MA.",bioRxiv [Preprint]. 2023 Mar 9:2023.03.07.531569. doi: 10.1101/2023.03.07.531569.,Luo R,bioRxiv,2023,2023-03-22,PMC10028945,,10.1101/2023.03.07.531569
36945583,Early transcriptional responses of human nasal epithelial cells to infection with Influenza A and SARS-CoV-2 virus differ and are influenced by physiological temperature,"Resnick JD, Beer MA, Pekosz A.",bioRxiv [Preprint]. 2023 Mar 9:2023.03.07.531609. doi: 10.1101/2023.03.07.531609.,Resnick JD,bioRxiv,2023,2023-03-22,PMC10028862,,10.1101/2023.03.07.531609
36630290,"The first gapless, reference-quality, fully annotated genome from a Southern Han Chinese individual","Chao KH, Zimin AV, Pertea M, Salzberg SL.",G3 (Bethesda). 2023 Mar 9;13(3):jkac321. doi: 10.1093/g3journal/jkac321.,Chao KH,G3 (Bethesda),2023,2023-01-11,PMC9997556,,10.1093/g3journal/jkac321
36882394,OTTERS: a powerful TWAS framework leveraging summary-level reference data,"Dai Q, Zhou G, Zhao H, Võsa U, Franke L, Battle A, Teumer A, Lehtimäki T, Raitakari OT, Esko T; eQTLGen Consortium; Epstein MP, Yang J.",Nat Commun. 2023 Mar 7;14(1):1271. doi: 10.1038/s41467-023-36862-w.,Dai Q,Nat Commun,2023,2023-03-07,PMC9992663,,10.1038/s41467-023-36862-w
36534496,Metastatic Colorectal Cancer Treatment Response Evaluation by Ultra-Deep Sequencing of Cell-Free DNA and Matched White Blood Cells,"van 't Erve I, Medina JE, Leal A, Papp E, Phallen J, Adleff V, Chiao EJ, Arun AS, Bolhuis K, Simmons JK, Karandikar A, Valkenburg KC, Sausen M, Angiuoli SV, Scharpf RB, Punt CJA, Meijer GA, Velculescu VE, Fijneman RJA.",Clin Cancer Res. 2023 Mar 1;29(5):899-909. doi: 10.1158/1078-0432.CCR-22-2538.,van 't Erve I,Clin Cancer Res,2023,2022-12-19,PMC9975664,,10.1158/1078-0432.CCR-22-2538
36399356,Detecting Liver Cancer Using Cell-Free DNA Fragmentomes,"Foda ZH, Annapragada AV, Boyapati K, Bruhm DC, Vulpescu NA, Medina JE, Mathios D, Cristiano S, Niknafs N, Luu HT, Goggins MG, Anders RA, Sun J, Meta SH, Thomas DL, Kirk GD, Adleff V, Phallen J, Scharpf RB, Kim AK, Velculescu VE.",Cancer Discov. 2023 Mar 1;13(3):616-631. doi: 10.1158/2159-8290.CD-22-0659.,Foda ZH,Cancer Discov,2023,2022-11-18,PMC9975663,,10.1158/2159-8290.CD-22-0659
36979684,The Usefulness of Nanotechnology in Improving the Prognosis of Lung Cancer,"Bordeianu G, Filip N, Cernomaz A, Veliceasa B, Hurjui LL, Pinzariu AC, Pertea M, Clim A, Marinca MV, Serban IL.",Biomedicines. 2023 Feb 24;11(3):705. doi: 10.3390/biomedicines11030705.,Bordeianu G,Biomedicines,2023,2023-03-29,PMC10045176,,10.3390/biomedicines11030705
36747726,Performant web-based interactive visualization tool for spatially-resolved transcriptomics experiments,"Sriworarat C, Nguyen A, Eagles NJ, Collado-Torres L, Martinowich K, Maynard KR, Hicks SC.",bioRxiv [Preprint]. 2023 Feb 23:2023.01.28.525943. doi: 10.1101/2023.01.28.525943.,Sriworarat C,bioRxiv,2023,2023-02-07,PMC9900917,,10.1101/2023.01.28.525943
36865318,Concerning the eXclusion in human genomics: The choice of sex chromosome representation in the human genome drastically affects number of identified variants,"Pinto BJ, O'Connor B, Schatz MC, Zarate S, Wilson MA.",bioRxiv [Preprint]. 2023 Feb 22:2023.02.22.529542. doi: 10.1101/2023.02.22.529542.,Pinto BJ,bioRxiv,2023,2023-03-03,PMC9980147,,10.1101/2023.02.22.529542
36874953,recountmethylation enables flexible analysis of public blood DNA methylation array data,"Maden SK, Walsh B, Ellrott K, Hansen KD, Thompson RF, Nellore A.",Bioinform Adv. 2023 Feb 20;3(1):vbad020. doi: 10.1093/bioadv/vbad020. eCollection 2023.,Maden SK,Bioinform Adv,2023,2023-03-06,PMC9976962,,10.1093/bioadv/vbad020
36824961,Integrated single cell and unsupervised spatial transcriptomic analysis defines molecular anatomy of the human dorsolateral prefrontal cortex,"Huuki-Myers L, Spangler A, Eagles N, Montgomery KD, Kwon SH, Guo B, Grant-Peters M, Divecha HR, Tippani M, Sriworarat C, Nguyen AB, Ravichandran P, Tran MN, Seyedian A; PsychENCODE consortium; Hyde TM, Kleinman JE, Battle A, Page SC, Ryten M, Hicks SC, Martinowich K, Collado-Torres L, Maynard KR.",bioRxiv [Preprint]. 2023 Feb 15:2023.02.15.528722. doi: 10.1101/2023.02.15.528722.,Huuki-Myers L,bioRxiv,2023,2023-02-24,PMC9949126,,10.1101/2023.02.15.528722
36759904,REPAC: analysis of alternative polyadenylation from RNA-sequencing data,"Imada EL, Wilks C, Langmead B, Marchionni L.",Genome Biol. 2023 Feb 9;24(1):22. doi: 10.1186/s13059-023-02865-5.,Imada EL,Genome Biol,2023,2023-02-10,PMC9912678,,10.1186/s13059-023-02865-5
36852281,High-throughput screening for myelination promoting compounds using human stem cell-derived oligodendrocyte progenitor cells,"Li W, Berlinicke C, Huang Y, Giera S, McGrath AG, Fang W, Chen C, Takaesu F, Chang X, Duan Y, Kumar D, Chang C, Mao HQ, Sheng G, Dodge JC, Ji H, Madden S, Zack DJ, Chamling X.",iScience. 2023 Feb 8;26(3):106156. doi: 10.1016/j.isci.2023.106156. eCollection 2023 Mar 17.,Li W,iScience,2023,2023-02-28,PMC9958491,,10.1016/j.isci.2023.106156
36798399,IVT generation of guideRNAs for Cas9-enrichment Nanopore Sequencing,"Gilpatrick T, Wang JZ, Weiss D, Norris AL, Eshleman J, Timp W.",bioRxiv [Preprint]. 2023 Feb 7:2023.02.07.527484. doi: 10.1101/2023.02.07.527484.,Gilpatrick T,bioRxiv,2023,2023-02-17,PMC9934585,,10.1101/2023.02.07.527484
36778393,DandD: efficient measurement of sequence growth and similarity,"Bonnie JK, Ahmed O, Langmead B.",bioRxiv [Preprint]. 2023 Feb 3:2023.02.02.526837. doi: 10.1101/2023.02.02.526837.,Bonnie JK,bioRxiv,2023,2023-02-13,PMC9915590,,10.1101/2023.02.02.526837
36747709,Three-dimensional genomic mapping of human pancreatic tissue reveals striking multifocality and genetic heterogeneity in precancerous lesions,"Braxton AM, Kiemen AL, Grahn MP, Forjaz A, Babu JM, Zheng L, Jiang L, Cheng H, Song Q, Reichel R, Graham S, Damanakis AI, Fischer CG, Mou S, Metz C, Granger J, Liu XD, Bachmann N, Almagro-Pérez C, Jiang AC, Yoo J, Kim B, Du S, Foster E, Hsu JY, Rivera PA, Chu LC, Liu F, Niknafs N, Fishman EK, Yuille A, Roberts NJ, Thompson ED, Scharpf RB, Cornish TC, Jiao Y, Karchin R, Hruban RH, Wu PH, Wirtz D, Wood LD.",bioRxiv [Preprint]. 2023 Jan 28:2023.01.27.525553. doi: 10.1101/2023.01.27.525553.,Braxton AM,bioRxiv,2023,2023-02-07,PMC9900989,,10.1101/2023.01.27.525553
36833245,Reconstruction of Single-Cell Trajectories Using Stochastic Tree Search,"Zhai J, Ji H, Jiang H.",Genes (Basel). 2023 Jan 26;14(2):318. doi: 10.3390/genes14020318.,Zhai J,Genes (Basel),2023,2023-02-25,PMC9957497,,10.3390/genes14020318
36702947,Persistent mutation burden drives sustained anti-tumor immune responses,"Niknafs N, Balan A, Cherry C, Hummelink K, Monkhorst K, Shao XM, Belcaid Z, Marrone KA, Murray J, Smith KN, Levy B, Feliciano J, Hann CL, Lam V, Pardoll DM, Karchin R, Seiwert TY, Brahmer JR, Forde PM, Velculescu VE, Anagnostou V.",Nat Med. 2023 Feb;29(2):440-449. doi: 10.1038/s41591-022-02163-w. Epub 2023 Jan 26.,Niknafs N,Nat Med,2023,2023-01-26,PMC9941047,,10.1038/s41591-022-02163-w
36711814,Dasatinib Resensitizes MAPK Inhibitor Efficacy in Standard-of-Care Relapsed Melanomas,"Rebecca VW, Xiao M, Kossenkov A, Godok T, Brown GS, Fingerman D, Alicea GM, Wei M, Ji H, Bravo J, Chen Y, Fane ME, Villanueva J, Nathanson K, Liu Q, Gopal YNV, Davies MA, Herlyn M.",bioRxiv [Preprint]. 2023 Jan 21:2023.01.20.524923. doi: 10.1101/2023.01.20.524923.,Rebecca VW,bioRxiv,2023,2023-01-30,PMC9882271,,10.1101/2023.01.20.524923
36658279,Jasmine and Iris: population-scale structural variant comparison and analysis,"Kirsche M, Prabhu G, Sherman R, Ni B, Battle A, Aganezov S, Schatz MC.",Nat Methods. 2023 Mar;20(3):408-417. doi: 10.1038/s41592-022-01753-3. Epub 2023 Jan 19.,Kirsche M,Nat Methods,2023,2023-01-19,PMC10006329,NIHMS1863894,10.1038/s41592-022-01753-3
36653470,Clustering by antigen-presenting genes reveals immune landscapes and predicts response to checkpoint immunotherapy,"Gong X, Karchin R.",Sci Rep. 2023 Jan 18;13(1):950. doi: 10.1038/s41598-023-28167-1.,Gong X,Sci Rep,2023,2023-01-18,PMC9849403,,10.1038/s41598-023-28167-1
36653349,"Probabilistic embedding, clustering, and alignment for integrating spatial transcriptomics data with PRECAST","Liu W, Liao X, Luo Z, Yang Y, Lau MC, Jiao Y, Shi X, Zhai W, Ji H, Yeong J, Liu J.",Nat Commun. 2023 Jan 18;14(1):296. doi: 10.1038/s41467-023-35947-w.,Liu W,Nat Commun,2023,2023-01-18,PMC9849443,,10.1038/s41467-023-35947-w
36604566,Triple negative breast tumors contain heterogeneous cancer cells expressing distinct KRAS-dependent collective and disseminative invasion programs,"Henriet E, Knutsdottir H, Grasset EM, Dunworth M, Haynes M, Bader JS, Ewald AJ.",Oncogene. 2023 Mar;42(10):737-747. doi: 10.1038/s41388-022-02586-2. Epub 2023 Jan 5.,Henriet E,Oncogene,2023,2023-01-05,PMC10760065,NIHMS1947444,10.1038/s41388-022-02586-2
36603033,Similar evolutionary trajectories in an environmental Cryptococcus neoformans isolate after human and murine infection,"Sephton-Clark P, McConnell SA, Grossman N, Baker RP, Dragotakes Q, Fan Y, Fu MS, Gerbig G, Greengo S, Hardwick JM, Kulkarni M, Levitz SM, Nosanchuk JD, Shoham S, Smith DFQ, Stempinski P, Timp W, Wear MP, Cuomo CA, Casadevall A.",Proc Natl Acad Sci U S A. 2023 Jan 10;120(2):e2217111120. doi: 10.1073/pnas.2217111120. Epub 2023 Jan 5.,Sephton-Clark P,Proc Natl Acad Sci U S A,2023,2023-01-05,PMC9926274,,10.1073/pnas.2217111120
36268892,Establishing Physalis as a Solanaceae model system enables genetic reevaluation of the inflated calyx syndrome,"He J, Alonge M, Ramakrishnan S, Benoit M, Soyk S, Reem NT, Hendelman A, Van Eck J, Schatz MC, Lippman ZB.",Plant Cell. 2023 Jan 2;35(1):351-368. doi: 10.1093/plcell/koac305.,He J,Plant Cell,2023,2022-10-21,PMC9806562,,10.1093/plcell/koac305
36635537,"Approaching complete genomes, transcriptomes and epi-omes with accurate long-read sequencing","Kovaka S, Ou S, Jenike KM, Schatz MC.",Nat Methods. 2023 Jan;20(1):12-16. doi: 10.1038/s41592-022-01716-8.,Kovaka S,Nat Methods,2023,2023-01-12,PMC10068675,NIHMS1887250,10.1038/s41592-022-01716-8
36124009,Human Cardiac Pericytes Are Susceptible to SARS-CoV-2 Infection,"Brumback BD, Dmytrenko O, Robinson AN, Bailey AL, Ma P, Liu J, Hicks SC, Ng S, Li G, Zhang DM, Lipovsky CE, Lin CY, Diamond MS, Lavine KJ, Rentschler SL.",JACC Basic Transl Sci. 2023 Feb;8(2):109-120. doi: 10.1016/j.jacbts.2022.09.001. Epub 2022 Sep 14.,Brumback BD,JACC Basic Transl Sci,2023,2022-09-20,PMC9473702,,10.1016/j.jacbts.2022.09.001
36690926,"MUC5B, telomere length and longitudinal quantitative interstitial lung changes: the MESA Lung Study","Kim JS, Manichaikul AW, Hoffman EA, Balte P, Anderson MR, Bernstein EJ, Madahar P, Oelsner EC, Kawut SM, Wysoczanski A, Laine AF, Adegunsoye A, Ma JZ, Taub MA, Mathias RA, Rich SS, Rotter JI, Noth I, Garcia CK, Barr RG, Podolanczuk AJ.",Thorax. 2023 Jun;78(6):566-573. doi: 10.1136/thorax-2021-218139. Epub 2022 Aug 5.,Kim JS,Thorax,2023,2023-01-23,PMC9899287,NIHMS1825927,10.1136/thorax-2021-218139
36762707,Chromosome-level genome and the identification of sex chromosomes in Uloborus diversus,"Miller J, Zimin AV, Gordus A.",Gigascience. 2022 Dec 28;12:giad002. doi: 10.1093/gigascience/giad002. Epub 2023 Feb 10.,Miller J,Gigascience,2022,2023-02-10,PMC9912274,,10.1093/gigascience/giad002
37602140,Metagenomic classification with KrakenUniq on low-memory computers,"Pockrandt C, Zimin AV, Salzberg SL.",J Open Source Softw. 2022;7(80):4908. doi: 10.21105/joss.04908. Epub 2022 Dec 28.,Pockrandt C,J Open Source Softw,2022,2023-08-21,PMC10438097,NIHMS1920964,10.21105/joss.04908
36632322,Clinical features and long-term outcomes of patients with colonic oligopolyposis of unknown etiology,"Feldman D, Rodgers-Fouche L, Hicks S, Chung DC.",World J Gastroenterol. 2022 Dec 28;28(48):6950-6961. doi: 10.3748/wjg.v28.i48.6950.,Feldman D,World J Gastroenterol,2022,2023-01-12,PMC9827588,,10.3748/wjg.v28.i48.6950
36055772,Research gaps and opportunities in precision nutrition: an NIH workshop report,"Lee BY, Ordovás JM, Parks EJ, Anderson CAM, Barabási AL, Clinton SK, de la Haye K, Duffy VB, Franks PW, Ginexi EM, Hammond KJ, Hanlon EC, Hittle M, Ho E, Horn AL, Isaacson RS, Mabry PL, Malone S, Martin CK, Mattei J, Meydani SN, Nelson LM, Neuhouser ML, Parent B, Pronk NP, Roche HM, Saria S, Scheer FAJL, Segal E, Sevick MA, Spector TD, Van Horn L, Varady KA, Voruganti VS, Martinez MF.",Am J Clin Nutr. 2022 Dec 19;116(6):1877-1900. doi: 10.1093/ajcn/nqac237.,Lee BY,Am J Clin Nutr,2022,2022-09-02,PMC9761773,,10.1093/ajcn/nqac237
36522651,Automated assembly scaffolding using RagTag elevates a new tomato system for high-throughput genome editing,"Alonge M, Lebeigle L, Kirsche M, Jenike K, Ou S, Aganezov S, Wang X, Lippman ZB, Schatz MC, Soyk S.",Genome Biol. 2022 Dec 15;23(1):258. doi: 10.1186/s13059-022-02823-7.,Alonge M,Genome Biol,2022,2022-12-15,PMC9753292,,10.1186/s13059-022-02823-7
36519529,Structure-guided isoform identification for the human transcriptome,"Sommer MJ, Cha S, Varabyou A, Rincon N, Park S, Minkin I, Pertea M, Steinegger M, Salzberg SL.",Elife. 2022 Dec 15;11:e82556. doi: 10.7554/eLife.82556.,Sommer MJ,Elife,2022,2022-12-15,PMC9812405,,10.7554/eLife.82556
36053203,Clinical Trial Development in TP53-Mutated Locally Advanced and Recurrent and/or Metastatic Head and Neck Squamous Cell Carcinoma,"Rodriguez CP, Kang H, Geiger JL, Burtness B, Chung CH, Pickering CR, Fakhry C, Le QT, Yom SS, Galloway TJ, Golemis E, Li A, Shoop J, Wong S, Mehra R, Skinner H, Saba NF, Flores ER, Myers JN, Ford JM, Karchin R, Ferris RL, Kunos C, Lynn JM, Malik S.",J Natl Cancer Inst. 2022 Dec 8;114(12):1619-1627. doi: 10.1093/jnci/djac163.,Rodriguez CP,J Natl Cancer Inst,2022,2022-09-02,PMC9745425,,10.1093/jnci/djac163
37744083,A prospective birth cohort study of maternal prenatal cigarette smoking assessed by self-report and biomarkers on childhood risk of overweight or obesity,"Hou W, Zhang M, Ji Y, Hong X, Wang G, Xu R, Liang L, Saria S, Ji H.",Precis Nutr. 2022 Dec 7;1(3):e00017. doi: 10.1097/PN9.0000000000000017. eCollection 2022 Dec.,Hou W,Precis Nutr,2022,2023-09-25,PMC10035292,NIHMS1850553,10.1097/PN9.0000000000000017
36475543,A method for low-coverage single-gamete sequence analysis demonstrates adherence to Mendel's first law across a large sample of human sperm,"Carioscia SA, Weaver KJ, Bortvin AN, Pan H, Ariad D, Bell AD, McCoy RC.",Elife. 2022 Dec 7;11:e76383. doi: 10.7554/eLife.76383.,Carioscia SA,Elife,2022,2022-12-07,PMC9844984,,10.7554/eLife.76383
36448986,Biological Life-Stage and the Burden of Cardiac Events in Women With Congenital Long QT Syndrome,"Younis A, Zareba W, Goldenberg I, Kharsa A, McNitt S, Aktas MK, Bodurian C, Farooq S, Polonsky B, Sotoodehnia N, Kudenchuk PJ, Rea TD, Arking DE, Luigi Bragazzi N, Goldenberg I.",Circ Arrhythm Electrophysiol. 2022 Dec;15(12):e011247. doi: 10.1161/CIRCEP.122.011247. Epub 2022 Nov 30.,Younis A,Circ Arrhythm Electrophysiol,2022,2022-11-30,PMC9783642,NIHMS1851759,10.1161/CIRCEP.122.011247
36448847,3D-Beacons: decreasing the gap between protein sequences and structures through a federated network of protein structure data resources,"Varadi M, Nair S, Sillitoe I, Tauriello G, Anyango S, Bienert S, Borges C, Deshpande M, Green T, Hassabis D, Hatos A, Hegedus T, Hekkelman ML, Joosten R, Jumper J, Laydon A, Molodenskiy D, Piovesan D, Salladini E, Salzberg SL, Sommer MJ, Steinegger M, Suhajda E, Svergun D, Tenorio-Ku L, Tosatto S, Tunyasuvunakool K, Waterhouse AM, Žídek A, Schwede T, Orengo C, Velankar S.",Gigascience. 2022 Nov 30;11:giac118. doi: 10.1093/gigascience/giac118.,Varadi M,Gigascience,2022,2022-11-30,PMC9709962,,10.1093/gigascience/giac118
36443683,Tyroviruses are a new group of temperate phages that infect Bacillus species in soil environments worldwide,"Batinovic S, Stanton CR, Rice DTF, Rowe B, Beer M, Petrovski S.",BMC Genomics. 2022 Nov 28;23(1):777. doi: 10.1186/s12864-022-09023-4.,Batinovic S,BMC Genomics,2022,2022-11-28,PMC9703825,,10.1186/s12864-022-09023-4
36423582,Quantitative fate mapping: A general framework for analyzing progenitor state dynamics via retrospective lineage barcoding,"Fang W, Bell CM, Sapirstein A, Asami S, Leeper K, Zack DJ, Ji H, Kalhor R.",Cell. 2022 Nov 23;185(24):4604-4620.e32. doi: 10.1016/j.cell.2022.10.028.,Fang W,Cell,2022,2022-11-24,PMC9708097,NIHMS1846766,10.1016/j.cell.2022.10.028
36419026,Effectiveness and cost effectiveness of palliative care interventions in people with chronic heart failure and their caregivers: a systematic review,"Hicks S, Davidson M, Efstathiou N, Guo P.",BMC Palliat Care. 2022 Nov 23;21(1):205. doi: 10.1186/s12904-022-01092-2.,Hicks S,BMC Palliat Care,2022,2022-11-24,PMC9685889,,10.1186/s12904-022-01092-2
36439024,A Random Forest Genomic Classifier for Tumor Agnostic Prediction of Response to Anti-PD1 Immunotherapy,"Bigelow E, Saria S, Piening B, Curti B, Dowdell A, Weerasinghe R, Bifulco C, Urba W, Finkelstein N, Fertig EJ, Baras A, Zaidi N, Jaffee E, Yarchoan M.",Cancer Inform. 2022 Nov 22;21:11769351221136081. doi: 10.1177/11769351221136081. eCollection 2022.,Bigelow E,Cancer Inform,2022,2022-11-28,PMC9685115,,10.1177/11769351221136081
36413997,Calibration of computational tools for missense variant pathogenicity classification and ClinGen recommendations for PP3/BP4 criteria,"Pejaver V, Byrne AB, Feng BJ, Pagel KA, Mooney SD, Karchin R, O'Donnell-Luria A, Harrison SM, Tavtigian SV, Greenblatt MS, Biesecker LG, Radivojac P, Brenner SE; ClinGen Sequence Variant Interpretation Working Group.",Am J Hum Genet. 2022 Dec 1;109(12):2163-2177. doi: 10.1016/j.ajhg.2022.10.013. Epub 2022 Nov 21.,Pejaver V,Am J Hum Genet,2022,2022-11-22,PMC9748256,,10.1016/j.ajhg.2022.10.013
36398878,Hedgehog regulation of epithelial cell state and morphogenesis in the larynx,"Ramachandran J, Zhou W, Bardenhagen AE, Nasr T, Yates ER, Zorn AM, Ji H, Vokes SA.",Elife. 2022 Nov 18;11:e77055. doi: 10.7554/eLife.77055.,Ramachandran J,Elife,2022,2022-11-18,PMC9718526,,10.7554/eLife.77055
36377311,Experimental and In Silico Analysis of TEM β-Lactamase Adaptive Evolution,"Standley M, Blay V, Beleva Guthrie V, Kim J, Lyman A, Moya A, Karchin R, Camps M.",ACS Infect Dis. 2022 Dec 9;8(12):2451-2463. doi: 10.1021/acsinfecdis.2c00216. Epub 2022 Nov 14.,Standley M,ACS Infect Dis,2022,2022-11-15,PMC9745794,,10.1021/acsinfecdis.2c00216
36970054,Cell-free DNA Predicts Prolonged Response to Multi-agent Chemotherapy in Pancreatic Ductal Adenocarcinoma,"Christenson ES, Lim SJ, Durham J, De Jesus-Acosta A, Bever K, Laheru D, Ryan A, Agarwal P, Scharpf RB, Le DT, Wang H.",Cancer Res Commun. 2022 Nov 11;2(11):1418-1425. doi: 10.1158/2767-9764.CRC-22-0343. eCollection 2022 Nov.,Christenson ES,Cancer Res Commun,2022,2023-03-27,PMC10035498,,10.1158/2767-9764.CRC-22-0343
36344995,Network reconstruction for trans acting genetic loci using multi-omics data and prior information,"Hawe JS, Saha A, Waldenberger M, Kunze S, Wahl S, Müller-Nurasyid M, Prokisch H, Grallert H, Herder C, Peters A, Strauch K, Theis FJ, Gieger C, Chambers J, Battle A, Heinig M.",Genome Med. 2022 Nov 7;14(1):125. doi: 10.1186/s13073-022-01124-9.,Hawe JS,Genome Med,2022,2022-11-07,PMC9641770,,10.1186/s13073-022-01124-9
36322776,Anti-PF4 antibodies associated with disease severity in COVID-19,"Liu Q, Miao H, Li S, Zhang P, Gerber GF, Follmann D, Ji H, Zeger SL, Chertow DS, Quinn TC, Robinson ML, Kickler TS, Rothman RE, Fenstermacher KZJ, Braunstein EM, Cox AL, Farci P, Fauci AS, Lusso P.",Proc Natl Acad Sci U S A. 2022 Nov 22;119(47):e2213361119. doi: 10.1073/pnas.2213361119. Epub 2022 Nov 2.,Liu Q,Proc Natl Acad Sci U S A,2022,2022-11-02,PMC9704720,,10.1073/pnas.2213361119
36074020,Genomic Landscapes and Hallmarks of Mutant RAS in Human Cancers,"Scharpf RB, Balan A, Ricciuti B, Fiksel J, Cherry C, Wang C, Lenoue-Newton ML, Rizvi HA, White JR, Baras AS, Anaya J, Landon BV, Majcherska-Agrawal M, Ghanem P, Lee J, Raskin L, Park AS, Tu H, Hsu H, Arbour KC, Awad MM, Riely GJ, Lovly CM, Anagnostou V.",Cancer Res. 2022 Nov 2;82(21):4058-4078. doi: 10.1158/0008-5472.CAN-22-1731.,Scharpf RB,Cancer Res,2022,2022-09-08,PMC9627127,NIHMS1835586,10.1158/0008-5472.CAN-22-1731
39081858,KATKA: A KRAKEN-like tool with k given at query time,"Gagie T, Kashgouli S, Langmead B.",Int Symp String Process Inf Retr. 2022 Nov;13617:191-197. doi: 10.1007/978-3-031-20643-6_14. Epub 2022 Nov 1.,Gagie T,Int Symp String Process Inf Retr,2022,2024-07-31,PMC11288484,NIHMS2011401,10.1007/978-3-031-20643-6_14
36316646,Sketching and sampling approaches for fast and accurate long read classification,"Das A, Schatz MC.",BMC Bioinformatics. 2022 Oct 31;23(1):452. doi: 10.1186/s12859-022-05014-0.,Das A,BMC Bioinformatics,2022,2022-11-01,PMC9624007,,10.1186/s12859-022-05014-0
36303018,A framework for detecting noncoding rare-variant associations of large-scale whole-genome sequencing studies,"Li Z, Li X, Zhou H, Gaynor SM, Selvaraj MS, Arapoglou T, Quick C, Liu Y, Chen H, Sun R, Dey R, Arnett DK, Auer PL, Bielak LF, Bis JC, Blackwell TW, Blangero J, Boerwinkle E, Bowden DW, Brody JA, Cade BE, Conomos MP, Correa A, Cupples LA, Curran JE, de Vries PS, Duggirala R, Franceschini N, Freedman BI, Göring HHH, Guo X, Kalyani RR, Kooperberg C, Kral BG, Lange LA, Lin BM, Manichaikul A, Manning AK, Martin LW, Mathias RA, Meigs JB, Mitchell BD, Montasser ME, Morrison AC, Naseri T, O'Connell JR, Palmer ND, Peyser PA, Psaty BM, Raffield LM, Redline S, Reiner AP, Reupena MS, Rice KM, Rich SS, Smith JA, Taylor KD, Taub MA, Vasan RS, Weeks DE, Wilson JG, Yanek LR, Zhao W; NHLBI Trans-Omics for Precision Medicine (TOPMed) Consortium; TOPMed Lipids Working Group; Rotter JI, Willer CJ, Natarajan P, Peloso GM, Lin X.",Nat Methods. 2022 Dec;19(12):1599-1611. doi: 10.1038/s41592-022-01640-x. Epub 2022 Oct 27.,Li Z,Nat Methods,2022,2022-10-27,PMC10008172,NIHMS1862492,10.1038/s41592-022-01640-x
36329692,Multimodal Imaging and Macular Hyalocyte Count in a Patient with Acute Macular Neuroretinopathy,"Schatz MJ, Otero-Marquez O, Rosen RB, Parikh D.",Case Rep Ophthalmol Med. 2022 Oct 25;2022:2855191. doi: 10.1155/2022/2855191. eCollection 2022.,Schatz MJ,Case Rep Ophthalmol Med,2022,2022-11-04,PMC9626219,,10.1155/2022/2855191
36365079,"Antioxidant, Antimicrobial, and Kinetic Studies of Β-Cyclodextrin Crosslinked with Lignin for Drug Delivery","Anghel N, Melinte V, Spiridon I, Pertea M.",Pharmaceutics. 2022 Oct 22;14(11):2260. doi: 10.3390/pharmaceutics14112260.,Anghel N,Pharmaceutics,2022,2022-11-11,PMC9697378,,10.3390/pharmaceutics14112260
36261518,Semi-automated assembly of high-quality diploid human reference genomes,"Jarvis ED, Formenti G, Rhie A, Guarracino A, Yang C, Wood J, Tracey A, Thibaud-Nissen F, Vollger MR, Porubsky D, Cheng H, Asri M, Logsdon GA, Carnevali P, Chaisson MJP, Chin CS, Cody S, Collins J, Ebert P, Escalona M, Fedrigo O, Fulton RS, Fulton LL, Garg S, Gerton JL, Ghurye J, Granat A, Green RE, Harvey W, Hasenfeld P, Hastie A, Haukness M, Jaeger EB, Jain M, Kirsche M, Kolmogorov M, Korbel JO, Koren S, Korlach J, Lee J, Li D, Lindsay T, Lucas J, Luo F, Marschall T, Mitchell MW, McDaniel J, Nie F, Olsen HE, Olson ND, Pesout T, Potapova T, Puiu D, Regier A, Ruan J, Salzberg SL, Sanders AD, Schatz MC, Schmitt A, Schneider VA, Selvaraj S, Shafin K, Shumate A, Stitziel NO, Stober C, Torrance J, Wagner J, Wang J, Wenger A, Xiao C, Zimin AV, Zhang G, Wang T, Li H, Garrison E, Haussler D, Hall I, Zook JM, Eichler EE, Phillippy AM, Paten B, Howe K, Miga KH; Human Pangenome Reference Consortium.",Nature. 2022 Nov;611(7936):519-531. doi: 10.1038/s41586-022-05325-5. Epub 2022 Oct 19.,Jarvis ED,Nature,2022,2022-10-19,PMC9668749,,10.1038/s41586-022-05325-5
35358296,Two-stage linked component analysis for joint decomposition of multiple biologically related data sets,"Chen H, Caffo B, Stein-O'Brien G, Liu J, Langmead B, Colantuoni C, Xiao L.",Biostatistics. 2022 Oct 14;23(4):1200-1217. doi: 10.1093/biostatistics/kxac005.,Chen H,Biostatistics,2022,2022-03-31,PMC9566367,,10.1093/biostatistics/kxac005
36182931,Cell-specific regulation of gene expression using splicing-dependent frameshifting,"Ling JP, Bygrave AM, Santiago CP, Carmen-Orozco RP, Trinh VT, Yu M, Li Y, Liu Y, Bowden KD, Duncan LH, Han J, Taneja K, Dongmo R, Babola TA, Parker P, Jiang L, Leavey PJ, Smith JJ, Vistein R, Gimmen MY, Dubner B, Helmenstine E, Teodorescu P, Karantanos T, Ghiaur G, Kanold PO, Bergles D, Langmead B, Sun S, Nielsen KJ, Peachey N, Singh MS, Dalton WB, Rajaii F, Huganir RL, Blackshaw S.",Nat Commun. 2022 Oct 1;13(1):5773. doi: 10.1038/s41467-022-33523-2.,Ling JP,Nat Commun,2022,2022-10-01,PMC9526712,,10.1038/s41467-022-33523-2
36181018,Floating-dislocated elbow in adults: Case reports and literature review,"Veliceasa B, Pertea M, Popescu D, Carp CA, Pinzaru R, Huzum B, Alexa O, Strobescu-Ciobanu C, Filip A.",Medicine (Baltimore). 2022 Sep 30;101(39):e30891. doi: 10.1097/MD.0000000000030891.,Veliceasa B,Medicine (Baltimore),2022,2022-10-01,PMC9524860,,10.1097/MD.0000000000030891
35959988,Detecting and quantifying antibody reactivity in PhIP-Seq data with BEER,"Chen A, Kammers K, Larman HB, Scharpf RB, Ruczinski I.",Bioinformatics. 2022 Sep 30;38(19):4647-4649. doi: 10.1093/bioinformatics/btac555.,Chen A,Bioinformatics,2022,2022-08-12,PMC9525010,,10.1093/bioinformatics/btac555
36175932,African-specific alleles modify risk for asthma at the 17q12-q21 locus in African Americans,"Washington C 3rd, Dapas M, Biddanda A, Magnaye KM, Aneas I, Helling BA, Szczesny B, Boorgula MP, Taub MA, Kenny E, Mathias RA, Barnes KC; CAAPA; Khurana Hershey GK, Kercsmar CM, Gereige JD, Makhija M, Gruchalla RS, Gill MA, Liu AH, Rastogi D, Busse W, Gergen PJ, Visness CM, Gold DR, Hartert T, Johnson CC, Lemanske RF Jr, Martinez FD, Miller RL, Ownby D, Seroogy CM, Wright AL, Zoratti EM, Bacharier LB, Kattan M, O'Connor GT, Wood RA, Nobrega MA, Altman MC, Jackson DJ, Gern JE, McKennan CG, Ober C.",Genome Med. 2022 Sep 29;14(1):112. doi: 10.1186/s13073-022-01114-x.,Washington C 3rd,Genome Med,2022,2022-09-29,PMC9520885,,10.1186/s13073-022-01114-x
36171387,Metagenome analysis using the Kraken software suite,"Lu J, Rincon N, Wood DE, Breitwieser FP, Pockrandt C, Langmead B, Salzberg SL, Steinegger M.",Nat Protoc. 2022 Dec;17(12):2815-2839. doi: 10.1038/s41596-022-00738-y. Epub 2022 Sep 28.,Lu J,Nat Protoc,2022,2022-09-28,PMC9725748,NIHMS1850516,10.1038/s41596-022-00738-y
36311265,"Whole-exome sequencing in 415,422 individuals identifies rare variants associated with mitochondrial DNA copy number","Pillalamarri V, Shi W, Say C, Yang S, Lane J, Guallar E, Pankratz N, Arking DE.",HGG Adv. 2022 Sep 26;4(1):100147. doi: 10.1016/j.xhgg.2022.100147. eCollection 2023 Jan 12.,Pillalamarri V,HGG Adv,2022,2022-10-31,PMC9615038,,10.1016/j.xhgg.2022.100147
36291975,Atypical Sites of the Lipoma on the Hand and Fingers: Clinical and Imaging Features and Surgical Outcomes,"Pertea M, Lunca S, Filip A, Moraru DC, Carp C, Pinzaru R, Poroch V, Veliceasa B.",Diagnostics (Basel). 2022 Sep 22;12(10):2286. doi: 10.3390/diagnostics12102286.,Pertea M,Diagnostics (Basel),2022,2022-10-27,PMC9600489,,10.3390/diagnostics12102286
36109689,Detecting antibody reactivities in Phage ImmunoPrecipitation Sequencing data,"Chen A, Kammers K, Larman HB, Scharpf RB, Ruczinski I.",BMC Genomics. 2022 Sep 15;23(1):654. doi: 10.1186/s12864-022-08869-y.,Chen A,BMC Genomics,2022,2022-09-15,PMC9476399,,10.1186/s12864-022-08869-y
36104797,Comprehensive and scalable quantification of splicing differences with MntJULiP,"Yang G, Sabunciyan S, Florea L.",Genome Biol. 2022 Sep 14;23(1):195. doi: 10.1186/s13059-022-02767-y.,Yang G,Genome Biol,2022,2022-09-14,PMC9472403,,10.1186/s13059-022-02767-y
36069441,Treatment of Sindbis Virus-Infected Neurons with Antibody to E2 Alters Synthesis of Complete and nsP1-Expressing Defective Viral RNAs,"Yeh JX, Fan Y, Bartlett ML, Zhang X, Sadowski N, Hauer DA, Timp W, Griffin DE.",mBio. 2022 Oct 26;13(5):e0222122. doi: 10.1128/mbio.02221-22. Epub 2022 Sep 7.,Yeh JX,mBio,2022,2022-09-07,PMC9600605,,10.1128/mbio.02221-22
36409181,Pangenomic Genotyping with the Marker Array,"Mun T, Vaddadi NSK, Langmead B.",Algorithms Bioinform. 2022 Sep;242:19.,Mun T,Algorithms Bioinform,2022,2022-11-21,PMC9674407,NIHMS1846953,
36050321,Genetic analyses of the electrocardiographic QT interval and its components identify additional loci and pathways,"Young WJ, Lahrouchi N, Isaacs A, Duong T, Foco L, Ahmed F, Brody JA, Salman R, Noordam R, Benjamins JW, Haessler J, Lyytikäinen LP, Repetto L, Concas MP, van den Berg ME, Weiss S, Baldassari AR, Bartz TM, Cook JP, Evans DS, Freudling R, Hines O, Isaksen JL, Lin H, Mei H, Moscati A, Müller-Nurasyid M, Nursyifa C, Qian Y, Richmond A, Roselli C, Ryan KA, Tarazona-Santos E, Thériault S, van Duijvenboden S, Warren HR, Yao J, Raza D, Aeschbacher S, Ahlberg G, Alonso A, Andreasen L, Bis JC, Boerwinkle E, Campbell A, Catamo E, Cocca M, Cutler MJ, Darbar D, De Grandi A, De Luca A, Ding J, Ellervik C, Ellinor PT, Felix SB, Froguel P, Fuchsberger C, Gögele M, Graff C, Graff M, Guo X, Hansen T, Heckbert SR, Huang PL, Huikuri HV, Hutri-Kähönen N, Ikram MA, Jackson RD, Junttila J, Kavousi M, Kors JA, Leal TP, Lemaitre RN, Lin HJ, Lind L, Linneberg A, Liu S, MacFarlane PW, Mangino M, Meitinger T, Mezzavilla M, Mishra PP, Mitchell RN, Mononen N, Montasser ME, Morrison AC, Nauck M, Nauffal V, Navarro P, Nikus K, Pare G, Patton KK, Pelliccione G, Pittman A, Porteous DJ, Pramstaller PP, Preuss MH, Raitakari OT, Reiner AP, Ribeiro ALP, et al.",Nat Commun. 2022 Sep 1;13(1):5144. doi: 10.1038/s41467-022-32821-z.,Young WJ,Nat Commun,2022,2022-09-01,PMC9436946,,10.1038/s41467-022-32821-z
36337924,Acute Glycogen Synthase Kinase-3 Inhibition Modulates Human Cardiac Conduction,"Li G, Brumback BD, Huang L, Zhang DM, Yin T, Lipovsky CE, Hicks SC, Jimenez J, Boyle PM, Rentschler SL.",JACC Basic Transl Sci. 2022 Aug 31;7(10):1001-1017. doi: 10.1016/j.jacbts.2022.04.007. eCollection 2022 Oct.,Li G,JACC Basic Transl Sci,2022,2022-11-07,PMC9626903,,10.1016/j.jacbts.2022.04.007
36090536,Medicine 2032: The future of cardiovascular disease prevention with machine learning and digital health technology,"Javaid A, Zghyer F, Kim C, Spaulding EM, Isakadze N, Ding J, Kargillis D, Gao Y, Rahman F, Brown DE, Saria S, Martin SS, Kramer CM, Blumenthal RS, Marvel FA.",Am J Prev Cardiol. 2022 Aug 29;12:100379. doi: 10.1016/j.ajpc.2022.100379. eCollection 2022 Dec.,Javaid A,Am J Prev Cardiol,2022,2022-09-12,PMC9460561,,10.1016/j.ajpc.2022.100379
36090095,"RK-33, a small molecule inhibitor of host RNA helicase DDX3, suppresses multiple variants of SARS-CoV-2","Vesuna F, Akhrymuk I, Smith A, Winnard PT Jr, Lin SC, Panny L, Scharpf R, Kehn-Hall K, Raman V.",Front Microbiol. 2022 Aug 25;13:959577. doi: 10.3389/fmicb.2022.959577. eCollection 2022.,Vesuna F,Front Microbiol,2022,2022-09-12,PMC9453862,,10.3389/fmicb.2022.959577
35984901,Turbulence tracks recurrent solutions,"Crowley CJ, Pughe-Sanford JL, Toler W, Krygier MC, Grigoriev RO, Schatz MF.",Proc Natl Acad Sci U S A. 2022 Aug 23;119(34):e2120665119. doi: 10.1073/pnas.2120665119. Epub 2022 Aug 19.,Crowley CJ,Proc Natl Acad Sci U S A,2022,2022-08-19,PMC9407532,,10.1073/pnas.2120665119
36046738,Measurement of Electrokinetically induced hydrodynamics at Ion-selective interfaces using 3D Micro particle tracking velocimetry (µPTV),"Stockmeier F, Schatz M, Habermann M, Linkhorst J, Mani A, Wessling M.",MethodsX. 2022 Aug 8;9:101814. doi: 10.1016/j.mex.2022.101814. eCollection 2022.,Stockmeier F,MethodsX,2022,2022-09-01,PMC9421390,,10.1016/j.mex.2022.101814
35533264,Pan-Cancer HLA Gene-Mediated Tumor Immunogenicity and Immune Evasion,"Gong X, Karchin R.",Mol Cancer Res. 2022 Aug 5;20(8):1272-1283. doi: 10.1158/1541-7786.MCR-21-0886.,Gong X,Mol Cancer Res,2022,2022-05-09,PMC9357147,NIHMS1807268,10.1158/1541-7786.MCR-21-0886
35992816,Sex-specific differences in immunogenomic features of response to immune checkpoint blockade,"Scott SC, Shao XM, Niknafs N, Balan A, Pereira G, Marrone KA, Lam VK, Murray JC, Feliciano JL, Levy BP, Ettinger DS, Hann CL, Brahmer JR, Forde PM, Karchin R, Naidoo J, Anagnostou V.",Front Oncol. 2022 Aug 3;12:945798. doi: 10.3389/fonc.2022.945798. eCollection 2022.,Scott SC,Front Oncol,2022,2022-08-22,PMC9382103,,10.3389/fonc.2022.945798
35642899,Estimation of cancer cell fractions and clone trees from multi-region sequencing of tumors,"Zheng L, Niknafs N, Wood LD, Karchin R, Scharpf RB.",Bioinformatics. 2022 Aug 2;38(15):3677-3683. doi: 10.1093/bioinformatics/btac367.,Zheng L,Bioinformatics,2022,2022-06-01,PMC9344857,,10.1093/bioinformatics/btac367
35588376,Repeated exposure to heterologous hepatitis C viruses associates with enhanced neutralizing antibody breadth and potency,"Frumento N, Figueroa A, Wang T, Zahid MN, Wang S, Massaccesi G, Stavrakis G, Crowe JE Jr, Flyak AI, Ji H, Ray SC, Shaw GM, Cox AL, Bailey JR.",J Clin Invest. 2022 Aug 1;132(15):e160058. doi: 10.1172/JCI160058.,Frumento N,J Clin Invest,2022,2022-05-19,PMC9337827,,10.1172/JCI160058
35882830,Aggregative trans-eQTL analysis detects trait-specific target gene sets in whole blood,"Dutta D, He Y, Saha A, Arvanitis M, Battle A, Chatterjee N.",Nat Commun. 2022 Jul 26;13(1):4323. doi: 10.1038/s41467-022-31845-9.,Dutta D,Nat Commun,2022,2022-07-26,PMC9325868,,10.1038/s41467-022-31845-9
35877936,QM/MM Simulations Reveal the Determinants of Carbapenemase Activity in Class A β-Lactamases,"Chudyk EI, Beer M, Limb MAL, Jones CA, Spencer J, van der Kamp MW, Mulholland AJ.",ACS Infect Dis. 2022 Aug 12;8(8):1521-1532. doi: 10.1021/acsinfecdis.2c00152. Epub 2022 Jul 25.,Chudyk EI,ACS Infect Dis,2022,2022-07-25,PMC9379904,,10.1021/acsinfecdis.2c00152
35870639,Identification of 969 protein quantitative trait loci in an African American population with kidney disease attributed to hypertension,"Surapaneni A, Schlosser P, Zhou L, Liu C, Chatterjee N, Arking DE, Dutta D, Coresh J, Rhee EP, Grams ME.",Kidney Int. 2022 Nov;102(5):1167-1177. doi: 10.1016/j.kint.2022.07.005. Epub 2022 Jul 21.,Surapaneni A,Kidney Int,2022,2022-07-23,PMC12997408,NIHMS2139377,10.1016/j.kint.2022.07.005
35864312,Human-machine teaming is key to AI adoption: clinicians' experiences with a deployed machine learning system,"Henry KE, Kornfield R, Sridharan A, Linton RC, Groh C, Wang T, Wu A, Mutlu B, Saria S.",NPJ Digit Med. 2022 Jul 21;5(1):97. doi: 10.1038/s41746-022-00597-7.,Henry KE,NPJ Digit Med,2022,2022-07-21,PMC9304371,,10.1038/s41746-022-00597-7
35849594,"Mitochondrial DNA copy number, metabolic syndrome, and insulin sensitivity: Insights from the Sugar, Hypertension, and Physical Exercise studies","Yang SY, Mirabal CS, Newcomb CE, Stewart KJ, Arking DE.",PLoS One. 2022 Jul 18;17(7):e0270951. doi: 10.1371/journal.pone.0270951. eCollection 2022.,Yang SY,PLoS One,2022,2022-07-18,PMC9292076,,10.1371/journal.pone.0270951
35579328,A bias evaluation checklist for predictive models and its pilot application for 30-day hospital readmission models,"Wang HE, Landers M, Adams R, Subbaswamy A, Kharrazi H, Gaskin DJ, Saria S.",J Am Med Inform Assoc. 2022 Jul 12;29(8):1323-1333. doi: 10.1093/jamia/ocac065.,Wang HE,J Am Med Inform Assoc,2022,2022-05-17,PMC9277650,,10.1093/jamia/ocac065
35817949,Whole-genome sequencing reveals de-novo mutations associated with nonsyndromic cleft lip/palate,"Awotoye W, Mossey PA, Hetmanski JB, Gowans LJJ, Eshete MA, Adeyemo WL, Alade A, Zeng E, Adamson O, Naicker T, Anand D, Adeleke C, Busch T, Li M, Petrin A, Aregbesola BS, Braimah RO, Oginni FO, Oladele AO, Oladayo A, Kayali S, Olotu J, Hassan M, Pape J, Donkor P, Arthur FKN, Obiri-Yeboah S, Sabbah DK, Agbenorku P, Plange-Rhule G, Oti AA, Gogal RA, Beaty TH, Taub M, Marazita ML, Schnieders MJ, Lachke SA, Adeyemo AA, Murray JC, Butali A.",Sci Rep. 2022 Jul 11;12(1):11743. doi: 10.1038/s41598-022-15885-1.,Awotoye W,Sci Rep,2022,2022-07-11,PMC9273634,,10.1038/s41598-022-15885-1
35867761,The evolution of synaptic and cognitive capacity: Insights from the nervous system transcriptome of Aplysia,"Orvis J, Albertin CB, Shrestha P, Chen S, Zheng M, Rodriguez CJ, Tallon LJ, Mahurkar A, Zimin AV, Kim M, Liu K, Kandel ER, Fraser CM, Sossin W, Abrams TW.",Proc Natl Acad Sci U S A. 2022 Jul 12;119(28):e2122301119. doi: 10.1073/pnas.2122301119. Epub 2022 Jul 8.,Orvis J,Proc Natl Acad Sci U S A,2022,2022-07-22,PMC9282427,,10.1073/pnas.2122301119
35803904,Reply to: Limitations of molecular testing in combination with computerized tomographic for lung cancer screening,"Mathios D, Bach PB, Phallen JA, Scharpf RB, Velculescu VE.",Nat Commun. 2022 Jul 8;13(1):3892. doi: 10.1038/s41467-022-31420-2.,Mathios D,Nat Commun,2022,2022-07-08,PMC9270318,,10.1038/s41467-022-31420-2
35791022,Minos: variant adjudication and joint genotyping of cohorts of bacterial genomes,"Hunt M, Letcher B, Malone KM, Nguyen G, Hall MB, Colquhoun RM, Lima L, Schatz MC, Ramakrishnan S; CRyPTIC consortium; Iqbal Z.",Genome Biol. 2022 Jul 5;23(1):147. doi: 10.1186/s13059-022-02714-x.,Hunt M,Genome Biol,2022,2022-07-05,PMC9254434,,10.1186/s13059-022-02714-x
35787470,Long read mitochondrial genome sequencing using Cas9-guided adaptor ligation,"Vandiver AR, Pielstick B, Gilpatrick T, Hoang AN, Vernon HJ, Wanagat J, Timp W.",Mitochondrion. 2022 Jul;65:176-183. doi: 10.1016/j.mito.2022.06.003. Epub 2022 Jul 3.,Vandiver AR,Mitochondrion,2022,2022-07-05,PMC9399971,NIHMS1823281,10.1016/j.mito.2022.06.003
35777833,Association of Mitochondrial DNA Copy Number with Risk of Progression of Kidney Disease,"He WJ, Li C, Huang Z, Geng S, Rao VS, Kelly TN, Hamm LL, Grams ME, Arking DE, Appel LJ, Rebholz CM; CRIC Study Investigators.",Clin J Am Soc Nephrol. 2022 Jul;17(7):966-975. doi: 10.2215/CJN.15551121.,He WJ,Clin J Am Soc Nephrol,2022,2022-07-01,PMC9269623,,10.2215/CJN.15551121
35759748,Expression of HLA and Autoimmune Pathway Genes in Liver Biopsies of Young Subjects With Autoimmune Hepatitis Type 1,"Shin E, Schwarz KB, Jones-Brando LV, Florea LD, Sabunciyan S, Wood LD, Yolken RH.",J Pediatr Gastroenterol Nutr. 2022 Sep 1;75(3):269-275. doi: 10.1097/MPG.0000000000003538. Epub 2022 Jun 27.,Shin E,J Pediatr Gastroenterol Nutr,2022,2022-06-27,PMC9365252,,10.1097/MPG.0000000000003538
35731869,Temozolomide-induced guanine mutations create exploitable vulnerabilities of guanine-rich DNA and RNA regions in drug-resistant gliomas,"Tiek DM, Erdogdu B, Razaghi R, Jin L, Sadowski N, Alamillo-Ferrer C, Hogg JR, Haddad BR, Drewry DH, Wells CI, Pickett JE, Song X, Goenka A, Hu B, Goldlust SA, Zuercher WJ, Pertea M, Timp W, Cheng SY, Riggins RB.",Sci Adv. 2022 Jun 24;8(25):eabn3471. doi: 10.1126/sciadv.abn3471. Epub 2022 Jun 22.,Tiek DM,Sci Adv,2022,2022-06-22,PMC9216507,,10.1126/sciadv.abn3471
35689177,spatialLIBD: an R/Bioconductor package to visualize spatially-resolved transcriptomics data,"Pardo B, Spangler A, Weber LM, Page SC, Hicks SC, Jaffe AE, Martinowich K, Maynard KR, Collado-Torres L.",BMC Genomics. 2022 Jun 10;23(1):434. doi: 10.1186/s12864-022-08601-w.,Pardo B,BMC Genomics,2022,2022-06-10,PMC9188087,,10.1186/s12864-022-08601-w
35656596,Differential expression of single-cell RNA-seq data using Tweedie models,"Mallick H, Chatterjee S, Chowdhury S, Chatterjee S, Rahnavard A, Hicks SC.",Stat Med. 2022 Aug 15;41(18):3492-3510. doi: 10.1002/sim.9430. Epub 2022 Jun 2.,Mallick H,Stat Med,2022,2022-06-03,PMC9288986,NIHMS1801933,10.1002/sim.9430
35648784,Improved transcriptome assembly using a hybrid of long and short reads with StringTie,"Shumate A, Wong B, Pertea G, Pertea M.",PLoS Comput Biol. 2022 Jun 1;18(6):e1009730. doi: 10.1371/journal.pcbi.1009730. eCollection 2022 Jun.,Shumate A,PLoS Comput Biol,2022,2022-06-01,PMC9191730,,10.1371/journal.pcbi.1009730
35741129,Schwannoma of the Upper Limb: Retrospective Study of a Rare Tumor with Uncommon Locations,"Pertea M, Filip A, Huzum B, Lunca S, Carp C, Mitrea M, Toader P, Luca S, Moraru DC, Poroch V, Veliceasa B.",Diagnostics (Basel). 2022 May 26;12(6):1319. doi: 10.3390/diagnostics12061319.,Pertea M,Diagnostics (Basel),2022,2022-06-24,PMC9222006,,10.3390/diagnostics12061319
35482478,SpatialExperiment: infrastructure for spatially-resolved transcriptomics data in R using Bioconductor,"Righelli D, Weber LM, Crowell HL, Pardo B, Collado-Torres L, Ghazanfar S, Lun ATL, Hicks SC, Risso D.",Bioinformatics. 2022 May 26;38(11):3128-3131. doi: 10.1093/bioinformatics/btac299.,Righelli D,Bioinformatics,2022,2022-04-28,PMC9154247,,10.1093/bioinformatics/btac299
35585102,Quantifying local pH changes in carbonate electrolyte during copper-catalysed [Formula: see text] electroreduction using in operando [Formula: see text] NMR,"Schatz M, Jovanovic S, Eichel RA, Granwehr J.",Sci Rep. 2022 May 18;12(1):8274. doi: 10.1038/s41598-022-12264-8.,Schatz M,Sci Rep,2022,2022-05-18,PMC9117298,,10.1038/s41598-022-12264-8
35584845,Reporting guideline for the early stage clinical evaluation of decision support systems driven by artificial intelligence: DECIDE-AI,"Vasey B, Nagendran M, Campbell B, Clifton DA, Collins GS, Denaxas S, Denniston AK, Faes L, Geerts B, Ibrahim M, Liu X, Mateen BA, Mathur P, McCradden MD, Morgan L, Ordish J, Rogers C, Saria S, Ting DSW, Watkinson P, Weber W, Wheatstone P, McCulloch P; DECIDE-AI expert group.",BMJ. 2022 May 18;377:e070904. doi: 10.1136/bmj-2022-070904.,Vasey B,BMJ,2022,2022-05-18,PMC9116198,,10.1136/bmj-2022-070904
35591888,A bioinformatics pipeline for estimating mitochondrial DNA copy number and heteroplasmy levels from whole genome sequencing data,"Battle SL, Puiu D; TOPMed mtDNA Working Group; Verlouw J, Broer L, Boerwinkle E, Taylor KD, Rotter JI, Rich SS, Grove ML, Pankratz N, Fetterman JL, Liu C, Arking DE.",NAR Genom Bioinform. 2022 May 17;4(2):lqac034. doi: 10.1093/nargab/lqac034. eCollection 2022 Jun.,Battle SL,NAR Genom Bioinform,2022,2022-05-20,PMC9112767,,10.1093/nargab/lqac034
35561178,EDClust: an EM-MM hybrid method for cell clustering in multiple-subject single-cell RNA sequencing,"Wei X, Li Z, Ji H, Wu H.",Bioinformatics. 2022 May 13;38(10):2692-2699. doi: 10.1093/bioinformatics/btac168.,Wei X,Bioinformatics,2022,2022-05-13,PMC9113373,,10.1093/bioinformatics/btac168
35533495,SARS-CoV-2 vaccination diversifies the CD4+ spike-reactive T cell repertoire in patients with prior SARS-CoV-2 infection,"Dykema AG, Zhang B, Woldemeskel BA, Garliss CC, Rashid R, Westlake T, Zhang L, Zhang J, Cheung LS, Caushi JX, Pardoll DM, Cox AL, Ji H, Smith KN, Blankson JN.",EBioMedicine. 2022 Jun;80:104048. doi: 10.1016/j.ebiom.2022.104048. Epub 2022 May 6.,Dykema AG,EBioMedicine,2022,2022-05-09,PMC9073272,,10.1016/j.ebiom.2022.104048
35446419,Complete Sequence of a 641-kb Insertion of Mitochondrial DNA in the Arabidopsis thaliana Nuclear Genome,"Fields PD, Waneka G, Naish M, Schatz MC, Henderson IR, Sloan DB.",Genome Biol Evol. 2022 May 3;14(5):evac059. doi: 10.1093/gbe/evac059.,Fields PD,Genome Biol Evol,2022,2022-04-21,PMC9071559,,10.1093/gbe/evac059
36452119,Benchmarking challenging small variants with linked and long reads,"Wagner J, Olson ND, Harris L, Khan Z, Farek J, Mahmoud M, Stankovic A, Kovacevic V, Yoo B, Miller N, Rosenfeld JA, Ni B, Zarate S, Kirsche M, Aganezov S, Schatz MC, Narzisi G, Byrska-Bishop M, Clarke W, Evani US, Markello C, Shafin K, Zhou X, Sidow A, Bansal V, Ebert P, Marschall T, Lansdorp P, Hanlon V, Mattsson CA, Barrio AM, Fiddes IT, Xiao C, Fungtammasan A, Chin CS, Wenger AM, Rowell WJ, Sedlazeck FJ, Carroll A, Salit M, Zook JM.",Cell Genom. 2022 May;2(5):100128. doi: 10.1016/j.xgen.2022.100128.,Wagner J,Cell Genom,2022,2022-12-01,PMC9706577,NIHMS1809018,10.1016/j.xgen.2022.100128
35601069,Reconstructive challenges of sinonasal tumors: A case report,"Palade DO, Hainarosie R, Pertea M, Anghelina F, Zaharia P, Pietroșanu C, Calu V, Ardeleanu V, Manole F.",Exp Ther Med. 2022 Jun;23(6):419. doi: 10.3892/etm.2022.11346. Epub 2022 Apr 29.,Palade DO,Exp Ther Med,2022,2022-05-23,PMC9117945,,10.3892/etm.2022.11346
35487922,Reference-free cell type deconvolution of multi-cellular pixel-resolution spatially resolved transcriptomics data,"Miller BF, Huang F, Atta L, Sahoo A, Fan J.",Nat Commun. 2022 Apr 29;13(1):2339. doi: 10.1038/s41467-022-30033-z.,Miller BF,Nat Commun,2022,2022-04-29,PMC9055051,,10.1038/s41467-022-30033-z
35474272,APOL1 Kidney Risk Variants and Proteomics,"Chen TK, Surapaneni AL, Arking DE, Ballantyne CM, Boerwinkle E, Chen J, Coresh J, Köttgen A, Susztak K, Tin A, Yu B, Grams ME.",Clin J Am Soc Nephrol. 2022 May;17(5):684-692. doi: 10.2215/CJN.14701121. Epub 2022 Apr 26.,Chen TK,Clin J Am Soc Nephrol,2022,2022-04-27,PMC9269576,,10.2215/CJN.14701121
35547202,Multi-Site Observational Study to Assess Biomarkers for Susceptibility or Resilience to Chronic Pain: The Acute to Chronic Pain Signatures (A2CPS) Study Protocol,"Berardi G, Frey-Law L, Sluka KA, Bayman EO, Coffey CS, Ecklund D, Vance CGT, Dailey DL, Burns J, Buvanendran A, McCarthy RJ, Jacobs J, Zhou XJ, Wixson R, Balach T, Brummett CM, Clauw D, Colquhoun D, Harte SE, Harris RE, Williams DA, Chang AC, Waljee J, Fisch KM, Jepsen K, Laurent LC, Olivier M, Langefeld CD, Howard TD, Fiehn O, Jacobs JM, Dakup P, Qian WJ, Swensen AC, Lokshin A, Lindquist M, Caffo BS, Crainiceanu C, Zeger S, Kahn A, Wager T, Taub M, Ford J, Sutherland SP, Wandner LD.",Front Med (Lausanne). 2022 Apr 25;9:849214. doi: 10.3389/fmed.2022.849214. eCollection 2022.,Berardi G,Front Med (Lausanne),2022,2022-05-13,PMC9082267,,10.3389/fmed.2022.849214
39131966,Using Machine Learning for Early Prediction of Cardiogenic Shock in Patients With Acute Heart Failure,"Rahman F, Finkelstein N, Alyakin A, Gilotra NA, Trost J, Schulman SP, Saria S.",J Soc Cardiovasc Angiogr Interv. 2022 Apr 22;1(3):100308. doi: 10.1016/j.jscai.2022.100308. eCollection 2022 May-Jun.,Rahman F,J Soc Cardiovasc Angiogr Interv,2022,2024-08-12,PMC11307874,,10.1016/j.jscai.2022.100308
35451532,Benchmarking statistical methods for analyzing parent-child dyads in genetic association studies,"Ray D, Vergara C, Taub MA, Wojcik G, Ladd-Acosta C, Beaty TH, Duggal P.",Genet Epidemiol. 2022 Jul;46(5-6):266-284. doi: 10.1002/gepi.22453. Epub 2022 Apr 22.,Ray D,Genet Epidemiol,2022,2022-04-22,PMC9356976,NIHMS1796767,10.1002/gepi.22453
35440538,High-quality genome and methylomes illustrate features underlying evolutionary success of oaks,"Sork VL, Cokus SJ, Fitz-Gibbon ST, Zimin AV, Puiu D, Garcia JA, Gugger PF, Henriquez CL, Zhen Y, Lohmueller KE, Pellegrini M, Salzberg SL.",Nat Commun. 2022 Apr 19;13(1):2047. doi: 10.1038/s41467-022-29584-y.,Sork VL,Nat Commun,2022,2022-04-20,PMC9018854,,10.1038/s41467-022-29584-y
35365950,Frequency of the PNPLA3 rs738409 polymorphism and other genetic loci for liver disease in a Guatemalan adult population,"Lazo M, Xie J, Alvarez CS, Parisi D, Yang S, Rivera-Andrade A, Kroker-Lobos MF, Groopman JD, Guallar E, Ramirez-Zea M, Arking DE, McGlynn KA.",Liver Int. 2022 Jun;42(6):1470-1474. doi: 10.1111/liv.15268. Epub 2022 Apr 12.,Lazo M,Liver Int,2022,2022-04-02,PMC9241623,NIHMS1800645,10.1111/liv.15268
35389749,Monogenic and Polygenic Contributions to QTc Prolongation in the Population,"Nauffal V, Morrill VN, Jurgens SJ, Choi SH, Hall AW, Weng LC, Halford JL, Austin-Tse C, Haggerty CM, Harris SL, Wong EK, Alonso A, Arking DE, Benjamin EJ, Boerwinkle E, Min YI, Correa A, Fornwalt BK, Heckbert SR; National Heart, Lung, and Blood Institute Trans-Omics for Precision Medicine (TOPMed) Consortium; Kooperberg C, Lin HJ, J F Loos R, Rice KM, Gupta N, Blackwell TW, Mitchell BD, Morrison AC, Psaty BM, Post WS, Redline S, Rehm HL, Rich SS, Rotter JI, Soliman EZ, Sotoodehnia N, Lunetta KL, Ellinor PT, Lubitz SA; TOPMed Investigators.",Circulation. 2022 May 17;145(20):1524-1533. doi: 10.1161/CIRCULATIONAHA.121.057261. Epub 2022 Apr 7.,Nauffal V,Circulation,2022,2022-04-07,PMC9117504,NIHMS1797188,10.1161/CIRCULATIONAHA.121.057261
35020831,Single-cell analysis reveals immune dysfunction from the earliest stages of CLL that can be reversed by ibrutinib,"Purroy N, Tong YE, Lemvigh CK, Cieri N, Li S, Parry EM, Zhang W, Rassenti LZ, Kipps TJ, Slager SL, Kay NE, Lesnick C, Shanafelt TD, Ghia P, Scarfò L, Livak KJ, Kharchenko PV, Neuberg DS, Olsen LR, Fan J, Gohil SH, Wu CJ.",Blood. 2022 Apr 7;139(14):2252-2256. doi: 10.1182/blood.2021013926.,Purroy N,Blood,2022,2022-01-12,PMC8990375,,10.1182/blood.2021013926
35385311,Mendelian randomization supports bidirectional causality between telomere length and clonal hematopoiesis of indeterminate potential,"Nakao T, Bick AG, Taub MA, Zekavat SM, Uddin MM, Niroula A, Carty CL, Lane J, Honigberg MC, Weinstock JS, Pampana A, Gibson CJ, Griffin GK, Clarke SL, Bhattacharya R, Assimes TL, Emery LS, Stilp AM, Wong Q, Broome J, Laurie CA, Khan AT, Smith AV, Blackwell TW, Codd V, Nelson CP, Yoneda ZT, Peralta JM, Bowden DW, Irvin MR, Boorgula M, Zhao W, Yanek LR, Wiggins KL, Hixson JE, Gu CC, Peloso GM, Roden DM, Reupena MS, Hwu CM, DeMeo DL, North KE, Kelly S, Musani SK, Bis JC, Lloyd-Jones DM, Johnsen JM, Preuss M, Tracy RP, Peyser PA, Qiao D, Desai P, Curran JE, Freedman BI, Tiwari HK, Chavan S, Smith JA, Smith NL, Kelly TN, Hidalgo B, Cupples LA, Weeks DE, Hawley NL, Minster RL; Samoan Obesity, Lifestyle and Genetic Adaptations Study (OLaGA) Group; Deka R, Naseri TT, de las Fuentes L, Raffield LM, Morrison AC, Vries PS, Ballantyne CM, Kenny EE, Rich SS, Whitsel EA, Cho MH, Shoemaker MB, Pace BS, Blangero J, Palmer ND, Mitchell BD, Shuldiner AR, Barnes KC, Redline S, Kardia SLR, Abecasis GR, Becker LC, Heckbert SR, He J, Post W, Arnett DK, Vasan RS, Darbar D, Weiss ST, McGarvey ST, de Andrade M, Chen YI, Kaplan RC, Meyers DA, Custer BS, et al.",Sci Adv. 2022 Apr 8;8(14):eabl6579. doi: 10.1126/sciadv.abl6579. Epub 2022 Apr 6.,Nakao T,Sci Adv,2022,2022-04-06,PMC8986098,,10.1126/sciadv.abl6579
35362479,Next-generation sequencing: insights to advance clinical investigations of the microbiome,"Wensel CR, Pluznick JL, Salzberg SL, Sears CL.",J Clin Invest. 2022 Apr 1;132(7):e154944. doi: 10.1172/JCI154944.,Wensel CR,J Clin Invest,2022,2022-04-01,PMC8970668,,10.1172/JCI154944
35357935,A complete reference genome improves analysis of human genetic variation,"Aganezov S, Yan SM, Soto DC, Kirsche M, Zarate S, Avdeyev P, Taylor DJ, Shafin K, Shumate A, Xiao C, Wagner J, McDaniel J, Olson ND, Sauria MEG, Vollger MR, Rhie A, Meredith M, Martin S, Lee J, Koren S, Rosenfeld JA, Paten B, Layer R, Chin CS, Sedlazeck FJ, Hansen NF, Miller DE, Phillippy AM, Miga KH, McCoy RC, Dennis MY, Zook JM, Schatz MC.",Science. 2022 Apr;376(6588):eabl3533. doi: 10.1126/science.abl3533. Epub 2022 Apr 1.,Aganezov S,Science,2022,2022-03-31,PMC9336181,NIHMS1814268,10.1126/science.abl3533
35357925,From telomere to telomere: The transcriptional and epigenetic state of human repeat elements,"Hoyt SJ, Storer JM, Hartley GA, Grady PGS, Gershman A, de Lima LG, Limouse C, Halabian R, Wojenski L, Rodriguez M, Altemose N, Rhie A, Core LJ, Gerton JL, Makalowski W, Olson D, Rosen J, Smit AFA, Straight AF, Vollger MR, Wheeler TJ, Schatz MC, Eichler EE, Phillippy AM, Timp W, Miga KH, O'Neill RJ.",Science. 2022 Apr;376(6588):eabk3112. doi: 10.1126/science.abk3112. Epub 2022 Apr 1.,Hoyt SJ,Science,2022,2022-03-31,PMC9301658,NIHMS1804790,10.1126/science.abk3112
35357917,Segmental duplications and their variation in a complete human genome,"Vollger MR, Guitart X, Dishuck PC, Mercuri L, Harvey WT, Gershman A, Diekhans M, Sulovari A, Munson KM, Lewis AP, Hoekzema K, Porubsky D, Li R, Nurk S, Koren S, Miga KH, Phillippy AM, Timp W, Ventura M, Eichler EE.",Science. 2022 Apr;376(6588):eabj6965. doi: 10.1126/science.abj6965. Epub 2022 Apr 1.,Vollger MR,Science,2022,2022-03-31,PMC8979283,NIHMS1764181,10.1126/science.abj6965
35357915,Epigenetic patterns in a complete human genome,"Gershman A, Sauria MEG, Guitart X, Vollger MR, Hook PW, Hoyt SJ, Jain M, Shumate A, Razaghi R, Koren S, Altemose N, Caldas GV, Logsdon GA, Rhie A, Eichler EE, Schatz MC, O'Neill RJ, Phillippy AM, Miga KH, Timp W.",Science. 2022 Apr;376(6588):eabj5089. doi: 10.1126/science.abj5089. Epub 2022 Apr 1.,Gershman A,Science,2022,2022-03-31,PMC9170183,NIHMS1804273,10.1126/science.abj5089
35357911,Complete genomic and epigenetic maps of human centromeres,"Altemose N, Logsdon GA, Bzikadze AV, Sidhwani P, Langley SA, Caldas GV, Hoyt SJ, Uralsky L, Ryabov FD, Shew CJ, Sauria MEG, Borchers M, Gershman A, Mikheenko A, Shepelev VA, Dvorkina T, Kunyavskaya O, Vollger MR, Rhie A, McCartney AM, Asri M, Lorig-Roach R, Shafin K, Lucas JK, Aganezov S, Olson D, de Lima LG, Potapova T, Hartley GA, Haukness M, Kerpedjiev P, Gusev F, Tigyi K, Brooks S, Young A, Nurk S, Koren S, Salama SR, Paten B, Rogaev EI, Streets A, Karpen GH, Dernburg AF, Sullivan BA, Straight AF, Wheeler TJ, Gerton JL, Eichler EE, Phillippy AM, Timp W, Dennis MY, O'Neill RJ, Zook JM, Schatz MC, Pevzner PA, Diekhans M, Langley CH, Alexandrov IA, Miga KH.",Science. 2022 Apr;376(6588):eabl4178. doi: 10.1126/science.abl4178. Epub 2022 Apr 1.,Altemose N,Science,2022,2022-03-31,PMC9233505,NIHMS1805246,10.1126/science.abl4178
35357919,The complete sequence of a human genome,"Nurk S, Koren S, Rhie A, Rautiainen M, Bzikadze AV, Mikheenko A, Vollger MR, Altemose N, Uralsky L, Gershman A, Aganezov S, Hoyt SJ, Diekhans M, Logsdon GA, Alonge M, Antonarakis SE, Borchers M, Bouffard GG, Brooks SY, Caldas GV, Chen NC, Cheng H, Chin CS, Chow W, de Lima LG, Dishuck PC, Durbin R, Dvorkina T, Fiddes IT, Formenti G, Fulton RS, Fungtammasan A, Garrison E, Grady PGS, Graves-Lindsay TA, Hall IM, Hansen NF, Hartley GA, Haukness M, Howe K, Hunkapiller MW, Jain C, Jain M, Jarvis ED, Kerpedjiev P, Kirsche M, Kolmogorov M, Korlach J, Kremitzki M, Li H, Maduro VV, Marschall T, McCartney AM, McDaniel J, Miller DE, Mullikin JC, Myers EW, Olson ND, Paten B, Peluso P, Pevzner PA, Porubsky D, Potapova T, Rogaev EI, Rosenfeld JA, Salzberg SL, Schneider VA, Sedlazeck FJ, Shafin K, Shew CJ, Shumate A, Sims Y, Smit AFA, Soto DC, Sović I, Storer JM, Streets A, Sullivan BA, Thibaud-Nissen F, Torrance J, Wagner J, Walenz BP, Wenger A, Wood JMD, Xiao C, Yan SM, Young AC, Zarate S, Surti U, McCoy RC, Dennis MY, Alexandrov IA, Gerton JL, O'Neill RJ, Timp W, Zook JM, Schatz MC, Eichler EE, Miga KH, Phillippy AM.",Science. 2022 Apr;376(6588):44-53. doi: 10.1126/science.abj6987. Epub 2022 Mar 31.,Nurk S,Science,2022,2022-03-31,PMC9186530,NIHMS1775562,10.1126/science.abj6987
35353807,Addressing the mean-correlation relationship in co-expression analysis,"Wang Y, Hicks SC, Hansen KD.",PLoS Comput Biol. 2022 Mar 30;18(3):e1009954. doi: 10.1371/journal.pcbi.1009954. eCollection 2022 Mar.,Wang Y,PLoS Comput Biol,2022,2022-03-30,PMC9009771,,10.1371/journal.pcbi.1009954
35395503,Epigenome-wide association analyses of active injection drug use,"Shu C, Jaffe AE, Sabunciyan S, Ji H, Astemborski J, Sun J, Bakulski KM, Sosnowski DW, Mehta SH, Kirk GD, Maher BS.",Drug Alcohol Depend. 2022 Jun 1;235:109431. doi: 10.1016/j.drugalcdep.2022.109431. Epub 2022 Mar 29.,Shu C,Drug Alcohol Depend,2022,2022-04-08,PMC13254627,NIHMS2177956,10.1016/j.drugalcdep.2022.109431
35454313,Pain Intensity and Degree of Disability after Fragility Fractures of the Pelvis,"Filip A, Veliceasa B, Puha B, Filip N, Cojocaru E, Pertea M, Carp CA, Huzum B, Alexa O, Rommens PM.",Medicina (Kaunas). 2022 Mar 25;58(4):477. doi: 10.3390/medicina58040477.,Filip A,Medicina (Kaunas),2022,2022-04-23,PMC9024514,,10.3390/medicina58040477
35312098,Secondary analyses for genome-wide association studies using expression quantitative trait loci,"Ngwa JS, Yanek LR, Kammers K, Kanchan K, Taub MA, Scharpf RB, Faraday N, Becker LC, Mathias RA, Ruczinski I.",Genet Epidemiol. 2022 Apr;46(3-4):170-181. doi: 10.1002/gepi.22448. Epub 2022 Mar 21.,Ngwa JS,Genet Epidemiol,2022,2022-03-21,PMC9086181,NIHMS1786200,10.1002/gepi.22448
35279790,"Backbone and sidechain (1)H, (15)N and (13)C resonance assignments of the free and RNA-bound tandem zinc finger domain of the tristetraprolin family member from Selaginella moellendorffii","Hicks SN, Venters RA, Blackshear PJ.",Biomol NMR Assign. 2022 Apr;16(1):153-158. doi: 10.1007/s12104-022-10073-8. Epub 2022 Mar 12.,Hicks SN,Biomol NMR Assign,2022,2022-03-13,PMC9196822,NIHMS1804422,10.1007/s12104-022-10073-8
35262079,"RK-33, a small molecule inhibitor of host RNA helicase DDX3, suppresses multiple variants of SARS-CoV-2","Vesuna F, Akhrymuk I, Smith A, Winnard PT, Lin SC, Scharpf R, Kehn-Hall K, Raman V.",bioRxiv [Preprint]. 2022 Mar 1:2022.02.28.482334. doi: 10.1101/2022.02.28.482334.,Vesuna F,bioRxiv,2022,2022-03-09,PMC8902879,,10.1101/2022.02.28.482334
35235413,Same-Cell Co-Occurrence of RAS Hotspot and BRAF V600E Mutations in Treatment-Naive Colorectal Cancer,"Gularte-Mérida R, Smith S, Bowman AS, da Cruz Paula A, Chatila W, Bielski CM, Vyas M, Borsu L, Zehir A, Martelotto LG, Shia J, Yaeger R, Fang F, Gardner R, Luo R, Schatz MC, Shen R, Weigelt B, Sánchez-Vega F, Reis-Filho JS, Hechtman JF.",JCO Precis Oncol. 2022 Mar;6:e2100365. doi: 10.1200/PO.21.00365.,Gularte-Mérida R,JCO Precis Oncol,2022,2022-03-02,PMC8906458,,10.1200/PO.21.00365
35265679,Rare Genetic Variants Associated With Myocardial Fibrosis: Multi-Ethnic Study of Atherosclerosis,"Shabani M, Dutta D, Ambale-Venkatesh B, Post WS, Taylor KD, Rich SS, Wu CO, Pereira NL, Shah SJ, Chatterjee N, Rotter JI, Arking DE, Lima JAC.",Front Cardiovasc Med. 2022 Feb 21;9:804788. doi: 10.3389/fcvm.2022.804788. eCollection 2022.,Shabani M,Front Cardiovasc Med,2022,2022-03-10,PMC8899004,,10.3389/fcvm.2022.804788
35207566,Artificial Intelligence and Cardiovascular Genetics,"Krittanawong C, Johnson KW, Choi E, Kaplin S, Venner E, Murugan M, Wang Z, Glicksberg BS, Amos CI, Schatz MC, Tang WHW.",Life (Basel). 2022 Feb 14;12(2):279. doi: 10.3390/life12020279.,Krittanawong C,Life (Basel),2022,2022-02-25,PMC8875522,,10.3390/life12020279
35145123,GLI transcriptional repression is inert prior to Hedgehog pathway activation,"Lex RK, Zhou W, Ji Z, Falkenstein KN, Schuler KE, Windsor KE, Kim JD, Ji H, Vokes SA.",Nat Commun. 2022 Feb 10;13(1):808. doi: 10.1038/s41467-022-28485-4.,Lex RK,Nat Commun,2022,2022-02-11,PMC8831537,,10.1038/s41467-022-28485-4
35145108,A mammalian methylation array for profiling methylation levels at conserved sequences,"Arneson A, Haghani A, Thompson MJ, Pellegrini M, Kwon SB, Vu H, Maciejewski E, Yao M, Li CZ, Lu AT, Morselli M, Rubbi L, Barnes B, Hansen KD, Zhou W, Breeze CE, Ernst J, Horvath S.",Nat Commun. 2022 Feb 10;13(1):783. doi: 10.1038/s41467-022-28355-z.,Arneson A,Nat Commun,2022,2022-02-11,PMC8831611,,10.1038/s41467-022-28355-z
35142607,Human embryoid bodies as a novel system for genomic studies of functionally diverse cell types,"Rhodes K, Barr KA, Popp JM, Strober BJ, Battle A, Gilad Y.",Elife. 2022 Feb 10;11:e71361. doi: 10.7554/eLife.71361.,Rhodes K,Elife,2022,2022-02-10,PMC8830892,,10.7554/eLife.71361
35252946,Direct detection of RNA modifications and structure using single-molecule nanopore sequencing,"Stephenson W, Razaghi R, Busan S, Weeks KM, Timp W, Smibert P.",Cell Genom. 2022 Feb 9;2(2):100097. doi: 10.1016/j.xgen.2022.100097.,Stephenson W,Cell Genom,2022,2022-03-07,PMC8896822,NIHMS1779281,10.1016/j.xgen.2022.100097
35132245,NTR 2.0: a rationally engineered prodrug-converting enzyme with substantially enhanced efficacy for targeted cell ablation,"Sharrock AV, Mulligan TS, Hall KR, Williams EM, White DT, Zhang L, Emmerich K, Matthews F, Nimmagadda S, Washington S, Le KD, Meir-Levi D, Cox OL, Saxena MT, Calof AL, Lopez-Burks ME, Lander AD, Ding D, Ji H, Ackerley DF, Mumm JS.",Nat Methods. 2022 Feb;19(2):205-215. doi: 10.1038/s41592-021-01364-4. Epub 2022 Feb 7.,Sharrock AV,Nat Methods,2022,2022-02-08,PMC8851868,NIHMS1760567,10.1038/s41592-021-01364-4
34734986,PhyloCSF++: a fast and user-friendly implementation of PhyloCSF with annotation tools,"Pockrandt C, Steinegger M, Salzberg SL.",Bioinformatics. 2022 Feb 7;38(5):1440-1442. doi: 10.1093/bioinformatics/btab756.,Pockrandt C,Bioinformatics,2022,2021-11-04,PMC9991890,,10.1093/bioinformatics/btab756
35120119,The SAMBA tool uses long reads to improve the contiguity of genome assemblies,"Zimin AV, Salzberg SL.",PLoS Comput Biol. 2022 Feb 4;18(2):e1009860. doi: 10.1371/journal.pcbi.1009860. eCollection 2022 Feb.,Zimin AV,PLoS Comput Biol,2022,2022-02-04,PMC8849508,,10.1371/journal.pcbi.1009860
34897437,"A reference-quality, fully annotated genome from a Puerto Rican individual","Zimin AV, Shumate A, Shinder I, Heinz J, Puiu D, Pertea M, Salzberg SL.",Genetics. 2022 Feb 4;220(2):iyab227. doi: 10.1093/genetics/iyab227.,Zimin AV,Genetics,2022,2021-12-13,PMC9097244,,10.1093/genetics/iyab227
35120996,Trans-ethnic genome-wide association study of blood metabolites in the Chronic Renal Insufficiency Cohort (CRIC) study,"Rhee EP, Surapaneni A, Zheng Z, Zhou L, Dutta D, Arking DE, Zhang J, Duong T, Chatterjee N, Luo S, Schlosser P, Mehta R, Waikar SS, Saraf SL, Kelly TN, Hamm LL, Rao PS, Mathew AV, Hsu CY, Parsa A, Vasan RS, Kimmel PL, Clish CB, Coresh J, Feldman HI, Grams ME; CKD Biomarkers Consortium and the Chronic Renal Insufficiency Cohort (CRIC) Study Investigators.",Kidney Int. 2022 Apr;101(4):814-823. doi: 10.1016/j.kint.2022.01.014. Epub 2022 Feb 1.,Rhee EP,Kidney Int,2022,2022-02-05,PMC8940669,NIHMS1784863,10.1016/j.kint.2022.01.014
34918394,Fetal lipidome and incident risk of food allergy: A prospective birth cohort study,"Hong X, Liang L, Ji H, Frischmeyer-Guerrerio P, Wang G, Pearson C, Stampfer M, Hu FB, Wang X.",Pediatr Allergy Immunol. 2022 Feb;33(2):e13722. doi: 10.1111/pai.13722.,Hong X,Pediatr Allergy Immunol,2022,2021-12-17,PMC8881306,NIHMS1765369,10.1111/pai.13722
35101061,Universal prediction of cell-cycle position using transfer learning,"Zheng SC, Stein-O'Brien G, Augustin JJ, Slosberg J, Carosso GA, Winer B, Shin G, Bjornsson HT, Goff LA, Hansen KD.",Genome Biol. 2022 Jan 31;23(1):41. doi: 10.1186/s13059-021-02581-y.,Zheng SC,Genome Biol,2022,2022-02-01,PMC8802487,,10.1186/s13059-021-02581-y
35094946,Maternal selection of human embryos in early gestation: Insights from recurrent miscarriage,"Brosens JJ, Bennett PR, Abrahams VM, Ramhorst R, Coomarasamy A, Quenby S, Lucas ES, McCoy RC.",Semin Cell Dev Biol. 2022 Nov;131:14-24. doi: 10.1016/j.semcdb.2022.01.007. Epub 2022 Jan 31.,Brosens JJ,Semin Cell Dev Biol,2022,2022-01-31,PMC9325922,NIHMS1775864,10.1016/j.semcdb.2022.01.007
35085493,Redefining tissue specificity of genetic regulation of gene expression in the presence of allelic heterogeneity,"Arvanitis M, Tayeb K, Strober BJ, Battle A.",Am J Hum Genet. 2022 Feb 3;109(2):223-239. doi: 10.1016/j.ajhg.2022.01.002. Epub 2022 Jan 31.,Arvanitis M,Am J Hum Genet,2022,2022-01-27,PMC8874223,,10.1016/j.ajhg.2022.01.002
34013339,Differential Cytokine Signatures of Severe Acute Respiratory Syndrome Coronavirus 2 (SARS-CoV-2) and Influenza Infection Highlight Key Differences in Pathobiology,"Karaba AH, Zhou W, Hsieh LL, Figueroa A, Massaccesi G, Rothman RE, Fenstermacher KZJ, Sauer L, Shaw-Saliba K, Blair PW, Robinson ML, Leung S, Wesson R, Alachkar N, El-Diwany R, Ji H, Cox AL.",Clin Infect Dis. 2022 Jan 29;74(2):254-262. doi: 10.1093/cid/ciab376.,Karaba AH,Clin Infect Dis,2022,2021-05-20,PMC8243556,,10.1093/cid/ciab376
35061661,Single-cell sequencing reveals lineage-specific dynamic genetic regulation of gene expression during human cardiomyocyte differentiation,"Elorbany R, Popp JM, Rhodes K, Strober BJ, Barr K, Qi G, Gilad Y, Battle A.",PLoS Genet. 2022 Jan 21;18(1):e1009666. doi: 10.1371/journal.pgen.1009666. eCollection 2022 Jan.,Elorbany R,PLoS Genet,2022,2022-01-21,PMC8809621,,10.1371/journal.pgen.1009666
35075453,Integrated cell-free DNA and cytokine analysis uncovers distinct tissue injury and immune response patterns in solid organ transplant recipients with COVID-19,"Andargie TE, Zhou W, Karaba AH, Li T, Seifuddin F, Rittenhouse AG, Kong H, Singh K, Woodward R, Iacono A, Avery RK, Pirooznia M, Jang MK, Ji H, Cox AL, Agbor-Enoh S.",Res Sq [Preprint]. 2022 Jan 20:rs.3.rs-1262270. doi: 10.21203/rs.3.rs-1262270/v1.,Andargie TE,Res Sq,2022,2022-01-25,PMC8786231,,10.21203/rs.3.rs-1262270/v1
35041518,Finding Maximal Exact Matches Using the r-Index,"Rossi M, Oliva M, Bonizzoni P, Langmead B, Gagie T, Boucher C.",J Comput Biol. 2022 Feb;29(2):188-194. doi: 10.1089/cmb.2021.0445. Epub 2022 Jan 17.,Rossi M,J Comput Biol,2022,2022-01-18,PMC8902461,,10.1089/cmb.2021.0445
35041495,MONI: A Pangenomic Index for Finding Maximal Exact Matches,"Rossi M, Oliva M, Langmead B, Gagie T, Boucher C.",J Comput Biol. 2022 Feb;29(2):169-187. doi: 10.1089/cmb.2021.0290. Epub 2022 Jan 17.,Rossi M,J Comput Biol,2022,2022-01-18,PMC8892979,,10.1089/cmb.2021.0290
35530816,"Genetic determinants of telomere length from 109,122 ancestrally diverse whole-genome sequences in TOPMed","Taub MA, Conomos MP, Keener R, Iyer KR, Weinstock JS, Yanek LR, Lane J, Miller-Fleming TW, Brody JA, Raffield LM, McHugh CP, Jain D, Gogarten SM, Laurie CA, Keramati A, Arvanitis M, Smith AV, Heavner B, Barwick L, Becker LC, Bis JC, Blangero J, Bleecker ER, Burchard EG, Celedón JC, Chang YPC, Custer B, Darbar D, de las Fuentes L, DeMeo DL, Freedman BI, Garrett ME, Gladwin MT, Heckbert SR, Hidalgo BA, Irvin MR, Islam T, Johnson WC, Kaab S, Launer L, Lee J, Liu S, Moscati A, North KE, Peyser PA, Rafaels N, Seidman C, Weeks DE, Wen F, Wheeler MM, Williams LK, Yang IV, Zhao W, Aslibekyan S, Auer PL, Bowden DW, Cade BE, Chen Z, Cho MH, Cupples LA, Curran JE, Daya M, Deka R, Eng C, Fingerlin TE, Guo X, Hou L, Hwang SJ, Johnsen JM, Kenny EE, Levin AM, Liu C, Minster RL, Naseri T, Nouraie M, Reupena MS, Sabino EC, Smith JA, Smith NL, Su JL, Taylor JG, Telen MJ, Tiwari HK, Tracy RP, White MJ, Zhang Y, Wiggins KL, Weiss ST, Vasan RS, Taylor KD, Sinner MF, Silverman EK, Shoemaker MB, Sheu WH, Sciurba F, Schwartz DA, Rotter JI, Roden D, Redline S, Raby BA, et al.",Cell Genom. 2022 Jan 12;2(1):100084. doi: 10.1016/j.xgen.2021.100084. Epub 2022 Jan 13.,Taub MA,Cell Genom,2022,2022-05-09,PMC9075703,NIHMS1769902,10.1016/j.xgen.2021.100084
35199087,"Inverting the model of genomics data sharing with the NHGRI Genomic Data Science Analysis, Visualization, and Informatics Lab-space","Schatz MC, Philippakis AA, Afgan E, Banks E, Carey VJ, Carroll RJ, Culotti A, Ellrott K, Goecks J, Grossman RL, Hall IM, Hansen KD, Lawson J, Leek JT, Luria AO, Mosher S, Morgan M, Nekrutenko A, O'Connor BD, Osborn K, Paten B, Patterson C, Tan FJ, Taylor CO, Vessio J, Waldron L, Wang T, Wuichet K.",Cell Genom. 2022 Jan 12;2(1):100085. doi: 10.1016/j.xgen.2021.100085. Epub 2022 Jan 13.,Schatz MC,Cell Genom,2022,2022-02-24,PMC8863334,NIHMS1772401,10.1016/j.xgen.2021.100085
35100403,Assembled and annotated 26.5 Gbp coast redwood genome: a resource for estimating evolutionary adaptive potential and investigating hexaploid origin,"Neale DB, Zimin AV, Zaman S, Scott AD, Shrestha B, Workman RE, Puiu D, Allen BJ, Moore ZJ, Sekhwal MK, De La Torre AR, McGuire PE, Burns E, Timp W, Wegrzyn JL, Salzberg SL.",G3 (Bethesda). 2022 Jan 4;12(1):jkab380. doi: 10.1093/g3journal/jkab380.,Neale DB,G3 (Bethesda),2022,2022-01-31,PMC8728005,,10.1093/g3journal/jkab380
34500455,VeloViz: RNA velocity-informed embeddings for visualizing cellular trajectories,"Atta L, Sahoo A, Fan J.",Bioinformatics. 2022 Jan 3;38(2):391-396. doi: 10.1093/bioinformatics/btab653.,Atta L,Bioinformatics,2022,2021-09-09,PMC8723140,,10.1093/bioinformatics/btab653
34586224,Tobacco counseling in the setting of thyroid eye disease,"Schatz MJ, McGeehan BC, Maguire MG, Briceño CA.",Arq Bras Oftalmol. 2022 Jan-Feb;85(1):13-18. doi: 10.5935/0004-2749.20220003.,Schatz MJ,Arq Bras Oftalmol,2022,2021-09-29,PMC11826631,,10.5935/0004-2749.20220003
34800071,Genome-wide association identifies candidate genes for drought tolerance in coast redwood and giant sequoia,"De La Torre AR, Sekhwal MK, Puiu D, Salzberg SL, Scott AD, Allen B, Neale DB, Chin ARO, Buckley TN.",Plant J. 2022 Jan;109(1):7-22. doi: 10.1111/tpj.15592. Epub 2021 Dec 8.,De La Torre AR,Plant J,2022,2021-11-20,PMC10773529,NIHMS1928526,10.1111/tpj.15592
34843755,A metabolomics approach identified toxins associated with uremic symptoms in advanced chronic kidney disease,"Hu JR, Myint L, Levey AS, Coresh J, Inker LA, Grams ME, Guallar E, Hansen KD, Rhee EP, Shafi T.",Kidney Int. 2022 Feb;101(2):369-378. doi: 10.1016/j.kint.2021.10.035. Epub 2021 Nov 26.,Hu JR,Kidney Int,2022,2021-11-29,PMC8792216,NIHMS1766195,10.1016/j.kint.2021.10.035
34780848,Discovering metabolite quantitative trait loci in asthma using an isolated population,"Johnson RK, Brunetti T, Quinn K, Doenges K, Campbell M, Arehart C, Taub MA, Mathias RA, Reisdorph N, Barnes KC, Daya M.",J Allergy Clin Immunol. 2022 May;149(5):1807-1811.e16. doi: 10.1016/j.jaci.2021.11.002. Epub 2021 Nov 12.,Johnson RK,J Allergy Clin Immunol,2022,2021-11-15,PMC9081120,NIHMS1756234,10.1016/j.jaci.2021.11.002
34702734,Chromosome-specific telomere lengths and the minimal functional telomere revealed by nanopore sequencing,"Sholes SL, Karimian K, Gershman A, Kelly TJ, Timp W, Greider CW.",Genome Res. 2022 Apr;32(4):616-628. doi: 10.1101/gr.275868.121. Epub 2021 Oct 26.,Sholes SL,Genome Res,2022,2021-10-27,PMC8997346,,10.1101/gr.275868.121
34419426,"Understanding Patients' Perceived Health After Critical Illness: Analysis of Two Prospective, Longitudinal Studies of ARDS Survivors","Turnbull AE, Ji H, Dinglas VD, Wu AW, Mendez-Tellez PA, Himmelfarb CD, Shanholtz CB, Hosey MM, Hopkins RO, Needham DM.",Chest. 2022 Feb;161(2):407-417. doi: 10.1016/j.chest.2021.07.2177. Epub 2021 Aug 19.,Turnbull AE,Chest,2022,2021-08-22,PMC8941599,,10.1016/j.chest.2021.07.2177
34415308,Epigenome-wide association study of mitochondrial genome copy number,"Wang P, Castellani CA, Yao J, Huan T, Bielak LF, Zhao W, Haessler J, Joehanes R, Sun X, Guo X, Longchamps RJ, Manson JE, Grove ML, Bressler J, Taylor KD, Lappalainen T, Kasela S, Van Den Berg DJ, Hou L, Reiner A, Liu Y, Boerwinkle E, Smith JA, Peyser PA, Fornage M, Rich SS, Rotter JI, Kooperberg C, Arking DE, Levy D, Liu C; NHLBI Trans-Omics for Precision Medicine (TOPMed) Consortium.",Hum Mol Genet. 2021 Dec 27;31(2):309-319. doi: 10.1093/hmg/ddab240.,Wang P,Hum Mol Genet,2021,2021-08-20,PMC8742999,,10.1093/hmg/ddab240
35273460,Indicators of Successful Career Transitions from Physical Sciences and Engineering to Biomedical Research,Beer MA.,Curr Genomics. 2021 Dec 16;22(4):301-305. doi: 10.2174/138920292204211203162041.,Beer MA,Curr Genomics,2021,2022-03-11,PMC8822224,,10.2174/138920292204211203162041
34956683,Multimodal Imaging of Waldenstrom Macroglobulinemia-Associated Hyperviscosity-Related Retinopathy Treated with Plasmapheresis,"Schatz MJ, Wilkins CS, Otero-Marquez O, Chui TYP, Rosen RB, Gupta M.",Case Rep Ophthalmol Med. 2021 Dec 15;2021:6816195. doi: 10.1155/2021/6816195. eCollection 2021.,Schatz MJ,Case Rep Ophthalmol Med,2021,2021-12-27,PMC8695004,,10.1155/2021/6816195
36303747,Releasing the Kraken,"Salzberg SL, Wood DE.",Front Bioinform. 2021 Dec 6;1:808003. doi: 10.3389/fbinf.2021.808003. eCollection 2021.,Salzberg SL,Front Bioinform,2021,2022-10-28,PMC9580904,,10.3389/fbinf.2021.808003
34551429,High resolution copy number inference in cancer using short-molecule nanopore sequencing,"Baslan T, Kovaka S, Sedlazeck FJ, Zhang Y, Wappel R, Tian S, Lowe SW, Goodwin S, Schatz MC.",Nucleic Acids Res. 2021 Dec 2;49(21):e124. doi: 10.1093/nar/gkab812.,Baslan T,Nucleic Acids Res,2021,2021-09-22,PMC8643650,,10.1093/nar/gkab812
34548389,"Polygenic Risk Scores for Kidney Function and Their Associations with Circulating Proteome, and Incident Kidney Diseases","Yu Z, Jin J, Tin A, Köttgen A, Yu B, Chen J, Surapaneni A, Zhou L, Ballantyne CM, Hoogeveen RC, Arking DE, Chatterjee N, Grams ME, Coresh J.",J Am Soc Nephrol. 2021 Dec 1;32(12):3161-3173. doi: 10.1681/ASN.2020111599. Epub 2021 Dec 1.,Yu Z,J Am Soc Nephrol,2021,2021-09-22,PMC8638405,,10.1681/ASN.2020111599
34844637,recount3: summaries and queries for large-scale RNA-seq expression and splicing,"Wilks C, Zheng SC, Chen FY, Charles R, Solomon B, Ling JP, Imada EL, Zhang D, Joseph L, Leek JT, Jaffe AE, Nellore A, Collado-Torres L, Hansen KD, Langmead B.",Genome Biol. 2021 Nov 29;22(1):323. doi: 10.1186/s13059-021-02533-6.,Wilks C,Genome Biol,2021,2021-11-30,PMC8628444,,10.1186/s13059-021-02533-6
34824209,Plasma virome and the risk of blood-borne infection in persons with substance use disorder,"Kandathil AJ, Cox AL, Page K, Mohr D, Razaghi R, Ghanem KG, Tuddenham SA, Hsieh YH, Evans JL, Coller KE, Timp W, Celentano DD, Ray SC, Thomas DL.",Nat Commun. 2021 Nov 25;12(1):6909. doi: 10.1038/s41467-021-26980-8.,Kandathil AJ,Nat Commun,2021,2021-11-26,PMC8617242,,10.1038/s41467-021-26980-8
34718768,"A post-transcriptional regulon controlled by TtpA, the single tristetraprolin family member expressed in Dictyostelium discoideum","Bai W, Wells ML, Lai WS, Hicks SN, Burkholder AB, Perera L, Kimmel AR, Blackshear PJ.",Nucleic Acids Res. 2021 Nov 18;49(20):11920-11937. doi: 10.1093/nar/gkab983.,Bai W,Nucleic Acids Res,2021,2021-10-31,PMC8599788,,10.1093/nar/gkab983
34037690,LevioSAM: fast lift-over of variant-aware reference alignments,"Mun T, Chen NC, Langmead B.",Bioinformatics. 2021 Nov 18;37(22):4243-4245. doi: 10.1093/bioinformatics/btab396.,Mun T,Bioinformatics,2021,2021-05-26,PMC9502237,,10.1093/bioinformatics/btab396
34021745,Jutils: a visualization toolkit for differential alternative splicing events,"Yang G, Cope L, He Z, Florea L.",Bioinformatics. 2021 Nov 18;37(22):4272-4274. doi: 10.1093/bioinformatics/btab401.,Yang G,Bioinformatics,2021,2021-05-22,PMC9502236,,10.1093/bioinformatics/btab401
34772814,Haplotype-aware inference of human chromosome abnormalities,"Ariad D, Yan SM, Victor AR, Barnes FL, Zouves CG, Viotti M, McCoy RC.",Proc Natl Acad Sci U S A. 2021 Nov 16;118(46):e2109307118. doi: 10.1073/pnas.2109307118.,Ariad D,Proc Natl Acad Sci U S A,2021,2021-11-13,PMC8609623,,10.1073/pnas.2109307118
34762468,The genetic and epigenetic landscape of the Arabidopsis centromeres,"Naish M, Alonge M, Wlodzimierz P, Tock AJ, Abramson BW, Schmücker A, Mandáková T, Jamge B, Lambing C, Kuo P, Yelina N, Hartwick N, Colt K, Smith LM, Ton J, Kakutani T, Martienssen RA, Schneeberger K, Lysak MA, Berger F, Bousios A, Michael TP, Schatz MC, Henderson IR.",Science. 2021 Nov 12;374(6569):eabi7489. doi: 10.1126/science.abi7489. Epub 2021 Nov 12.,Naish M,Science,2021,2021-11-11,PMC10164409,NIHMS1895551,10.1126/science.abi7489
34750557,"Durvalumab with platinum-pemetrexed for unresectable pleural mesothelioma: survival, genomic and immunologic analyses from the phase 2 PrE0505 trial","Forde PM, Anagnostou V, Sun Z, Dahlberg SE, Kindler HL, Niknafs N, Purcell T, Santana-Davila R, Dudek AZ, Borghaei H, Lanis M, Belcaid Z, Smith KN, Balan A, White JR, Cherry C, Ashok Sivakumar IK, Shao XM, Chan HY, Singh D, Thapa S, Illei PB, Pardoll DM, Karchin R, Velculescu VE, Brahmer JR, Ramalingam SS.",Nat Med. 2021 Nov;27(11):1910-1920. doi: 10.1038/s41591-021-01541-0. Epub 2021 Nov 8.,Forde PM,Nat Med,2021,2021-11-09,PMC8604731,,10.1038/s41591-021-01541-0
34706222,DNA methylation signatures reveal that distinct combinations of transcription factors specify human immune cell epigenetic identity,"Roy R, Ramamoorthy S, Shapiro BD, Kaileh M, Hernandez D, Sarantopoulou D, Arepalli S, Boller S, Singh A, Bektas A, Kim J, Moore AZ, Tanaka T, McKelvey J, Zukley L, Nguyen C, Wallace T, Dunn C, Wersto R, Wood W, Piao Y, Becker KG, Coletta C, De S, Sen JM, Battle A, Weng NP, Grosschedl R, Ferrucci L, Sen R.",Immunity. 2021 Nov 9;54(11):2465-2480.e5. doi: 10.1016/j.immuni.2021.10.001. Epub 2021 Oct 26.,Roy R,Immunity,2021,2021-10-27,PMC9190145,NIHMS1794131,10.1016/j.immuni.2021.10.001
33964128,TieBrush: an efficient method for aggregating and summarizing mapped reads across large datasets,"Varabyou A, Pertea G, Pockrandt C, Pertea M.",Bioinformatics. 2021 Oct 25;37(20):3650-3651. doi: 10.1093/bioinformatics/btab342.,Varabyou A,Bioinformatics,2021,2021-05-08,PMC8545345,,10.1093/bioinformatics/btab342
35036986,Association of mitochondrial DNA copy number with cardiometabolic diseases,"Liu X, Longchamps RJ, Wiggins KL, Raffield LM, Bielak LF, Zhao W, Pitsillides A, Blackwell TW, Yao J, Guo X, Kurniansyah N, Thyagarajan B, Pankratz N, Rich SS, Taylor KD, Peyser PA, Heckbert SR, Seshadri S, Cupples LA, Boerwinkle E, Grove ML, Larson NB, Smith JA, Vasan RS, Sofer T, Fitzpatrick AL, Fornage M, Ding J, Correa A, Abecasis G, Psaty BM, Wilson JG, Levy D, Rotter JI, Bis JC; TOPMed mtDNA Working Group in NHLBI Trans-Omics for Precision Medicine (TOPMed) Consortium; Satizabal CL, Arking DE, Liu C.",Cell Genom. 2021 Oct 13;1(1):100006. doi: 10.1016/j.xgen.2021.100006.,Liu X,Cell Genom,2021,2022-01-17,PMC8758111,NIHMS1759837,10.1016/j.xgen.2021.100006
34635154,Integrative epigenomic and high-throughput functional enhancer profiling reveals determinants of enhancer heterogeneity in gastric cancer,"Sheng T, Ho SWT, Ooi WF, Xu C, Xing M, Padmanabhan N, Huang KK, Ma L, Ray M, Guo YA, Sim NL, Anene-Nzelu CG, Chang MM, Razavi-Mohseni M, Beer MA, Foo RSY, Sundar R, Chan YH, Tan ALK, Ong X, Skanderup AJ, White KP, Jha S, Tan P.",Genome Med. 2021 Oct 11;13(1):158. doi: 10.1186/s13073-021-00970-3.,Sheng T,Genome Med,2021,2021-10-12,PMC8504099,,10.1186/s13073-021-00970-3
34627598,Let the data do the talking: the need to consider mosaicism during embryo selection,"Viotti M, McCoy RC, Griffin DK, Spinella F, Greco E, Madjunkov M, Madjunkova S, Librach CL, Victor AR, Barnes FL, Zouves CG.",Fertil Steril. 2021 Nov;116(5):1212-1219. doi: 10.1016/j.fertnstert.2021.09.008. Epub 2021 Oct 7.,Viotti M,Fertil Steril,2021,2021-10-10,PMC8585724,NIHMS1747359,10.1016/j.fertnstert.2021.09.008
34608287,Author Correction: Transcriptional programs of neoantigen-specific TIL in anti-PD-1-treated lung cancers,"Caushi JX, Zhang J, Ji Z, Vaghasia A, Zhang B, Hsiue EH, Mog BJ, Hou W, Justesen S, Blosser R, Tam A, Anagnostou V, Cottrell TR, Guo H, Chan HY, Singh D, Thapa S, Dykema AG, Burman P, Choudhury B, Aparicio L, Cheung LS, Lanis M, Belcaid Z, El Asmar M, Illei PB, Wang R, Meyers J, Schuebel K, Gupta A, Skaist A, Wheelan S, Naidoo J, Marrone KA, Brock M, Ha J, Bush EL, Park BJ, Bott M, Jones DR, Reuss JE, Velculescu VE, Chaft JE, Kinzler KW, Zhou S, Vogelstein B, Taube JM, Hellmann MD, Brahmer JR, Merghoub T, Forde PM, Yegnasubramanian S, Ji H, Pardoll DM, Smith KN.",Nature. 2021 Oct;598(7881):E1. doi: 10.1038/s41586-021-03893-6.,Caushi JX,Nature,2021,2021-10-05,PMC8528690,,10.1038/s41586-021-03893-6
34462593,Reproducibility standards for machine learning in the life sciences,"Heil BJ, Hoffman MM, Markowetz F, Lee SI, Greene CS, Hicks SC.",Nat Methods. 2021 Oct;18(10):1132-1135. doi: 10.1038/s41592-021-01256-7.,Heil BJ,Nat Methods,2021,2021-08-31,PMC9131851,NIHMS1808754,10.1038/s41592-021-01256-7
34587750,Epigenetic Age and the Risk of Incident Atrial Fibrillation,"Roberts JD, Vittinghoff E, Lu AT, Alonso A, Wang B, Sitlani CM, Mohammadi-Shemirani P, Fornage M, Kornej J, Brody JA, Arking DE, Lin H, Heckbert SR, Prokic I, Ghanbari M, Skanes AC, Bartz TM, Perez MV, Taylor KD, Lubitz SA, Ellinor PT, Lunetta KL, Pankow JS, Paré G, Sotoodehnia N, Benjamin EJ, Horvath S, Marcus GM.",Circulation. 2021 Dec 14;144(24):1899-1911. doi: 10.1161/CIRCULATIONAHA.121.056456. Epub 2021 Sep 30.,Roberts JD,Circulation,2021,2021-09-30,PMC8671333,NIHMS1754300,10.1161/CIRCULATIONAHA.121.056456
33693500,Megadepth: efficient coverage quantification for BigWigs and BAMs,"Wilks C, Ahmed O, Baker DN, Zhang D, Collado-Torres L, Langmead B.",Bioinformatics. 2021 Sep 29;37(18):3014-3016. doi: 10.1093/bioinformatics/btab152.,Wilks C,Bioinformatics,2021,2021-03-11,PMC8528031,,10.1093/bioinformatics/btab152
34582785,Single-nucleus transcriptome analysis reveals cell-type-specific molecular signatures across reward circuitry in the human brain,"Tran MN, Maynard KR, Spangler A, Huuki LA, Montgomery KD, Sadashivaiah V, Tippani M, Barry BK, Hancock DB, Hicks SC, Kleinman JE, Hyde TM, Collado-Torres L, Jaffe AE, Martinowich K.",Neuron. 2021 Oct 6;109(19):3088-3103.e5. doi: 10.1016/j.neuron.2021.09.001. Epub 2021 Sep 27.,Tran MN,Neuron,2021,2021-09-28,PMC8564763,NIHMS1738233,10.1016/j.neuron.2021.09.001
34561429,Cardiac radiotherapy induces electrical conduction reprogramming in the absence of transmural fibrosis,"Zhang DM, Navara R, Yin T, Szymanski J, Goldsztejn U, Kenkel C, Lang A, Mpoy C, Lipovsky CE, Qiao Y, Hicks S, Li G, Moore KMS, Bergom C, Rogers BE, Robinson CG, Cuculich PS, Schwarz JK, Rentschler SL.",Nat Commun. 2021 Sep 24;12(1):5558. doi: 10.1038/s41467-021-25730-0.,Zhang DM,Nat Commun,2021,2021-09-25,PMC8463558,,10.1038/s41467-021-25730-0
34559139,"Utility of ""reposition-flap"" in the reconstruction of the avulsed thumb","Pertea M, Ciobanu P, Velenciuc N, Poroch V, Filip A, Moraru DC, Lunca S, Veliceasa B.",Medicine (Baltimore). 2021 Sep 24;100(38):e27290. doi: 10.1097/MD.0000000000027290.,Pertea M,Medicine (Baltimore),2021,2021-09-24,PMC8462580,,10.1097/MD.0000000000027290
34553212,Genetic demultiplexing of pooled single-cell RNA-sequencing samples in cancer facilitates effective experimental design,"Weber LM, Hippen AA, Hickey PF, Berrett KC, Gertz J, Doherty JA, Greene CS, Hicks SC.",Gigascience. 2021 Sep 22;10(9):giab062. doi: 10.1093/gigascience/giab062.,Weber LM,Gigascience,2021,2021-09-23,PMC8458035,,10.1093/gigascience/giab062
34528508,Local adaptation and archaic introgression shape global diversity at human structural variant loci,"Yan SM, Sherman RM, Taylor DJ, Nair DR, Bortvin AN, Schatz MC, McCoy RC.",Elife. 2021 Sep 16;10:e67615. doi: 10.7554/eLife.67615.,Yan SM,Elife,2021,2021-09-16,PMC8492059,,10.7554/eLife.67615
34523947,Genetic Determinants of Intrinsic Antibiotic Tolerance in Mycobacterium avium,"Matern WM, Parker H, Danchik C, Hoover L, Bader JS, Karakousis PC.",Microbiol Spectr. 2021 Oct 31;9(2):e0024621. doi: 10.1128/Spectrum.00246-21. Epub 2021 Sep 15.,Matern WM,Microbiol Spectr,2021,2021-09-15,PMC8557931,,10.1128/Spectrum.00246-21
34343137,Somatic reversion impacts myelodysplastic syndromes and acute myeloid leukemia evolution in the short telomere disorders,"Schratz KE, Gaysinskaya V, Cosner ZL, DeBoy EA, Xiang Z, Kasch-Semenza L, Florea L, Shah PD, Armanios M.",J Clin Invest. 2021 Sep 15;131(18):e147598. doi: 10.1172/JCI147598.,Schratz KE,J Clin Invest,2021,2021-08-03,PMC8439599,,10.1172/JCI147598
34521442,"PRINCESS: comprehensive detection of haplotype resolved SNVs, SVs, and methylation","Mahmoud M, Doddapaneni H, Timp W, Sedlazeck FJ.",Genome Biol. 2021 Sep 14;22(1):268. doi: 10.1186/s13059-021-02486-w.,Mahmoud M,Genome Biol,2021,2021-09-15,PMC8442460,,10.1186/s13059-021-02486-w
34703976,"Digital Endpoints: Definition, Benefits, and Current Barriers in Accelerating Development and Adoption","Landers M, Dorsey R, Saria S.",Digit Biomark. 2021 Sep 13;5(3):216-223. doi: 10.1159/000517885. eCollection 2021 Sep-Dec.,Landers M,Digit Biomark,2021,2021-10-27,PMC8490914,,10.1159/000517885
34601446,Rapidly fatal infection with Bacillus cereus/thuringiensis: genome assembly of the responsible pathogen and consideration of possibly contributing toxins,"Butcher M, Puiu D, Romagnoli M, Carroll KC, Salzberg SL, Nauen DW.",Diagn Microbiol Infect Dis. 2021 Dec;101(4):115534. doi: 10.1016/j.diagmicrobio.2021.115534. Epub 2021 Sep 10.,Butcher M,Diagn Microbiol Infect Dis,2021,2021-10-03,PMC9716716,NIHMS1851326,10.1016/j.diagmicrobio.2021.115534
34568430,Detection of Alu Exonization Events in Human Frontal Cortex From RNA-Seq Data,"Florea L, Payer L, Antonescu C, Yang G, Burns K.",Front Mol Biosci. 2021 Sep 10;8:727537. doi: 10.3389/fmolb.2021.727537. eCollection 2021.,Florea L,Front Mol Biosci,2021,2021-09-27,PMC8460874,,10.3389/fmolb.2021.727537
34489425,Computational challenges and opportunities in spatially resolved transcriptomic data analysis,"Atta L, Fan J.",Nat Commun. 2021 Sep 6;12(1):5283. doi: 10.1038/s41467-021-25557-9.,Atta L,Nat Commun,2021,2021-09-07,PMC8421472,,10.1038/s41467-021-25557-9
34478631,Rewiring of human neurodevelopmental gene regulatory programs by human accelerated regions,"Girskis KM, Stergachis AB, DeGennaro EM, Doan RN, Qian X, Johnson MB, Wang PP, Sejourne GM, Nagy MA, Pollina EA, Sousa AMM, Shin T, Kenny CJ, Scotellaro JL, Debo BM, Gonzalez DM, Rento LM, Yeh RC, Song JHT, Beaudin M, Fan J, Kharchenko PV, Sestan N, Greenberg ME, Walsh CA.",Neuron. 2021 Oct 20;109(20):3239-3251.e7. doi: 10.1016/j.neuron.2021.08.005. Epub 2021 Sep 2.,Girskis KM,Neuron,2021,2021-09-03,PMC8542612,NIHMS1733868,10.1016/j.neuron.2021.08.005
34475573,Large-scale cis- and trans-eQTL analyses identify thousands of genetic loci and polygenic scores that regulate blood gene expression,"Võsa U, Claringbould A, Westra HJ, Bonder MJ, Deelen P, Zeng B, Kirsten H, Saha A, Kreuzhuber R, Yazar S, Brugge H, Oelen R, de Vries DH, van der Wijst MGP, Kasela S, Pervjakova N, Alves I, Favé MJ, Agbessi M, Christiansen MW, Jansen R, Seppälä I, Tong L, Teumer A, Schramm K, Hemani G, Verlouw J, Yaghootkar H, Sönmez Flitman R, Brown A, Kukushkina V, Kalnapenkis A, Rüeger S, Porcu E, Kronberg J, Kettunen J, Lee B, Zhang F, Qi T, Hernandez JA, Arindrarto W, Beutner F; BIOS Consortium; i2QTL Consortium; Dmitrieva J, Elansary M, Fairfax BP, Georges M, Heijmans BT, Hewitt AW, Kähönen M, Kim Y, Knight JC, Kovacs P, Krohn K, Li S, Loeffler M, Marigorta UM, Mei H, Momozawa Y, Müller-Nurasyid M, Nauck M, Nivard MG, Penninx BWJH, Pritchard JK, Raitakari OT, Rotzschke O, Slagboom EP, Stehouwer CDA, Stumvoll M, Sullivan P, 't Hoen PAC, Thiery J, Tönjes A, van Dongen J, van Iterson M, Veldink JH, Völker U, Warmerdam R, Wijmenga C, Swertz M, Andiappan A, Montgomery GW, Ripatti S, Perola M, Kutalik Z, Dermitzakis E, Bergmann S, Frayling T, van Meurs J, Prokisch H, Ahsan H, Pierce BL, Lehtimäki T, Boomsma DI, Psaty BM, Gharib SA, Awadalla P, Milani L, Ouwehand WH, et al.",Nat Genet. 2021 Sep;53(9):1300-1310. doi: 10.1038/s41588-021-00913-z. Epub 2021 Sep 2.,Võsa U,Nat Genet,2021,2021-09-03,PMC8432599,NIHMS1723987,10.1038/s41588-021-00913-z
34469647,Treatment of Relapsing HPV Diseases by Restored Function of Natural Killer Cells,"Lisco A, Hsu AP, Dimitrova D, Proctor DM, Mace EM, Ye P, Anderson MV, Hicks SN, Grivas C, Hammoud DA, Manion M, Starrett GJ, Farrel A, Dobbs K, Brownell I, Buck C, Notarangelo LD, Orange JS, Leonard WJ, Orestes MI, Peters AT, Kanakry JA, Segre JA, Kong HH, Sereti I.",N Engl J Med. 2021 Sep 2;385(10):921-929. doi: 10.1056/NEJMoa2102715.,Lisco A,N Engl J Med,2021,2021-09-01,PMC8590529,NIHMS1751180,10.1056/NEJMoa2102715
34465608,Proteins Associated with Risk of Kidney Function Decline in the General Population,"Grams ME, Surapaneni A, Chen J, Zhou L, Yu Z, Dutta D, Welling PA, Chatterjee N, Zhang J, Arking DE, Chen TK, Rebholz CM, Yu B, Schlosser P, Rhee EP, Ballantyne CM, Boerwinkle E, Lutsey PL, Mosley T, Feldman HI, Dubin RF, Ganz P, Lee H, Zheng Z, Coresh J.",J Am Soc Nephrol. 2021 Sep;32(9):2291-2302. doi: 10.1681/ASN.2020111607.,Grams ME,J Am Soc Nephrol,2021,2021-09-01,PMC8729856,,10.1681/ASN.2020111607
34463256,Leveraging the Mendelian disorders of the epigenetic machinery to systematically map functional epigenetic variation,"Luperchio TR, Boukas L, Zhang L, Pilarowski G, Jiang J, Kalinousky A, Hansen KD, Bjornsson HT.",Elife. 2021 Aug 31;10:e65884. doi: 10.7554/eLife.65884.,Luperchio TR,Elife,2021,2021-08-31,PMC8443249,,10.7554/eLife.65884
34446036,Global gene expression and chromatin accessibility of the peripheral nervous system in animal models of persistent pain,"Stephens KE, Zhou W, Renfro Z, Ji Z, Ji H, Guan Y, Taverna SD.",J Neuroinflammation. 2021 Aug 26;18(1):185. doi: 10.1186/s12974-021-02228-6.,Stephens KE,J Neuroinflammation,2021,2021-08-27,PMC8390277,,10.1186/s12974-021-02228-6
34428202,miQC: An adaptive probabilistic framework for quality control of single-cell RNA-sequencing data,"Hippen AA, Falco MM, Weber LM, Erkan EP, Zhang K, Doherty JA, Vähärautio A, Greene CS, Hicks SC.",PLoS Comput Biol. 2021 Aug 24;17(8):e1009290. doi: 10.1371/journal.pcbi.1009290. eCollection 2021 Aug.,Hippen AA,PLoS Comput Biol,2021,2021-08-24,PMC8415599,,10.1371/journal.pcbi.1009290
34417454,Detection and characterization of lung cancer using cell-free DNA fragmentomes,"Mathios D, Johansen JS, Cristiano S, Medina JE, Phallen J, Larsen KR, Bruhm DC, Niknafs N, Ferreira L, Adleff V, Chiao JY, Leal A, Noe M, White JR, Arun AS, Hruban C, Annapragada AV, Jensen SØ, Ørntoft MW, Madsen AH, Carvalho B, de Wit M, Carey J, Dracopoli NC, Maddala T, Fang KC, Hartman AR, Forde PM, Anagnostou V, Brahmer JR, Fijneman RJA, Nielsen HJ, Meijer GA, Andersen CL, Mellemgaard A, Bojesen SE, Scharpf RB, Velculescu VE.",Nat Commun. 2021 Aug 20;12(1):5060. doi: 10.1038/s41467-021-24994-w.,Mathios D,Nat Commun,2021,2021-08-21,PMC8379179,,10.1038/s41467-021-24994-w
34413468,"A prospective cohort study on the intersectionality of obesity, chronic disease, social factors, and incident risk of COVID-19 in US low-income minority middle-age mothers","Wang G, Foney DM, DiBari J, Hong X, Showell N, Kim KS, Ji H, Pearson C, Mirolli G, Rusk S, Sharfstein J, Cheng TL, Zuckerman B, Wang X.",Int J Obes (Lond). 2021 Dec;45(12):2577-2584. doi: 10.1038/s41366-021-00943-x. Epub 2021 Aug 19.,Wang G,Int J Obes (Lond),2021,2021-08-20,PMC8374030,,10.1038/s41366-021-00943-x
36212901,Identification of microbial agents in tissue specimens of ocular and periocular sarcoidosis using a metagenomics approach,"Shifera AS, Pockrandt C, Rincon N, Ge Y, Lu J, Varabyou A, Jedlicka AE, Sun K, Scott AL, Eberhart C, Thorne JE, Salzberg SL.",F1000Res. 2021 Aug 17;10:820. doi: 10.12688/f1000research.55090.1. eCollection 2021.,Shifera AS,F1000Res,2021,2022-10-10,PMC9515606,,10.12688/f1000research.55090.1
34398245,Distinct Cytokine and Chemokine Dysregulation in Hospitalized Children With Acute Coronavirus Disease 2019 and Multisystem Inflammatory Syndrome With Similar Levels of Nasopharyngeal Severe Acute Respiratory Syndrome Coronavirus 2 Shedding,"Peart Akindele N, Kouo T, Karaba AH, Gordon O, Fenstermacher KZJ, Beaudry J, Rubens JH, Atik CC, Zhou W, Ji H, Tao X, Vaidya D, Mostafa H, Caturegli P, Blair PW, Sauer L, Cox AL, Persaud D.",J Infect Dis. 2021 Aug 16;224(4):606-615. doi: 10.1093/infdis/jiab285.,Peart Akindele N,J Infect Dis,2021,2021-08-16,PMC8241418,,10.1093/infdis/jiab285
34378773,Development and optimization of an in vivo electrocardiogram recording method and analysis program for adult zebrafish,"Duong T, Rose R, Blazeski A, Fine N, Woods CE, Thole JF, Sotoodehnia N, Soliman EZ, Tung L, McCallion AS, Arking DE.",Dis Model Mech. 2021 Aug 1;14(8):dmm048827. doi: 10.1242/dmm.048827. Epub 2021 Aug 11.,Duong T,Dis Model Mech,2021,2021-08-11,PMC8380046,,10.1242/dmm.048827
34452423,Isolation and Characterisation of the Bundooravirus Genus and Phylogenetic Investigation of the Salasmaviridae Bacteriophages,"Stanton CR, Rice DTF, Beer M, Batinovic S, Petrovski S.",Viruses. 2021 Aug 6;13(8):1557. doi: 10.3390/v13081557.,Stanton CR,Viruses,2021,2021-08-28,PMC8402886,,10.3390/v13081557
34778889,Fast and memory-efficient scRNA-seq k-means clustering with various distances,"Baker DN, Dyjack N, Braverman V, Hicks SC, Langmead B.",ACM BCB. 2021 Aug;2021:24. doi: 10.1145/3459930.3469523.,Baker DN,ACM BCB,2021,2021-11-15,PMC8586878,NIHMS1750794,10.1145/3459930.3469523
34319147,Rare Coding Variants Associated With Electrocardiographic Intervals Identify Monogenic Arrhythmia Susceptibility Genes: A Multi-Ancestry Analysis,"Choi SH, Jurgens SJ, Haggerty CM, Hall AW, Halford JL, Morrill VN, Weng LC, Lagerman B, Mirshahi T, Pettinger M, Guo X, Lin HJ, Alonso A, Soliman EZ, Kornej J, Lin H, Moscati A, Nadkarni GN, Brody JA, Wiggins KL, Cade BE, Lee J, Austin-Tse C, Blackwell T, Chaffin MD, Lee CJ, Rehm HL, Roselli C; Regeneron Genetics Center; Redline S, Mitchell BD, Sotoodehnia N, Psaty BM, Heckbert SR, Loos RJF, Vasan RS, Benjamin EJ, Correa A, Boerwinkle E, Arking DE, Rotter JI, Rich SS, Whitsel EA, Perez M, Kooperberg C, Fornwalt BK, Lunetta KL, Ellinor PT, Lubitz SA; NHLBI Trans-Omics for Precision Medicine (TOPMed) Consortium.",Circ Genom Precis Med. 2021 Aug;14(4):e003300. doi: 10.1161/CIRCGEN.120.003300. Epub 2021 Jul 28.,Choi SH,Circ Genom Precis Med,2021,2021-07-28,PMC8373440,NIHMS1724682,10.1161/CIRCGEN.120.003300
34434278,Omega plate for the treatment of acetabular fractures involving the quadrilateral plate,"Veliceasa B, Filip A, Pertea M, Popescu D, Carp C, Alexa O.",Exp Ther Med. 2021 Oct;22(4):1064. doi: 10.3892/etm.2021.10498. Epub 2021 Jul 27.,Veliceasa B,Exp Ther Med,2021,2021-08-26,PMC8353621,,10.3892/etm.2021.10498
34294919,Coexpression network architecture reveals the brain-wide and multiregional basis of disease susceptibility,"Hartl CL, Ramaswami G, Pembroke WG, Muller S, Pintacuda G, Saha A, Parsana P, Battle A, Lage K, Geschwind DH.",Nat Neurosci. 2021 Sep;24(9):1313-1323. doi: 10.1038/s41593-021-00887-5. Epub 2021 Jul 22.,Hartl CL,Nat Neurosci,2021,2021-07-23,PMC10263365,NIHMS1832442,10.1038/s41593-021-00887-5
34290408,Transcriptional programs of neoantigen-specific TIL in anti-PD-1-treated lung cancers,"Caushi JX, Zhang J, Ji Z, Vaghasia A, Zhang B, Hsiue EH, Mog BJ, Hou W, Justesen S, Blosser R, Tam A, Anagnostou V, Cottrell TR, Guo H, Chan HY, Singh D, Thapa S, Dykema AG, Burman P, Choudhury B, Aparicio L, Cheung LS, Lanis M, Belcaid Z, El Asmar M, Illei PB, Wang R, Meyers J, Schuebel K, Gupta A, Skaist A, Wheelan S, Naidoo J, Marrone KA, Brock M, Ha J, Bush EL, Park BJ, Bott M, Jones DR, Reuss JE, Velculescu VE, Chaft JE, Kinzler KW, Zhou S, Vogelstein B, Taube JM, Hellmann MD, Brahmer JR, Merghoub T, Forde PM, Yegnasubramanian S, Ji H, Pardoll DM, Smith KN.",Nature. 2021 Aug;596(7870):126-132. doi: 10.1038/s41586-021-03752-4. Epub 2021 Jul 21.,Caushi JX,Nature,2021,2021-07-22,PMC8338555,,10.1038/s41586-021-03752-4
34285053,Sequence-based correction of barcode bias in massively parallel reporter assays,"Lee D, Kapoor A, Lee C, Mudgett M, Beer MA, Chakravarti A.",Genome Res. 2021 Sep;31(9):1638-1645. doi: 10.1101/gr.268599.120. Epub 2021 Jul 20.,Lee D,Genome Res,2021,2021-07-21,PMC8415370,,10.1101/gr.268599.120
33320174,Liftoff: accurate mapping of gene annotations,"Shumate A, Salzberg SL.",Bioinformatics. 2021 Jul 19;37(12):1639-1643. doi: 10.1093/bioinformatics/btaa1016.,Shumate A,Bioinformatics,2021,2020-12-15,PMC8289374,,10.1093/bioinformatics/btaa1016
34260843,The Clinician and Dataset Shift in Artificial Intelligence,"Finlayson SG, Subbaswamy A, Singh K, Bowers J, Kupke A, Zittrain J, Kohane IS, Saria S.",N Engl J Med. 2021 Jul 15;385(3):283-286. doi: 10.1056/NEJMc2104626.,Finlayson SG,N Engl J Med,2021,2021-07-14,PMC8665481,NIHMS1735227,10.1056/NEJMc2104626
33983397,Rapid detection of inter-clade recombination in SARS-CoV-2 with Bolotie,"Varabyou A, Pockrandt C, Salzberg SL, Pertea M.",Genetics. 2021 Jul 14;218(3):iyab074. doi: 10.1093/genetics/iyab074.,Varabyou A,Genetics,2021,2021-05-13,PMC8194586,,10.1093/genetics/iyab074
33890630,"Genome and transcriptome of a pathogenic yeast, Candida nivariensis","Fan Y, Gale AN, Bailey A, Barnes K, Colotti K, Mass M, Morina LB, Robertson B, Schwab R, Tselepidakis N, Timp W.",G3 (Bethesda). 2021 Jul 14;11(7):jkab137. doi: 10.1093/g3journal/jkab137.,Fan Y,G3 (Bethesda),2021,2021-04-23,PMC8496292,,10.1093/g3journal/jkab137
34282418,A statistical framework for differential pseudotime analysis with multiple single-cell RNA-seq samples,"Hou W, Ji Z, Chen Z, Wherry EJ, Hicks SC, Ji H.",bioRxiv [Preprint]. 2021 Jul 12:2021.07.10.451910. doi: 10.1101/2021.07.10.451910.,Hou W,bioRxiv,2021,2021-07-20,PMC8288148,,10.1101/2021.07.10.451910
34242216,Pleiotropy method reveals genetic overlap between orofacial clefts at multiple novel loci from GWAS of multi-ethnic trios,"Ray D, Venkataraghavan S, Zhang W, Leslie EJ, Hetmanski JB, Weinberg SM, Murray JC, Marazita ML, Ruczinski I, Taub MA, Beaty TH.",PLoS Genet. 2021 Jul 9;17(7):e1009584. doi: 10.1371/journal.pgen.1009584. eCollection 2021 Jul.,Ray D,PLoS Genet,2021,2021-07-09,PMC8270211,,10.1371/journal.pgen.1009584
34238014,Risk Prediction in Women With Congenital Long QT Syndrome,"Goldenberg I, Bos JM, Yoruk A, Chen AY, Lopes C, Huang DT, Kutyifa V, Younis A, Aktas MK, Z Rosero S, McNitt S, Sotoodehnia N, Kudenchuk PJ, Rea TD, Arking DE, Scott CG, Briske KA, Sorensen K, J Ackerman M, Zareba W.",J Am Heart Assoc. 2021 Jul 20;10(14):e021088. doi: 10.1161/JAHA.121.021088. Epub 2021 Jul 9.,Goldenberg I,J Am Heart Assoc,2021,2021-07-09,PMC8483453,,10.1161/JAHA.121.021088
34157124,Chemical and photochemical error rates in light-directed synthesis of complex DNA libraries,"Lietard J, Leger A, Erlich Y, Sadowski N, Timp W, Somoza MM.",Nucleic Acids Res. 2021 Jul 9;49(12):6687-6701. doi: 10.1093/nar/gkab505.,Lietard J,Nucleic Acids Res,2021,2021-06-22,PMC8266620,,10.1093/nar/gkab505
34230111,Evaluating T-cell cross-reactivity between tumors and immune-related adverse events with TCR sequencing: pitfalls in interpretations of functional relevance,"Cottrell T, Zhang J, Zhang B, Kaunitz GJ, Burman P, Chan HY, Verde F, Hooper JE, Hammers H, Allaf ME, Ji H, Taube J, Smith KN.",J Immunother Cancer. 2021 Jul;9(7):e002642. doi: 10.1136/jitc-2021-002642.,Cottrell T,J Immunother Cancer,2021,2021-07-07,PMC8261872,,10.1136/jitc-2021-002642
34184634,Large-scale phenotypic drug screen identifies neuroprotectants in zebrafish and mouse models of retinitis pigmentosa,"Zhang L, Chen C, Fu J, Lilley B, Berlinicke C, Hansen B, Ding D, Wang G, Wang T, Shou D, Ye Y, Mulligan T, Emmerich K, Saxena MT, Hall KR, Sharrock AV, Brandon C, Park H, Kam TI, Dawson VL, Dawson TM, Shim JS, Hanes J, Ji H, Liu JO, Qian J, Ackerley DF, Rohrer B, Zack DJ, Mumm JS.",Elife. 2021 Jun 29;10:e57245. doi: 10.7554/eLife.57245.,Zhang L,Elife,2021,2021-06-29,PMC8425951,,10.7554/eLife.57245
34162536,"The American lobster genome reveals insights on longevity, neural, and immune adaptations","Polinski JM, Zimin AV, Clark KF, Kohn AB, Sadowski N, Timp W, Ptitsyn A, Khanna P, Romanova DY, Williams P, Greenwood SJ, Moroz LL, Walt DR, Bodnar AG.",Sci Adv. 2021 Jun 23;7(26):eabe8290. doi: 10.1126/sciadv.abe8290. Print 2021 Jun.,Polinski JM,Sci Adv,2021,2021-06-24,PMC8221624,,10.1126/sciadv.abe8290
34003798,Protein synthesis inhibitor omacetaxine is effective against hepatocellular carcinoma,"Li L, Halpert G, Lerner MG, Hu H, Dimitrion P, Weiss MJ, He J, Philosophe B, Burkhart R, Burns WR, Wesson RN, MacGregor Cameron A, Wolfgang CL, Georgiades C, Kawamoto S, Azad NS, Yarchoan M, Meltzer SJ, Oshima K, Ensign LM, Bader JS, Selaru FM.",JCI Insight. 2021 Jun 22;6(12):e138197. doi: 10.1172/jci.insight.138197.,Li L,JCI Insight,2021,2021-05-18,PMC8262474,,10.1172/jci.insight.138197
34131117,Genome sequencing unveils a regulatory landscape of platelet reactivity,"Keramati AR, Chen MH, Rodriguez BAT, Yanek LR, Bhan A, Gaynor BJ, Ryan K, Brody JA, Zhong X, Wei Q; NHLBI Trans-Omics for Precision (TOPMed) Consortium; Kammers K, Kanchan K, Iyer K, Kowalski MH, Pitsillides AN, Cupples LA, Li B, Schlaeger TM, Shuldiner AR, O'Connell JR, Ruczinski I, Mitchell BD, Faraday N, Taub MA, Becker LC, Lewis JP, Mathias RA, Johnson AD.",Nat Commun. 2021 Jun 15;12(1):3626. doi: 10.1038/s41467-021-23470-9.,Keramati AR,Nat Commun,2021,2021-06-16,PMC8206369,,10.1038/s41467-021-23470-9
33119750,A Multiancestry Sex-Stratified Genome-Wide Association Study of Spontaneous Clearance of Hepatitis C Virus,"Vergara C, Valencia A, Thio CL, Goedert JJ, Mangia A, Piazzolla V, Johnson E, Kral AH, O'Brien TR, Mehta SH, Kirk GD, Kim AY, Lauer GM, Chung RT, Cox AL, Peters MG, Khakoo SI, Alric L, Cramp ME, Donfield SM, Edlin BR, Busch MP, Alexander G, Rosen HR, Murphy EL, Wojcik GL, Taub MA, Thomas DL, Duggal P.",J Infect Dis. 2021 Jun 15;223(12):2090-2098. doi: 10.1093/infdis/jiaa677.,Vergara C,J Infect Dis,2021,2020-10-29,PMC8205624,,10.1093/infdis/jiaa677
34744216,"Discussion of ""Exponential-family Embedding with Application to Cell Developmental Trajectories for Single-cell RNA-seq Data""","Ji Z, Ji H.",J Am Stat Assoc. 2021;116(534):471-474. doi: 10.1080/01621459.2021.1880920. Epub 2021 Jun 8.,Ji Z,J Am Stat Assoc,2021,2021-11-08,PMC8570643,NIHMS1733548,10.1080/01621459.2021.1880920
34195571,Pan-genomic matching statistics for targeted nanopore sequencing,"Ahmed O, Rossi M, Kovaka S, Schatz MC, Gagie T, Boucher C, Langmead B.",iScience. 2021 Jun 8;24(6):102696. doi: 10.1016/j.isci.2021.102696. eCollection 2021 Jun 25.,Ahmed O,iScience,2021,2021-07-01,PMC8237286,,10.1016/j.isci.2021.102696
34149747,Natural Genetic Diversity in Tomato Flavor Genes,"Pereira L, Sapkota M, Alonge M, Zheng Y, Zhang Y, Razifard H, Taitano NK, Schatz MC, Fernie AR, Wang Y, Fei Z, Caicedo AL, Tieman DM, van der Knaap E.",Front Plant Sci. 2021 Jun 4;12:642828. doi: 10.3389/fpls.2021.642828. eCollection 2021.,Pereira L,Front Plant Sci,2021,2021-06-21,PMC8212054,,10.3389/fpls.2021.642828
34104894,"Development and Validation of ARC, a Model for Anticipating Acute Respiratory Failure in Coronavirus Disease 2019 Patients","Saria S, Schulam P, Yeh BJ, Burke D, Mooney SD, Fong CT, Sunshine JE, Long DR, O'Reilly-Shah VN.",Crit Care Explor. 2021 Jun 4;3(6):e0441. doi: 10.1097/CCE.0000000000000441. eCollection 2021 Jun.,Saria S,Crit Care Explor,2021,2021-06-09,PMC8177871,,10.1097/CCE.0000000000000441
34087162,Interactions between cancer cells and immune cells drive transitions to mesenchymal-like states in glioblastoma,"Hara T, Chanoch-Myers R, Mathewson ND, Myskiw C, Atta L, Bussema L, Eichhorn SW, Greenwald AC, Kinker GS, Rodman C, Gonzalez Castro LN, Wakimoto H, Rozenblatt-Rosen O, Zhuang X, Fan J, Hunter T, Verma IM, Wucherpfennig KW, Regev A, Suvà ML, Tirosh I.",Cancer Cell. 2021 Jun 14;39(6):779-792.e11. doi: 10.1016/j.ccell.2021.05.002. Epub 2021 Jun 3.,Hara T,Cancer Cell,2021,2021-06-04,PMC8366750,NIHMS1726682,10.1016/j.ccell.2021.05.002
34050155,"Robust learning from noisy, incomplete, high-dimensional experimental data via physically constrained symbolic regression","Reinbold PAK, Kageorge LM, Schatz MF, Grigoriev RO.",Nat Commun. 2021 May 28;12(1):3219. doi: 10.1038/s41467-021-23479-0.,Reinbold PAK,Nat Commun,2021,2021-05-29,PMC8163752,,10.1038/s41467-021-23479-0
34039988,CaMKII oxidation is a critical performance/disease trade-off acquired at the dawn of vertebrate evolution,"Wang Q, Hernández-Ochoa EO, Viswanathan MC, Blum ID, Do DC, Granger JM, Murphy KR, Wei AC, Aja S, Liu N, Antonescu CM, Florea LD, Talbot CC Jr, Mohr D, Wagner KR, Regot S, Lovering RM, Gao P, Bianchet MA, Wu MN, Cammarato A, Schneider MF, Bever GS, Anderson ME.",Nat Commun. 2021 May 26;12(1):3175. doi: 10.1038/s41467-021-23549-3.,Wang Q,Nat Commun,2021,2021-05-27,PMC8155201,,10.1038/s41467-021-23549-3
34035045,Characterizing spatial gene expression heterogeneity in spatially resolved single-cell transcriptomic data with nonuniform cellular densities,"Miller BF, Bambah-Mukku D, Dulac C, Zhuang X, Fan J.",Genome Res. 2021 Oct;31(10):1843-1855. doi: 10.1101/gr.271288.120. Epub 2021 May 25.,Miller BF,Genome Res,2021,2021-05-26,PMC8494224,,10.1101/gr.271288.120
33830946,Functional characterization of CD4+ T cell receptors crossreactive for SARS-CoV-2 and endemic coronaviruses,"Dykema AG, Zhang B, Woldemeskel BA, Garliss CC, Cheung LS, Choudhury D, Zhang J, Aparicio L, Bom S, Rashid R, Caushi JX, Hsiue EH, Cascino K, Thompson EA, Kwaa AK, Singh D, Thapa S, Ordonez AA, Pekosz A, D'Alessio FR, Powell JD, Yegnasubramanian S, Zhou S, Pardoll DM, Ji H, Cox AL, Blankson JN, Smith KN.",J Clin Invest. 2021 May 17;131(10):e146922. doi: 10.1172/JCI146922.,Dykema AG,J Clin Invest,2021,2021-04-08,PMC8121515,,10.1172/JCI146922
33999839,The Panorama of Cancer Genetics,Bader JS.,Cancer Res. 2021 May 15;81(10):2586-2587. doi: 10.1158/0008-5472.CAN-21-0885.,Bader JS,Cancer Res,2021,2021-05-17,PMC8293694,NIHMS1718664,10.1158/0008-5472.CAN-21-0885
34778549,PHONI: Streamed Matching Statistics with Multi-Genome References,"Boucher C, Gagie T, Tomohiro I, Köppl D, Langmead B, Manzini G, Navarro G, Pacheco A, Rossi M.",Proc Data Compress Conf. 2021 Mar;2021:193-202. doi: 10.1109/dcc50243.2021.00027. Epub 2021 May 10.,Boucher C,Proc Data Compress Conf,2021,2021-11-15,PMC8583545,NIHMS1750847,10.1109/dcc50243.2021.00027
37904775,An electrochemical cell for in operando (13)C nuclear magnetic resonance investigations of carbon dioxide/carbonate processes in aqueous solution,"Jovanovic S, Schleker PPM, Streun M, Merz S, Jakes P, Schatz M, Eichel RA, Granwehr J.",Magn Reson (Gott). 2021 May 6;2(1):265-280. doi: 10.5194/mr-2-265-2021. eCollection 2021.,Jovanovic S,Magn Reson (Gott),2021,2023-10-31,PMC10539767,,10.5194/mr-2-265-2021
33947700,The genomic basis of evolutionary differentiation among honey bees,"Fouks B, Brand P, Nguyen HN, Herman J, Camara F, Ence D, Hagen DE, Hoff KJ, Nachweide S, Romoth L, Walden KKO, Guigo R, Stanke M, Narzisi G, Yandell M, Robertson HM, Koeniger N, Chantawannakul P, Schatz MC, Worley KC, Robinson GE, Elsik CG, Rueppell O.",Genome Res. 2021 Jul;31(7):1203-1215. doi: 10.1101/gr.272310.120. Epub 2021 May 4.,Fouks B,Genome Res,2021,2021-05-05,PMC8256857,,10.1101/gr.272310.120
33930099,A plasmid locus associated with Klebsiella clinical infections encodes a microbiome-dependent gut fitness factor,"Vornhagen J, Bassis CM, Ramakrishnan S, Hein R, Mason S, Bergman Y, Sunshine N, Fan Y, Holmes CL, Timp W, Schatz MC, Young VB, Simner PJ, Bachman MA.",PLoS Pathog. 2021 Apr 30;17(4):e1009537. doi: 10.1371/journal.ppat.1009537. eCollection 2021 Apr.,Vornhagen J,PLoS Pathog,2021,2021-04-30,PMC8115787,,10.1371/journal.ppat.1009537
33910930,EGFR Activates a TAZ-Driven Oncogenic Program in Glioblastoma,"Gao M, Fu Y, Zhou W, Gui G, Lal B, Li Y, Xia S, Ji H, Eberhart CG, Laterra J, Ying M.",Cancer Res. 2021 Jul 1;81(13):3580-3592. doi: 10.1158/0008-5472.CAN-20-2773. Epub 2021 Apr 28.,Gao M,Cancer Res,2021,2021-04-29,PMC8277712,NIHMS1701125,10.1158/0008-5472.CAN-20-2773
33909645,A pseudomolecule assembly of the Rocky Mountain elk genome,"Masonbrink RE, Alt D, Bayles DO, Boggiatto P, Edwards W, Tatum F, Williams J, Wilson-Welder J, Zimin A, Severin A, Olsen S.",PLoS One. 2021 Apr 28;16(4):e0249899. doi: 10.1371/journal.pone.0249899. eCollection 2021.,Masonbrink RE,PLoS One,2021,2021-04-28,PMC8081196,,10.1371/journal.pone.0249899
33893282,Publisher Correction: A meta-analysis of genome-wide association studies identifies multiple longevity genes,"Deelen J, Evans DS, Arking DE, Tesi N, Nygaard M, Liu X, Wojczynski MK, Biggs ML, van der Spek A, Atzmon G, Ware EB, Sarnowski C, Smith AV, Seppälä I, Cordell HJ, Dose J, Amin N, Arnold AM, Ayers KL, Barzilai N, Becker EJ, Beekman M, Blanché H, Christensen K, Christiansen L, Collerton JC, Cubaynes S, Cummings SR, Davies K, Debrabant B, Deleuze JF, Duncan R, Faul JD, Franceschi C, Galan P, Gudnason V, Harris TB, Huisman M, Hurme MA, Jagger C, Jansen I, Jylhä M, Kähönen M, Karasik D, Kardia SLR, Kingston A, Kirkwood TBL, Launer LJ, Lehtimäki T, Lieb W, Lyytikäinen LP, Martin-Ruiz C, Min J, Nebel A, Newman AB, Nie C, Nohr EA, Orwoll ES, Perls TT, Province MA, Psaty BM, Raitakari OT, Reinders MJT, Robine JM, Rotter JI, Sebastiani P, Smith J, Sørensen TIA, Taylor KD, Uitterlinden AG, van der Flier W, van der Lee SJ, van Duijn CM, van Heemst D, Vaupel JW, Weir D, Ye K, Zeng Y, Zheng W, Holstege H, Kiel DP, Lunetta KL, Slagboom PE, Murabito JM.",Nat Commun. 2021 Apr 23;12(1):2463. doi: 10.1038/s41467-021-22613-2.,Deelen J,Nat Commun,2021,2021-04-24,PMC8065049,,10.1038/s41467-021-22613-2
33937763,Human methylome variation across Infinium 450K data on the Gene Expression Omnibus,"Maden SK, Thompson RF, Hansen KD, Nellore A.",NAR Genom Bioinform. 2021 Apr 22;3(2):lqab025. doi: 10.1093/nargab/lqab025. eCollection 2021 Jun.,Maden SK,NAR Genom Bioinform,2021,2021-05-03,PMC8061458,,10.1093/nargab/lqab025
33888138,Human brain region-specific variably methylated regions are enriched for heritability of distinct neuropsychiatric traits,"Rizzardi LF, Hickey PF, Idrizi A, Tryggvadóttir R, Callahan CM, Stephens KE, Taverna SD, Zhang H, Ramazanoglu S; GTEx Consortium; Hansen KD, Feinberg AP.",Genome Biol. 2021 Apr 22;22(1):116. doi: 10.1186/s13059-021-02335-w.,Rizzardi LF,Genome Biol,2021,2021-04-23,PMC8061076,,10.1186/s13059-021-02335-w
32766814,Ribbon: intuitive visualization for complex genomic variation,"Nattestad M, Aboukhalil R, Chin CS, Schatz MC.",Bioinformatics. 2021 Apr 20;37(3):413-415. doi: 10.1093/bioinformatics/btaa680.,Nattestad M,Bioinformatics,2021,2020-08-09,PMC8058763,,10.1093/bioinformatics/btaa680
33937227,Detecting Gene-Environment Interaction for Maternal Exposures Using Case-Parent Trios Ascertained Through a Case With Non-Syndromic Orofacial Cleft,"Zhang W, Venkataraghavan S, Hetmanski JB, Leslie EJ, Marazita ML, Feingold E, Weinberg SM, Ruczinski I, Taub MA, Scott AF, Ray D, Beaty TH.",Front Cell Dev Biol. 2021 Apr 16;9:621018. doi: 10.3389/fcell.2021.621018. eCollection 2021.,Zhang W,Front Cell Dev Biol,2021,2021-05-03,PMC8085423,,10.3389/fcell.2021.621018
33864768,Population-scale tissue transcriptomics maps long non-coding RNAs to complex disease,"de Goede OM, Nachun DC, Ferraro NM, Gloudemans MJ, Rao AS, Smail C, Eulalio TY, Aguet F, Ng B, Xu J, Barbeira AN, Castel SE, Kim-Hellmuth S, Park Y, Scott AJ, Strober BJ; GTEx Consortium; Brown CD, Wen X, Hall IM, Battle A, Lappalainen T, Im HK, Ardlie KG, Mostafavi S, Quertermous T, Kirkegaard K, Montgomery SB.",Cell. 2021 May 13;184(10):2633-2648.e19. doi: 10.1016/j.cell.2021.03.050. Epub 2021 Apr 16.,de Goede OM,Cell,2021,2021-04-17,PMC8651477,NIHMS1688845,10.1016/j.cell.2021.03.050
33859388,Converging genetic and epigenetic drivers of paediatric acute lymphoblastic leukaemia identified by an information-theoretic analysis,"Koldobskiy MA, Jenkinson G, Abante J, Rodriguez DiBlasi VA, Zhou W, Pujadas E, Idrizi A, Tryggvadottir R, Callahan C, Bonifant CL, Rabin KR, Brown PA, Ji H, Goutsias J, Feinberg AP.",Nat Biomed Eng. 2021 Apr;5(4):360-376. doi: 10.1038/s41551-021-00703-2. Epub 2021 Apr 15.,Koldobskiy MA,Nat Biomed Eng,2021,2021-04-16,PMC8370714,NIHMS1675463,10.1038/s41551-021-00703-2
33859359,Multi-ancestry genome-wide gene-sleep interactions identify novel loci for blood pressure,"Wang H, Noordam R, Cade BE, Schwander K, Winkler TW, Lee J, Sung YJ, Bentley AR, Manning AK, Aschard H, Kilpeläinen TO, Ilkov M, Brown MR, Horimoto AR, Richard M, Bartz TM, Vojinovic D, Lim E, Nierenberg JL, Liu Y, Chitrala K, Rankinen T, Musani SK, Franceschini N, Rauramaa R, Alver M, Zee PC, Harris SE, van der Most PJ, Nolte IM, Munroe PB, Palmer ND, Kühnel B, Weiss S, Wen W, Hall KA, Lyytikäinen LP, O'Connell J, Eiriksdottir G, Launer LJ, de Vries PS, Arking DE, Chen H, Boerwinkle E, Krieger JE, Schreiner PJ, Sidney S, Shikany JM, Rice K, Chen YI, Gharib SA, Bis JC, Luik AI, Ikram MA, Uitterlinden AG, Amin N, Xu H, Levy D, He J, Lohman KK, Zonderman AB, Rice TK, Sims M, Wilson G, Sofer T, Rich SS, Palmas W, Yao J, Guo X, Rotter JI, Biermasz NR, Mook-Kanamori DO, Martin LW, Barac A, Wallace RB, Gottlieb DJ, Komulainen P, Heikkinen S, Mägi R, Milani L, Metspalu A, Starr JM, Milaneschi Y, Waken RJ, Gao C, Waldenberger M, Peters A, Strauch K, Meitinger T, Roenneberg T, Völker U, Dörr M, Shu XO, Mukherjee S, Hillman DR, Kähönen M, Wagenknecht LE, Gieger C, Grabe HJ, Zheng W, et al.",Mol Psychiatry. 2021 Nov;26(11):6293-6304. doi: 10.1038/s41380-021-01087-0. Epub 2021 Apr 15.,Wang H,Mol Psychiatry,2021,2021-04-16,PMC8517040,NIHMS1692182,10.1038/s41380-021-01087-0
33856359,Generalizability of an Automatic Explanation Method for Machine Learning Prediction Results on Asthma-Related Hospital Visits in Patients With Asthma: Quantitative Analysis,"Luo G, Nau CL, Crawford WW, Schatz M, Zeiger RS, Koebnick C.",J Med Internet Res. 2021 Apr 15;23(4):e24153. doi: 10.2196/24153.,Luo G,J Med Internet Res,2021,2021-04-15,PMC8085752,,10.2196/24153
33838163,Genome-wide association study of serum metabolites in the African American Study of Kidney Disease and Hypertension,"Luo S, Feofanova EV, Tin A, Tung S, Rhee EP, Coresh J, Arking DE, Surapaneni A, Schlosser P, Li Y, Köttgen A, Yu B, Grams ME.",Kidney Int. 2021 Aug;100(2):430-439. doi: 10.1016/j.kint.2021.03.026. Epub 2021 Apr 8.,Luo S,Kidney Int,2021,2021-04-10,PMC8583323,NIHMS1751949,10.1016/j.kint.2021.03.026
33811084,Optimized sample selection for cost-efficient long-read population sequencing,"Ranallo-Benavidez TR, Lemmon Z, Soyk S, Aganezov S, Salerno WJ, McCoy RC, Lippman ZB, Schatz MC, Sedlazeck FJ.",Genome Res. 2021 May;31(5):910-918. doi: 10.1101/gr.264879.120. Epub 2021 Apr 2.,Ranallo-Benavidez TR,Genome Res,2021,2021-04-03,PMC8092009,,10.1101/gr.264879.120
33787638,Arterial only anastomosis associated with modified Baudet technique in ear replantation: Case reports and literature review,"Pertea M, Ciobanu P, Poroch V, Velenciuc N, Lunca S, Anghelina F, Palade DO.",Medicine (Baltimore). 2021 Apr 2;100(13):e25357. doi: 10.1097/MD.0000000000025357.,Pertea M,Medicine (Baltimore),2021,2021-03-31,PMC8021351,,10.1097/MD.0000000000025357
33796821,Development and validation of high definition phenotype-based mortality prediction in critical care units,"Sun Y, Kaur R, Gupta S, Paul R, Das R, Cho SJ, Anand S, Boutilier JJ, Saria S, Palma J, Saluja S, McAdams RM, Kaur A, Yadav G, Singh H.",JAMIA Open. 2021 Mar 25;4(1):ooab004. doi: 10.1093/jamiaopen/ooab004. eCollection 2021 Jan.,Sun Y,JAMIA Open,2021,2021-04-02,PMC7991779,,10.1093/jamiaopen/ooab004
33258553,Study of Tofacitinib in Refractory Dermatomyositis: An Open-Label Pilot Study of Ten Patients,"Paik JJ, Casciola-Rosen L, Shin JY, Albayda J, Tiniakou E, Leung DG, Gutierrez-Alamillo L, Perin J, Florea L, Antonescu C, Leung SG, Purwin G, Koenig A, Christopher-Stine L.",Arthritis Rheumatol. 2021 May;73(5):858-865. doi: 10.1002/art.41602. Epub 2021 Mar 24.,Paik JJ,Arthritis Rheumatol,2021,2020-12-01,PMC8084900,NIHMS1651813,10.1002/art.41602
33758175,Epigenetically regulated digital signaling defines epithelial innate immunity at the tissue level,"Clark HR, McKenney C, Livingston NM, Gershman A, Sajjan S, Chan IS, Ewald AJ, Timp W, Wu B, Singh A, Regot S.",Nat Commun. 2021 Mar 23;12(1):1836. doi: 10.1038/s41467-021-22070-x.,Clark HR,Nat Commun,2021,2021-03-24,PMC7988009,,10.1038/s41467-021-22070-x
33860956,Origins and mechanisms leading to aneuploidy in human eggs,"Wartosch L, Schindler K, Schuh M, Gruhn JR, Hoffmann ER, McCoy RC, Xing J.",Prenat Diagn. 2021 Apr;41(5):620-630. doi: 10.1002/pd.5927. Epub 2021 Mar 22.,Wartosch L,Prenat Diagn,2021,2021-04-16,PMC8237340,NIHMS1700201,10.1002/pd.5927
33749660,Genomic diversity of SARS-CoV-2 during early introduction into the Baltimore-Washington metropolitan area,"Thielen PM, Wohl S, Mehoke T, Ramakrishnan S, Kirsche M, Falade-Nwulia O, Trovão NS, Ernlund A, Howser C, Sadowski N, Morris CP, Hopkins M, Schwartz M, Fan Y, Gniazdowski V, Lessler J, Sauer L, Schatz MC, Evans JD, Ray SC, Timp W, Mostafa HH.",JCI Insight. 2021 Mar 22;6(6):e144350. doi: 10.1172/jci.insight.144350.,Thielen PM,JCI Insight,2021,2021-03-22,PMC8026189,,10.1172/jci.insight.144350
33720449,Chromosomal mosaicism: Origins and clinical implications in preimplantation and prenatal diagnosis,"Levy B, Hoffmann ER, McCoy RC, Grati FR.",Prenat Diagn. 2021 Apr;41(5):631-641. doi: 10.1002/pd.5931. Epub 2021 Mar 22.,Levy B,Prenat Diagn,2021,2021-03-15,PMC8176867,NIHMS1700211,10.1002/pd.5931
33438012,A Nonlinear Relation Between Maternal Red Blood Cell Manganese Concentrations and Child Blood Pressure at Age 6-12 y: A Prospective Birth Cohort Study,"Wang G, Tang WY, Wills-Karp M, Ji H, Bartell TR, Ji Y, Hong X, Pearson C, Cheng TL, Wang X.",J Nutr. 2021 Mar 11;151(3):570-578. doi: 10.1093/jn/nxaa368.,Wang G,J Nutr,2021,2021-01-13,PMC7948198,,10.1093/jn/nxaa368
33713765,The safety of asthma medications during pregnancy and lactation: Clinical management and research priorities,"Chambers CD, Krishnan JA, Alba L, Albano JD, Bryant AS, Carver M, Cohen LS, Gorodetsky E, Hernandez-Diaz S, Honein MA, Jones BL, Murray RK, Namazy JA, Sahin L, Spong CY, Vasisht KP, Watt K, Wurst KE, Yao L, Schatz M.",J Allergy Clin Immunol. 2021 Jun;147(6):2009-2020. doi: 10.1016/j.jaci.2021.02.037. Epub 2021 Mar 10.,Chambers CD,J Allergy Clin Immunol,2021,2021-03-13,PMC8185876,NIHMS1696787,10.1016/j.jaci.2021.02.037
33683021,Schizophrenia risk alleles often affect the expression of many genes and each gene may have a different effect on the risk: A mediation analysis,"Peng X, Bader JS, Avramopoulos D.",Am J Med Genet B Neuropsychiatr Genet. 2021 Jun;186(4):251-258. doi: 10.1002/ajmg.b.32841. Epub 2021 Mar 8.,Peng X,Am J Med Genet B Neuropsychiatr Genet,2021,2021-03-08,PMC10315436,NIHMS1908375,10.1002/ajmg.b.32841
33667368,An expanded universe of cancer targets,"Hahn WC, Bader JS, Braun TP, Califano A, Clemons PA, Druker BJ, Ewald AJ, Fu H, Jagu S, Kemp CJ, Kim W, Kuo CJ, McManus M, B Mills G, Mo X, Sahni N, Schreiber SL, Talamas JA, Tamayo P, Tyner JW, Wagner BK, Weiss WA, Gerhard DS; Cancer Target Discovery and Development Network.",Cell. 2021 Mar 4;184(5):1142-1155. doi: 10.1016/j.cell.2021.02.020.,Hahn WC,Cell,2021,2021-03-05,PMC8066437,NIHMS1692952,10.1016/j.cell.2021.02.020
33663600,DNA methylation mediates the effect of maternal smoking on offspring birthweight: a birth cohort study of multi-ethnic US mother-newborn pairs,"Xu R, Hong X, Zhang B, Huang W, Hou W, Wang G, Wang X, Igusa T, Liang L, Ji H.",Clin Epigenetics. 2021 Mar 4;13(1):47. doi: 10.1186/s13148-021-01032-6.,Xu R,Clin Epigenetics,2021,2021-03-05,PMC7931602,,10.1186/s13148-021-01032-6
,63438 Differential chromatin accessibility at dorsal root ganglia enhancers is associated with nerve injury,"Stephens KE, Zhou W, Ji Z, Ji H, Guan Y, Taverna SD.",J Clin Transl Sci. 2021 Mar 30;5(Suppl 1):5. doi: 10.1017/cts.2021.414. eCollection 2021 Mar.,Stephens KE,J Clin Transl Sci,2021,,PMC8827766,,10.1017/cts.2021.414
33691089,Metabolic programs define dysfunctional immune responses in severe COVID-19 patients,"Thompson EA, Cascino K, Ordonez AA, Zhou W, Vaghasia A, Hamacher-Brady A, Brady NR, Sun IH, Wang R, Rosenberg AZ, Delannoy M, Rothman R, Fenstermacher K, Sauer L, Shaw-Saliba K, Bloch EM, Redd AD, Tobian AAR, Horton M, Smith K, Pekosz A, D'Alessio FR, Yegnasubramanian S, Ji H, Cox AL, Powell JD.",Cell Rep. 2021 Mar 16;34(11):108863. doi: 10.1016/j.celrep.2021.108863. Epub 2021 Feb 26.,Thompson EA,Cell Rep,2021,2021-03-10,PMC7908880,,10.1016/j.celrep.2021.108863
33635857,Balrog: A universal protein model for prokaryotic gene prediction,"Sommer MJ, Salzberg SL.",PLoS Comput Biol. 2021 Feb 26;17(2):e1008727. doi: 10.1371/journal.pcbi.1008727. eCollection 2021 Feb.,Sommer MJ,PLoS Comput Biol,2021,2021-02-26,PMC7946324,,10.1371/journal.pcbi.1008727
33636129,In vivo CD8(+) T cell CRISPR screening reveals control by Fli1 in infection and cancer,"Chen Z, Arai E, Khan O, Zhang Z, Ngiow SF, He Y, Huang H, Manne S, Cao Z, Baxter AE, Cai Z, Freilich E, Ali MA, Giles JR, Wu JE, Greenplate AR, Hakeem MA, Chen Q, Kurachi M, Nzingha K, Ekshyyan V, Mathew D, Wen Z, Speck NA, Battle A, Berger SL, Wherry EJ, Shi J.",Cell. 2021 Mar 4;184(5):1262-1280.e22. doi: 10.1016/j.cell.2021.02.019. Epub 2021 Feb 25.,Chen Z,Cell,2021,2021-02-26,PMC8054351,NIHMS1676582,10.1016/j.cell.2021.02.019
33681435,Transcriptomic data of Clozapine-treated Ngn2-induced Human Excitatory Neurons,"Lam AN, Peng X, Das D, Bader JS, Avramopoulos D.",Data Brief. 2021 Feb 19;35:106897. doi: 10.1016/j.dib.2021.106897. eCollection 2021 Apr.,Lam AN,Data Brief,2021,2021-03-08,PMC7910509,,10.1016/j.dib.2021.106897
33367618,Prenatal exposure to mercury and precocious puberty: a prospective birth cohort study,"Wang G, Tang WY, Ji H, Wang X.",Hum Reprod. 2021 Feb 18;36(3):712-720. doi: 10.1093/humrep/deaa315.,Wang G,Hum Reprod,2021,2020-12-28,PMC7891807,,10.1093/humrep/deaa315
33094331,Transcriptional profile of platelets and iPSC-derived megakaryocytes from whole-genome and RNA sequencing,"Kammers K, Taub MA, Rodriguez B, Yanek LR, Ruczinski I, Martin J, Kanchan K, Battle A, Cheng L, Wang ZZ, Johnson AD, Leek JT, Faraday N, Becker LC, Mathias RA.",Blood. 2021 Feb 18;137(7):959-968. doi: 10.1182/blood.2020006115.,Kammers K,Blood,2021,2020-10-23,PMC7918180,,10.1182/blood.2020006115
33593071,Excessive O-GlcNAcylation Causes Heart Failure and Sudden Death,"Umapathi P, Mesubi OO, Banerjee PS, Abrol N, Wang Q, Luczak ED, Wu Y, Granger JM, Wei AC, Reyes Gaido OE, Florea L, Talbot CC Jr, Hart GW, Zachara NE, Anderson ME.",Circulation. 2021 Apr 27;143(17):1687-1703. doi: 10.1161/CIRCULATIONAHA.120.051911. Epub 2021 Feb 17.,Umapathi P,Circulation,2021,2021-02-17,PMC8085112,NIHMS1686874,10.1161/CIRCULATIONAHA.120.051911
33594051,Loop competition and extrusion model predicts CTCF interaction specificity,"Xi W, Beer MA.",Nat Commun. 2021 Feb 16;12(1):1046. doi: 10.1038/s41467-021-21368-0.,Xi W,Nat Commun,2021,2021-02-17,PMC7886907,,10.1038/s41467-021-21368-0
33587037,SNPC-1.3 is a sex-specific transcription factor that drives male piRNA expression in C. elegans,"Choi CP, Tay RJ, Starostik MR, Feng S, Moresco JJ, Montgomery BE, Xu E, Hammonds MA, Schatz MC, Montgomery TA, Yates JR 3rd, Jacobsen SE, Kim JK.",Elife. 2021 Feb 15;10:e60681. doi: 10.7554/eLife.60681.,Choi CP,Elife,2021,2021-02-15,PMC7884074,,10.7554/eLife.60681
33581341,Profiling Chromatin Accessibility at Single-cell Resolution,"Sinha S, Satpathy AT, Zhou W, Ji H, Stratton JA, Jaffer A, Bahlis N, Morrissy S, Biernaskie JA.",Genomics Proteomics Bioinformatics. 2021 Apr;19(2):172-190. doi: 10.1016/j.gpb.2020.06.010. Epub 2021 Feb 11.,Sinha S,Genomics Proteomics Bioinformatics,2021,2021-02-13,PMC8602754,,10.1016/j.gpb.2020.06.010
33568819,"Sequencing of 53,831 diverse genomes from the NHLBI TOPMed Program","Taliun D, Harris DN, Kessler MD, Carlson J, Szpiech ZA, Torres R, Taliun SAG, Corvelo A, Gogarten SM, Kang HM, Pitsillides AN, LeFaive J, Lee SB, Tian X, Browning BL, Das S, Emde AK, Clarke WE, Loesch DP, Shetty AC, Blackwell TW, Smith AV, Wong Q, Liu X, Conomos MP, Bobo DM, Aguet F, Albert C, Alonso A, Ardlie KG, Arking DE, Aslibekyan S, Auer PL, Barnard J, Barr RG, Barwick L, Becker LC, Beer RL, Benjamin EJ, Bielak LF, Blangero J, Boehnke M, Bowden DW, Brody JA, Burchard EG, Cade BE, Casella JF, Chalazan B, Chasman DI, Chen YI, Cho MH, Choi SH, Chung MK, Clish CB, Correa A, Curran JE, Custer B, Darbar D, Daya M, de Andrade M, DeMeo DL, Dutcher SK, Ellinor PT, Emery LS, Eng C, Fatkin D, Fingerlin T, Forer L, Fornage M, Franceschini N, Fuchsberger C, Fullerton SM, Germer S, Gladwin MT, Gottlieb DJ, Guo X, Hall ME, He J, Heard-Costa NL, Heckbert SR, Irvin MR, Johnsen JM, Johnson AD, Kaplan R, Kardia SLR, Kelly T, Kelly S, Kenny EE, Kiel DP, Klemmer R, Konkle BA, Kooperberg C, Köttgen A, Lange LA, Lasky-Su J, Levy D, Lin X, Lin KH, Liu C, Loos RJF, et al.",Nature. 2021 Feb;590(7845):290-299. doi: 10.1038/s41586-021-03205-y. Epub 2021 Feb 10.,Taliun D,Nature,2021,2021-02-11,PMC7875770,NIHMS1675193,10.1038/s41586-021-03205-y
33558695,Transcriptome-scale spatial gene expression in the human dorsolateral prefrontal cortex,"Maynard KR, Collado-Torres L, Weber LM, Uytingco C, Barry BK, Williams SR, Catallini JL 2nd, Tran MN, Besich Z, Tippani M, Chew J, Yin Y, Kleinman JE, Hyde TM, Rao N, Hicks SC, Martinowich K, Jaffe AE.",Nat Neurosci. 2021 Mar;24(3):425-436. doi: 10.1038/s41593-020-00787-0. Epub 2021 Feb 8.,Maynard KR,Nat Neurosci,2021,2021-02-09,PMC8095368,NIHMS1656366,10.1038/s41593-020-00787-0
33547152,Guillain-Barré Syndrome Outbreak in Peru 2019 Associated With Campylobacter jejuni Infection,"Ramos AP, Leonhard SE, Halstead SK, Cuba MA, Castañeda CC, Dioses JA, Tipismana MA, Abanto JT, Llanos A, Gourlay D, Grogl M, Ramos M, Rojas JD, Meza R, Puiu D, Sherman RM, Salzberg SL, Simner PJ, Willison HJ, Jacobs BC, Cornblath DR, Umeres HF, Pardo CA.",Neurol Neuroimmunol Neuroinflamm. 2021 Feb 5;8(2):e952. doi: 10.1212/NXI.0000000000000952. Print 2021 Mar.,Ramos AP,Neurol Neuroimmunol Neuroinflamm,2021,2021-02-06,PMC8057064,,10.1212/NXI.0000000000000952
33522487,"The human origin recognition complex is essential for pre-RC assembly, mitosis, and maintenance of nuclear structure","Chou HC, Bhalla K, Demerdesh OE, Klingbeil O, Hanington K, Aganezov S, Andrews P, Alsudani H, Chang K, Vakoc CR, Schatz MC, McCombie WR, Stillman B.",Elife. 2021 Feb 1;10:e61797. doi: 10.7554/eLife.61797.,Chou HC,Elife,2021,2021-02-01,PMC7877914,,10.7554/eLife.61797
33510174,Genome-wide meta-analysis of muscle weakness identifies 15 susceptibility loci in older men and women,"Jones G, Trajanoska K, Santanasto AJ, Stringa N, Kuo CL, Atkins JL, Lewis JR, Duong T, Hong S, Biggs ML, Luan J, Sarnowski C, Lunetta KL, Tanaka T, Wojczynski MK, Cvejkus R, Nethander M, Ghasemi S, Yang J, Zillikens MC, Walter S, Sicinski K, Kague E, Ackert-Bicknell CL, Arking DE, Windham BG, Boerwinkle E, Grove ML, Graff M, Spira D, Demuth I, van der Velde N, de Groot LCPGM, Psaty BM, Odden MC, Fohner AE, Langenberg C, Wareham NJ, Bandinelli S, van Schoor NM, Huisman M, Tan Q, Zmuda J, Mellström D, Karlsson M, Bennett DA, Buchman AS, De Jager PL, Uitterlinden AG, Völker U, Kocher T, Teumer A, Rodriguéz-Mañas L, García FJ, Carnicero JA, Herd P, Bertram L, Ohlsson C, Murabito JM, Melzer D, Kuchel GA, Ferrucci L, Karasik D, Rivadeneira F, Kiel DP, Pilling LC.",Nat Commun. 2021 Jan 28;12(1):654. doi: 10.1038/s41467-021-20918-w.,Jones G,Nat Commun,2021,2021-01-29,PMC7844411,,10.1038/s41467-021-20918-w
33510160,Single-cell transcriptomic reveals molecular diversity and developmental heterogeneity of human stem cell-derived oligodendrocyte lineage cells,"Chamling X, Kallman A, Fang W, Berlinicke CA, Mertz JL, Devkota P, Pantoja IEM, Smith MD, Ji Z, Chang C, Kaushik A, Chen L, Whartenby KA, Calabresi PA, Mao HQ, Ji H, Wang TH, Zack DJ.",Nat Commun. 2021 Jan 28;12(1):652. doi: 10.1038/s41467-021-20892-3.,Chamling X,Nat Commun,2021,2021-01-29,PMC7844020,,10.1038/s41467-021-20892-3
33497379,mbkmeans: Fast clustering for single cell data using mini-batch k-means,"Hicks SC, Liu R, Ni Y, Purdom E, Risso D.",PLoS Comput Biol. 2021 Jan 26;17(1):e1008625. doi: 10.1371/journal.pcbi.1008625. eCollection 2021 Jan.,Hicks SC,PLoS Comput Biol,2021,2021-01-26,PMC7864438,,10.1371/journal.pcbi.1008625
33497908,Transcriptome analysis of human induced excitatory neurons supports a strong effect of clozapine on cholesterol biosynthesis,"Das D, Peng X, Lam AN, Bader JS, Avramopoulos D.",Schizophr Res. 2021 Feb;228:324-326. doi: 10.1016/j.schres.2020.12.041. Epub 2021 Jan 24.,Das D,Schizophr Res,2021,2021-01-26,PMC7987755,NIHMS1666294,10.1016/j.schres.2020.12.041
33561252,De novo genome assembly of the tobacco hornworm moth (Manduca sexta),"Gershman A, Romer TG, Fan Y, Razaghi R, Smith WA, Timp W.",G3 (Bethesda). 2021 Jan 18;11(1):jkaa047. doi: 10.1093/g3journal/jkaa047.,Gershman A,G3 (Bethesda),2021,2021-02-09,PMC8022704,,10.1093/g3journal/jkaa047
33477542,Dissecting the Polygenic Basis of Cold Adaptation Using Genome-Wide Association of Traits and Environmental Data in Douglas-fir,"De La Torre AR, Wilhite B, Puiu D, St Clair JB, Crepeau MW, Salzberg SL, Langley CH, Allen B, Neale DB.",Genes (Basel). 2021 Jan 18;12(1):110. doi: 10.3390/genes12010110.,De La Torre AR,Genes (Basel),2021,2021-01-22,PMC7831106,,10.3390/genes12010110
33269974,National Asthma Education and Prevention Program 2020 Guideline Update: Where Do We Go from Here?,"Krishnan JA, Cloutier MM, Schatz M.",Am J Respir Crit Care Med. 2021 Jan 15;203(2):164-167. doi: 10.1164/rccm.202011-4236ED.,Krishnan JA,Am J Respir Crit Care Med,2021,2020-12-03,PMC7874432,,10.1164/rccm.202011-4236ED
33441415,Blood-derived mitochondrial DNA copy number is associated with gene expression across multiple tissues and is predictive for incident neurodegenerative disease,"Yang SY, Castellani CA, Longchamps RJ, Pillalamarri VK, O'Rourke B, Guallar E, Arking DE.",Genome Res. 2021 Mar;31(3):349-358. doi: 10.1101/gr.269381.120. Epub 2021 Jan 13.,Yang SY,Genome Res,2021,2021-01-14,PMC7919448,,10.1101/gr.269381.120
33429943,"Raman Spectroscopy, X-ray Diffraction, and Scanning Electron Microscopy as Noninvasive Methods for Microstructural Alterations in Psoriatic Nails","Chiriac AE, Azoicai D, Coroaba A, Doroftei F, Timpu D, Chiriac A, Pertea M, Ursu EL, Pinteala M.",Molecules. 2021 Jan 8;26(2):280. doi: 10.3390/molecules26020280.,Chiriac AE,Molecules,2021,2021-01-12,PMC7826832,,10.3390/molecules26020280
33416883,Development and Validation of a Machine Learning Model to Predict Near-Term Risk of Iatrogenic Hypoglycemia in Hospitalized Patients,"Mathioudakis NN, Abusamaan MS, Shakarchi AF, Sokolinsky S, Fayzullin S, McGready J, Zilbermint M, Saria S, Golden SH.",JAMA Netw Open. 2021 Jan 4;4(1):e2030913. doi: 10.1001/jamanetworkopen.2020.30913.,Mathioudakis NN,JAMA Netw Open,2021,2021-01-08,PMC7794667,,10.1001/jamanetworkopen.2020.30913
33397413,Reference flow: reducing reference bias using multiple population genomes,"Chen NC, Solomon B, Mun T, Iyer S, Langmead B.",Genome Biol. 2021 Jan 4;22(1):8. doi: 10.1186/s13059-020-02229-3.,Chen NC,Genome Biol,2021,2021-01-05,PMC7780692,,10.1186/s13059-020-02229-3
37906626,Fast and Space-Efficient Construction of AVL Grammars from the LZ77 Parsing,"Kempa D, Langmead B.",Lebniz Int Proc Inform. 2021;204:56. doi: 10.4230/LIPIcs.ESA.2021.56.,Kempa D,Lebniz Int Proc Inform,2021,2023-10-31,PMC10613516,NIHMS1738553,10.4230/LIPIcs.ESA.2021.56
34609426,"Clinical, histopathological and immunohistochemical features of glomus tumor of the nail bed","Perţea M, Poroch V, Velenciuc N, Mitrea M, Luncă S, Terinte C, Filip A, Alexa O, Veliceasa B.",Rom J Morphol Embryol. 2021 Jan-Mar;62(1):233-238. doi: 10.47162/RJME.62.1.23.,Perţea M,Rom J Morphol Embryol,2021,2021-10-05,PMC8597357,,10.47162/RJME.62.1.23
34219671,Will Artificial Intelligence Replace the Movement Disorders Specialist for Diagnosing and Managing Parkinson's Disease?,"Landers M, Saria S, Espay AJ.",J Parkinsons Dis. 2021;11(s1):S117-S122. doi: 10.3233/JPD-212545.,Landers M,J Parkinsons Dis,2021,2021-07-05,PMC8385515,,10.3233/JPD-212545
,Characterization of a Mouse Model of Inducible Frailty: The Humanized IL-6 Mouse,"Nidadavolu L, Abadir PM, Walston J, Le A, Yenokyan G, Florea L, Antonescu C, Foster DB.",Innov Aging. 2021 Dec 17;5(Suppl 1):529-30. doi: 10.1093/geroni/igab046.2043. eCollection 2021.,Nidadavolu L,Innov Aging,2021,,PMC8679603,,10.1093/geroni/igab046.2043
33361112,Effects of transcriptional noise on estimates of gene and transcript expression in RNA sequencing experiments,"Varabyou A, Salzberg SL, Pertea M.",Genome Res. 2021 Feb;31(2):301-308. doi: 10.1101/gr.266213.120. Epub 2020 Dec 23.,Varabyou A,Genome Res,2021,2020-12-28,PMC7849408,,10.1101/gr.266213.120
39391743,Genome-wide Prediction of Chromatin Accessibility Based on Gene Expression,"Zhou W, Hongkai J.",Wiley Interdiscip Rev Comput Stat. 2021 Sep-Oct;13(5):e1544. doi: 10.1002/wics.1544. Epub 2020 Dec 17.,Zhou W,Wiley Interdiscip Rev Comput Stat,2021,2024-10-11,PMC11466374,NIHMS2025272,10.1002/wics.1544
33323400,"The Genetic Evolution of Treatment-Resistant Cutaneous, Acral, and Uveal Melanomas","Makohon-Moore AP, Lipson EJ, Hooper JE, Zucker A, Hong J, Bielski CM, Hayashi A, Tokheim C, Baez P, Kappagantula R, Kohutek Z, Makarov V, Riaz N, Postow MA, Chapman PB, Karchin R, Socci ND, Solit DB, Chan TA, Taylor BS, Topalian SL, Iacobuzio-Donahue CA.",Clin Cancer Res. 2021 Mar 1;27(5):1516-1525. doi: 10.1158/1078-0432.CCR-20-2984. Epub 2020 Dec 15.,Makohon-Moore AP,Clin Cancer Res,2021,2020-12-16,PMC7925434,NIHMS1656151,10.1158/1078-0432.CCR-20-2984
33257863,Targeted nanopore sequencing by real-time mapping of raw electrical signal with UNCALLED,"Kovaka S, Fan Y, Ni B, Timp W, Schatz MC.",Nat Biotechnol. 2021 Apr;39(4):431-441. doi: 10.1038/s41587-020-0731-9. Epub 2020 Nov 30.,Kovaka S,Nat Biotechnol,2021,2020-12-01,PMC8567335,NIHMS1636148,10.1038/s41587-020-0731-9
33249881,Linear and Nonlinear Mendelian Randomization Analyses of the Association Between Diastolic Blood Pressure and Cardiovascular Events: The J-Curve Revisited,"Arvanitis M, Qi G, Bhatt DL, Post WS, Chatterjee N, Battle A, McEvoy JW.",Circulation. 2021 Mar 2;143(9):895-906. doi: 10.1161/CIRCULATIONAHA.120.049819. Epub 2020 Nov 30.,Arvanitis M,Circulation,2021,2020-11-30,PMC7920937,NIHMS1664084,10.1161/CIRCULATIONAHA.120.049819
34734193,Multi-Ancestry Genome-wide Association Study Accounting for Gene-Psychosocial Factor Interactions Identifies Novel Loci for Blood Pressure Traits,"Sun D, Richard M, Musani SK, Sung YJ, Winkler TW, Schwander K, Chai JF, Guo X, Kilpeläinen TO, Vojinovic D, Aschard H, Bartz TM, Bielak LF, Brown MR, Chitrala K, Hartwig FP, Horimoto ARVR, Liu Y, Manning AK, Noordam R, Smith AV, Harris SE, Kühnel B, Lyytikäinen LP, Nolte IM, Rauramaa R, van der Most PJ, Wang R, Ware EB, Weiss S, Wen W, Yanek LR, Arking DE, Arnett DK, Barac A, Boerwinkle E, Broeckel U, Chakravarti A, Chen YI, Cupples LA, Davigulus ML, de las Fuentes L, de Mutsert R, de Vries PS, Delaney JAC, Roux AVD, Dörr M, Faul JD, Fretts AM, Gallo LC, Grabe HJ, Gu CC, Harris TB, Hartman CCA, Heikkinen S, Ikram MA, Isasi C, Johnson WC, Jonas JB, Kaplan RC, Komulainen P, Krieger JE, Levy D; Lifelines Cohort Study; Liu J, Lohman K, Luik AI, Martin LW, Meitinger T, Milaneschi Y, O'Connell JR, Palmas WR, Peters A, Peyser PA, Pulkki-Råback L, Raffel LJ, Reiner AP, Rice K, Robinson JG, Rosendaal FR, Schmidt CO, Schreiner PJ, Schwettmann L, Shikany JM, Shu XO, Sidney S, Sims M, Smith JA, Sotoodehnia N, Strauch K, Tai ES, Taylor K, Uitterlinden AG, van Duijn CM, Waldenberger M, Wee HL, Wei WB, Wilson G, Xuan D, Yao J, et al.",HGG Adv. 2021 Jan 14;2(1):100013. doi: 10.1016/j.xhgg.2020.100013. Epub 2020 Oct 31.,Sun D,HGG Adv,2021,2021-11-04,PMC8562625,NIHMS1742677,10.1016/j.xhgg.2020.100013
33118835,Myocardial Gene Expression Signatures in Human Heart Failure With Preserved Ejection Fraction,"Hahn VS, Knutsdottir H, Luo X, Bedi K, Margulies KB, Haldar SM, Stolina M, Yin J, Khakoo AY, Vaishnav J, Bader JS, Kass DA, Sharma K.",Circulation. 2021 Jan 12;143(2):120-134. doi: 10.1161/CIRCULATIONAHA.120.050498. Epub 2020 Oct 29.,Hahn VS,Circulation,2021,2020-10-29,PMC7856095,NIHMS1652328,10.1161/CIRCULATIONAHA.120.050498
33115373,Predictors of the start of declining eGFR in patients with systemic lupus erythematosus,"Yip TC, Saria S, Petri M, Magder LS.",Lupus. 2021 Jan;30(1):15-24. doi: 10.1177/0961203320966393. Epub 2020 Oct 28.,Yip TC,Lupus,2021,2020-10-29,PMC7770013,NIHMS1632672,10.1177/0961203320966393
33028669,Multiregion whole-exome sequencing of intraductal papillary mucinous neoplasms reveals frequent somatic KLF4 mutations predominantly in low-grade regions,"Fujikura K, Hosoda W, Felsenstein M, Song Q, Reiter JG, Zheng L, Beleva Guthrie V, Rincon N, Dal Molin M, Dudley J, Cohen JD, Wang P, Fischer CG, Braxton AM, Noë M, Jongepier M, Fernández-Del Castillo C, Mino-Kenudson M, Schmidt CM, Yip-Schneider MT, Lawlor RT, Salvia R, Roberts NJ, Thompson ED, Karchin R, Lennon AM, Jiao Y, Wood LD.",Gut. 2021 May;70(5):928-939. doi: 10.1136/gutjnl-2020-321217. Epub 2020 Oct 7.,Fujikura K,Gut,2021,2020-10-08,PMC8262510,NIHMS1674085,10.1136/gutjnl-2020-321217
32912663,Where Are the Disease-Associated eQTLs?,"Umans BD, Battle A, Gilad Y.",Trends Genet. 2021 Feb;37(2):109-124. doi: 10.1016/j.tig.2020.08.009. Epub 2020 Sep 7.,Umans BD,Trends Genet,2021,2020-09-11,PMC8162831,NIHMS1704656,10.1016/j.tig.2020.08.009
32822692,Effect of early and late prenatal vitamin D and maternal asthma status on offspring asthma or recurrent wheeze,"Lu M, Litonjua AA, O'Connor GT, Zeiger RS, Bacharier L, Schatz M, Carey VJ, Weiss ST, Mirzakhani H.",J Allergy Clin Immunol. 2021 Apr;147(4):1234-1241.e3. doi: 10.1016/j.jaci.2020.06.041. Epub 2020 Aug 19.,Lu M,J Allergy Clin Immunol,2021,2020-08-22,PMC7892633,NIHMS1622859,10.1016/j.jaci.2020.06.041
32726798,Genome-wide association study identifies a novel maternal gene × stress interaction associated with spontaneous preterm birth,"Hong X, Surkan PJ, Zhang B, Keiser A, Ji Y, Ji H, Burd I, Bustamante-Helfrich B, Ogunwole SM, Tang WY, Liu L, Pearson C, Cerda S, Zuckerman B, Hao L, Wang X.",Pediatr Res. 2021 May;89(6):1549-1556. doi: 10.1038/s41390-020-1093-1. Epub 2020 Jul 29.,Hong X,Pediatr Res,2021,2020-07-30,PMC8400921,NIHMS1724167,10.1038/s41390-020-1093-1
32372009,Gene-educational attainment interactions in a multi-ancestry genome-wide meta-analysis identify novel blood pressure loci,"de las Fuentes L, Sung YJ, Noordam R, Winkler T, Feitosa MF, Schwander K, Bentley AR, Brown MR, Guo X, Manning A, Chasman DI, Aschard H, Bartz TM, Bielak LF, Campbell A, Cheng CY, Dorajoo R, Hartwig FP, Horimoto ARVR, Li C, Li-Gao R, Liu Y, Marten J, Musani SK, Ntalla I, Rankinen T, Richard M, Sim X, Smith AV, Tajuddin SM, Tayo BO, Vojinovic D, Warren HR, Xuan D, Alver M, Boissel M, Chai JF, Chen X, Christensen K, Divers J, Evangelou E, Gao C, Girotto G, Harris SE, He M, Hsu FC, Kühnel B, Laguzzi F, Li X, Lyytikäinen LP, Nolte IM, Poveda A, Rauramaa R, Riaz M, Rueedi R, Shu XO, Snieder H, Sofer T, Takeuchi F, Verweij N, Ware EB, Weiss S, Yanek LR, Amin N, Arking DE, Arnett DK, Bergmann S, Boerwinkle E, Brody JA, Broeckel U, Brumat M, Burke G, Cabrera CP, Canouil M, Chee ML, Chen YI, Cocca M, Connell J, de Silva HJ, de Vries PS, Eiriksdottir G, Faul JD, Fisher V, Forrester T, Fox EF, Friedlander Y, Gao H, Gigante B, Giulianini F, Gu CC, Gu D, Harris TB, He J, Heikkinen S, Heng CK, Hunt S, Ikram MA, Irvin MR, Kähönen M, Kavousi M, et al.",Mol Psychiatry. 2021 Jun;26(6):2111-2125. doi: 10.1038/s41380-020-0719-3. Epub 2020 May 5.,de las Fuentes L,Mol Psychiatry,2021,2020-05-07,PMC7641978,NIHMS1579455,10.1038/s41380-020-0719-3
33380473,"NAT8 Variants, N-Acetylated Amino Acids, and Progression of CKD","Luo S, Surapaneni A, Zheng Z, Rhee EP, Coresh J, Hung AM, Nadkarni GN, Yu B, Boerwinkle E, Tin A, Arking DE, Steinbrenner I, Schlosser P, Köttgen A, Grams ME.",Clin J Am Soc Nephrol. 2020 Dec 31;16(1):37-47. doi: 10.2215/CJN.08600520.,Luo S,Clin J Am Soc Nephrol,2020,2020-12-31,PMC7792648,,10.2215/CJN.08600520
33375101,Machine Learning-Based Automatic Classification of Video Recorded Neonatal Manipulations and Associated Physiological Parameters: A Feasibility Study,"Singh H, Kusuda S, McAdams RM, Gupta S, Kalra J, Kaur R, Das R, Anand S, Kumar Pandey A, Cho SJ, Saluja S, Boutilier JJ, Saria S, Palma J, Kaur A, Yadav G, Sun Y.",Children (Basel). 2020 Dec 22;8(1):1. doi: 10.3390/children8010001.,Singh H,Children (Basel),2020,2020-12-30,PMC7822162,,10.3390/children8010001
33347570,Parliament2: Accurate structural variant calling at scale,"Zarate S, Carroll A, Mahmoud M, Krasheninina O, Jun G, Salerno WJ, Schatz MC, Boerwinkle E, Gibbs RA, Sedlazeck FJ.",Gigascience. 2020 Dec 21;9(12):giaa145. doi: 10.1093/gigascience/giaa145.,Zarate S,Gigascience,2020,2020-12-21,PMC7751401,,10.1093/gigascience/giaa145
33303586,Genetic interaction mapping informs integrative structure determination of protein complexes,"Braberg H, Echeverria I, Bohn S, Cimermancic P, Shiver A, Alexander R, Xu J, Shales M, Dronamraju R, Jiang S, Dwivedi G, Bogdanoff D, Chaung KK, Hüttenhain R, Wang S, Mavor D, Pellarin R, Schneidman D, Bader JS, Fraser JS, Morris J, Haber JE, Strahl BD, Gross CA, Dai J, Boeke JD, Sali A, Krogan NJ.",Science. 2020 Dec 11;370(6522):eaaz4910. doi: 10.1126/science.aaz4910.,Braberg H,Science,2020,2020-12-11,PMC7946025,NIHMS1671864,10.1126/science.aaz4910
33284326,iGenomics: Comprehensive DNA sequence analysis on your Smartphone,"Palatnick A, Zhou B, Ghedin E, Schatz MC.",Gigascience. 2020 Dec 7;9(12):giaa138. doi: 10.1093/gigascience/giaa138.,Palatnick A,Gigascience,2020,2020-12-07,PMC7720420,,10.1093/gigascience/giaa138
33275607,SkewIT: The Skew Index Test for large-scale GC Skew analysis of bacterial genomes,"Lu J, Salzberg SL.",PLoS Comput Biol. 2020 Dec 4;16(12):e1008439. doi: 10.1371/journal.pcbi.1008439. eCollection 2020 Dec.,Lu J,PLoS Comput Biol,2020,2020-12-04,PMC7717575,,10.1371/journal.pcbi.1008439
33482968,Prevalence and Characteristics of Chronic Cough in Adults Identified by Administrative Data,"Zeiger RS, Xie F, Schatz M, Hong BD, Weaver JP, Bali V, Schelfhout J, Chen W.",Perm J. 2020 Dec;24:1-3. doi: 10.7812/TPP/20.022.,Zeiger RS,Perm J,2020,2021-01-23,PMC7849260,,10.7812/TPP/20.022
33280709,2020 Focused Updates to the Asthma Management Guidelines: A Report from the National Asthma Education and Prevention Program Coordinating Committee Expert Panel Working Group,"Expert Panel Working Group of the National Heart, Lung, and Blood Institute (NHLBI) administered and coordinated National Asthma Education and Prevention Program Coordinating Committee (NAEPPCC); Cloutier MM, Baptist AP, Blake KV, Brooks EG, Bryant-Stephens T, DiMango E, Dixon AE, Elward KS, Hartert T, Krishnan JA, Lemanske RF Jr, Ouellette DR, Pace WD, Schatz M, Skolnik NS, Stout JW, Teach SJ, Umscheid CA, Walsh CG.",J Allergy Clin Immunol. 2020 Dec;146(6):1217-1270. doi: 10.1016/j.jaci.2020.10.003.,"Expert Panel Working Group of the National Heart, Lung, and Blood Institute (NHLBI) administered and coordinated National Asthma Education and Prevention Program Coordinating Committee (NAEPPCC)",J Allergy Clin Immunol,2020,2020-12-07,PMC7924476,NIHMS1642529,10.1016/j.jaci.2020.10.003
33242405,"Clonal Hematopoiesis Before, During, and After Human Spaceflight","Mencia-Trinchant N, MacKay MJ, Chin C, Afshinnekoo E, Foox J, Meydan C, Butler D, Mozsary C, Vernice NA, Darby C, Schatz MC, Bailey SM, Melnick AM, Guzman ML, Bolton K, Braunstein LZ, Garrett-Bakelman F, Levine RL, Hassane DC, Mason CE.",Cell Rep. 2020 Dec 8;33(10):108458. doi: 10.1016/j.celrep.2020.108458. Epub 2020 Nov 25.,Mencia-Trinchant N,Cell Rep,2020,2020-11-26,PMC9398182,NIHMS1827326,10.1016/j.celrep.2020.108458
33232214,Epigenome-wide association scan identifies methylation sites associated with HIV infection,"Shu C, Jaffe AE, Sabunciyan S, Ji H, Astemborski J, Sun J, Bakulski KM, Mehta SH, Kirk GD, Maher BS.",Epigenomics. 2020 Nov;12(21):1917-1927. doi: 10.2217/epi-2020-0123. Epub 2020 Nov 24.,Shu C,Epigenomics,2020,2020-11-24,PMC7788472,,10.2217/epi-2020-0123
33230324,Simultaneous profiling of chromatin accessibility and methylation on human cell lines with nanopore sequencing,"Lee I, Razaghi R, Gilpatrick T, Molnar M, Gershman A, Sadowski N, Sedlazeck FJ, Hansen KD, Simpson JT, Timp W.",Nat Methods. 2020 Dec;17(12):1191-1199. doi: 10.1038/s41592-020-01000-7. Epub 2020 Nov 23.,Lee I,Nat Methods,2020,2020-11-24,PMC7704922,NIHMS1638772,10.1038/s41592-020-01000-7
33391794,"ACE inhibition and cardiometabolic risk factors, lung ACE2 and TMPRSS2 gene expression, and plasma ACE2 levels: a Mendelian randomization study","Gill D, Arvanitis M, Carter P, Hernández Cordero AI, Jo B, Karhunen V, Larsson SC, Li X, Lockhart SM, Mason A, Pashos E, Saha A, Tan VY, Zuber V, Bossé Y, Fahle S, Hao K, Jiang T, Joubert P, Lunt AC, Ouwehand WH, Roberts DJ, Timens W, van den Berge M, Watkins NA, Battle A, Butterworth AS, Danesh J, Di Angelantonio E, Engelhardt BE, Peters JE, Sin DD, Burgess S.",R Soc Open Sci. 2020 Nov 18;7(11):200958. doi: 10.1098/rsos.200958. eCollection 2020 Nov.,Gill D,R Soc Open Sci,2020,2021-01-04,PMC7735342,,10.1098/rsos.200958
33294860,Integrative Tumor and Immune Cell Multi-omic Analyses Predict Response to Immune Checkpoint Blockade in Melanoma,"Anagnostou V, Bruhm DC, Niknafs N, White JR, Shao XM, Sidhom JW, Stein J, Tsai HL, Wang H, Belcaid Z, Murray J, Balan A, Ferreira L, Ross-Macdonald P, Wind-Rotolo M, Baras AS, Taube J, Karchin R, Scharpf RB, Grasso C, Ribas A, Pardoll DM, Topalian SL, Velculescu VE.",Cell Rep Med. 2020 Nov 17;1(8):100139. doi: 10.1016/j.xcrm.2020.100139. eCollection 2020 Nov 17.,Anagnostou V,Cell Rep Med,2020,2020-12-09,PMC7691441,,10.1016/j.xcrm.2020.100139
33164906,"Developing a Predictive Model for Asthma-Related Hospital Encounters in Patients With Asthma in a Large, Integrated Health Care System: Secondary Analysis","Luo G, Nau CL, Crawford WW, Schatz M, Zeiger RS, Rozema E, Koebnick C.",JMIR Med Inform. 2020 Nov 9;8(11):e22689. doi: 10.2196/22689.,Luo G,JMIR Med Inform,2020,2020-11-09,PMC7683251,,10.2196/22689
32948606,A Reference Genome Sequence for Giant Sequoia,"Scott AD, Zimin AV, Puiu D, Workman R, Britton M, Zaman S, Caballero M, Read AC, Bogdanove AJ, Burns E, Wegrzyn J, Timp W, Salzberg SL, Neale DB.",G3 (Bethesda). 2020 Nov 5;10(11):3907-3919. doi: 10.1534/g3.120.401612.,Scott AD,G3 (Bethesda),2020,2020-09-19,PMC7642918,,10.1534/g3.120.401612
31732729,Isolation of Mycobacterium lepromatosis and Development of Molecular Diagnostic Assays to Distinguish Mycobacterium leprae and M. lepromatosis,"Sharma R, Singh P, McCoy RC, Lenz SM, Donovan K, Ochoa MT, Estrada-Garcia I, Silva-Miranda M, Jurado-Santa Cruz F, Balagon MF, Stryjewska B, Scollard DM, Pena MT, Lahiri R, Williams DL, Truman RW, Adams LB.",Clin Infect Dis. 2020 Nov 5;71(8):e262-e269. doi: 10.1093/cid/ciz1121.,Sharma R,Clin Infect Dis,2020,2019-11-17,PMC8189713,,10.1093/cid/ciz1121
32780721,Metabolic effects of air pollution exposure and reversibility,"Rajagopalan S, Park B, Palanivel R, Vinayachandran V, Deiuliis JA, Gangwar RS, Das L, Yin J, Choi Y, Al-Kindi S, Jain MK, Hansen KD, Biswal S.",J Clin Invest. 2020 Nov 2;130(11):6034-6040. doi: 10.1172/JCI137315.,Rajagopalan S,J Clin Invest,2020,2020-08-12,PMC7598058,,10.1172/JCI137315
33116245,Multi-ancestry fine mapping of interferon lambda and the outcome of acute hepatitis C virus infection,"Vergara C, Duggal P, Thio CL, Valencia A, O'Brien TR, Latanich R, Timp W, Johnson EO, Kral AH, Mangia A, Goedert JJ, Piazzola V, Mehta SH, Kirk GD, Peters MG, Donfield SM, Edlin BR, Busch MP, Alexander G, Murphy EL, Kim AY, Lauer GM, Chung RT, Cramp ME, Cox AL, Khakoo SI, Rosen HR, Alric L, Wheelan SJ, Wojcik GL, Thomas DL, Taub MA.",Genes Immun. 2020 Nov;21(5):348-359. doi: 10.1038/s41435-020-00115-3. Epub 2020 Oct 28.,Vergara C,Genes Immun,2020,2020-10-29,PMC7657970,NIHMS1550596,10.1038/s41435-020-00115-3
33091369,Cell-Cycle-Dependent ERK Signaling Dynamics Direct Fate Specification in the Mammalian Preimplantation Embryo,"Pokrass MJ, Ryan KA, Xin T, Pielstick B, Timp W, Greco V, Regot S.",Dev Cell. 2020 Nov 9;55(3):328-340.e5. doi: 10.1016/j.devcel.2020.09.013. Epub 2020 Oct 21.,Pokrass MJ,Dev Cell,2020,2020-10-22,PMC7658051,NIHMS1630786,10.1016/j.devcel.2020.09.013
33274053,TreeSummarizedExperiment: a S4 class for data with hierarchical structure,"Huang R, Soneson C, Ernst FGM, Rue-Albrecht KC, Yu G, Hicks SC, Robinson MD.",F1000Res. 2020 Oct 15;9:1246. doi: 10.12688/f1000research.26669.2. eCollection 2020.,Huang R,F1000Res,2020,2021-03-11,PMC7684683,,10.12688/f1000research.26669.2
33057201,"Inherited causes of clonal haematopoiesis in 97,691 whole genomes","Bick AG, Weinstock JS, Nandakumar SK, Fulco CP, Bao EL, Zekavat SM, Szeto MD, Liao X, Leventhal MJ, Nasser J, Chang K, Laurie C, Burugula BB, Gibson CJ, Lin AE, Taub MA, Aguet F, Ardlie K, Mitchell BD, Barnes KC, Moscati A, Fornage M, Redline S, Psaty BM, Silverman EK, Weiss ST, Palmer ND, Vasan RS, Burchard EG, Kardia SLR, He J, Kaplan RC, Smith NL, Arnett DK, Schwartz DA, Correa A, de Andrade M, Guo X, Konkle BA, Custer B, Peralta JM, Gui H, Meyers DA, McGarvey ST, Chen IY, Shoemaker MB, Peyser PA, Broome JG, Gogarten SM, Wang FF, Wong Q, Montasser ME, Daya M, Kenny EE, North KE, Launer LJ, Cade BE, Bis JC, Cho MH, Lasky-Su J, Bowden DW, Cupples LA, Mak ACY, Becker LC, Smith JA, Kelly TN, Aslibekyan S, Heckbert SR, Tiwari HK, Yang IV, Heit JA, Lubitz SA, Johnsen JM, Curran JE, Wenzel SE, Weeks DE, Rao DC, Darbar D, Moon JY, Tracy RP, Buth EJ, Rafaels N, Loos RJF, Durda P, Liu Y, Hou L, Lee J, Kachroo P, Freedman BI, Levy D, Bielak LF, Hixson JE, Floyd JS, Whitsel EA, Ellinor PT, Irvin MR, Fingerlin TE, Raffield LM, Armasu SM, Wheeler MM, et al.",Nature. 2020 Oct;586(7831):763-768. doi: 10.1038/s41586-020-2819-2. Epub 2020 Oct 14.,Bick AG,Nature,2020,2020-10-15,PMC7944936,NIHMS1609346,10.1038/s41586-020-2819-2
33046083,Postpartum plasma metabolomic profile among women with preeclampsia and preterm delivery: implications for long-term health,"Hong X, Zhang B, Liang L, Zhang Y, Ji Y, Wang G, Ji H, Clish CB, Burd I, Pearson C, Zuckerman B, Hu FB, Wang X.",BMC Med. 2020 Oct 13;18(1):277. doi: 10.1186/s12916-020-01741-4.,Hong X,BMC Med,2020,2020-10-13,PMC7552364,,10.1186/s12916-020-01741-4
32935120,Metabolic programs define dysfunctional immune responses in severe COVID-19 patients,"Thompson EA, Cascino K, Ordonez AA, Zhou W, Vaghasia A, Hamacher-Brady A, Brady NR, Sun IH, Wang R, Rosenberg AZ, Delannoy M, Rothman R, Fenstermacher K, Sauer L, Shaw-Saliba K, Bloch EM, Redd AD, Tobian AA, Horton M, Smith K, Pekosz A, D'Alessio FR, Yegnasubramanian S, Ji H, Cox AL, Powell JD.",medRxiv [Preprint]. 2020 Oct 5:2020.09.10.20186064. doi: 10.1101/2020.09.10.20186064.,Thompson EA,medRxiv,2020,2020-09-16,PMC7491535,,10.1101/2020.09.10.20186064
32819971,Identification of Essential Genes and Fluconazole Susceptibility Genes in Candida glabrata by Profiling Hermes Transposon Insertions,"Gale AN, Sakhawala RM, Levitan A, Sharan R, Berman J, Timp W, Cunningham KW.",G3 (Bethesda). 2020 Oct 5;10(10):3859-3870. doi: 10.1534/g3.120.401595.,Gale AN,G3 (Bethesda),2020,2020-08-22,PMC7534453,,10.1534/g3.120.401595
33020681,"Interpreting, analysing and modelling COVID-19 mortality data","Sornette D, Mearns E, Schatz M, Wu K, Darcet D.",Nonlinear Dyn. 2020;101(3):1751-1776. doi: 10.1007/s11071-020-05966-z. Epub 2020 Oct 1.,Sornette D,Nonlinear Dyn,2020,2020-10-06,PMC7527427,,10.1007/s11071-020-05966-z
32988399,Mitochondrial DNA copy number can influence mortality and cardiovascular disease via methylation of nuclear DNA CpGs,"Castellani CA, Longchamps RJ, Sumpter JA, Newcomb CE, Lane JA, Grove ML, Bressler J, Brody JA, Floyd JS, Bartz TM, Taylor KD, Wang P, Tin A, Coresh J, Pankow JS, Fornage M, Guallar E, O'Rourke B, Pankratz N, Liu C, Levy D, Sotoodehnia N, Boerwinkle E, Arking DE.",Genome Med. 2020 Sep 28;12(1):84. doi: 10.1186/s13073-020-00778-7.,Castellani CA,Genome Med,2020,2020-09-29,PMC7523322,,10.1186/s13073-020-00778-7
32963235,A diploid assembly-based benchmark for variants in the major histocompatibility complex,"Chin CS, Wagner J, Zeng Q, Garrison E, Garg S, Fungtammasan A, Rautiainen M, Aganezov S, Kirsche M, Zarate S, Schatz MC, Xiao C, Rowell WJ, Markello C, Farek J, Sedlazeck FJ, Bansal V, Yoo B, Miller N, Zhou X, Carroll A, Barrio AM, Salit M, Marschall T, Dilthey AT, Zook JM.",Nat Commun. 2020 Sep 22;11(1):4794. doi: 10.1038/s41467-020-18564-9.,Chin CS,Nat Commun,2020,2020-09-23,PMC7508831,,10.1038/s41467-020-18564-9
33021160,Outcome by Sex in Patients With Long QT Syndrome With an Implantable Cardioverter Defibrillator,"Younis A, Aktas MK, Rosero S, Kutyifa V, Polonsky B, McNitt S, Sotoodehnia N, Kudenchuk P, Rea TD, Arking DE, Goldenberg I, Zareba W.",J Am Heart Assoc. 2020 Oct 20;9(19):e016398. doi: 10.1161/JAHA.120.016398. Epub 2020 Sep 21.,Younis A,J Am Heart Assoc,2020,2020-10-06,PMC7792399,,10.1161/JAHA.120.016398
32995774,Rapid detection of inter-clade recombination in SARS-CoV-2 with Bolotie,"Varabyou A, Pockrandt C, Salzberg SL, Pertea M.",bioRxiv [Preprint]. 2020 Sep 21:2020.09.21.300913. doi: 10.1101/2020.09.21.300913.,Varabyou A,bioRxiv,2020,2020-09-30,PMC7523100,,10.1101/2020.09.21.300913
32841220,Chamber-specific transcriptional responses in atrial fibrillation,"Lipovsky CE, Jimenez J, Guo Q, Li G, Yin T, Hicks SC, Bhatnagar S, Takahashi K, Zhang DM, Brumback BD, Goldsztejn U, Nadadur RD, Perez-Cervantez C, Moskowitz IP, Liu S, Zhang B, Rentschler SL.",JCI Insight. 2020 Sep 17;5(18):e135319. doi: 10.1172/jci.insight.135319.,Lipovsky CE,JCI Insight,2020,2020-08-26,PMC7526559,,10.1172/jci.insight.135319
33274050,"The genome of the American groundhog, Marmota monax","Puiu D, Zimin A, Shumate A, Ge Y, Qiu J, Bhaskaran M, Salzberg SL.",F1000Res. 2020 Sep 16;9:1137. doi: 10.12688/f1000research.25970.1. eCollection 2020.,Puiu D,F1000Res,2020,2020-12-04,PMC7682491,,10.12688/f1000research.25970.1
32933497,Mitochondrial DNA copy number and incident atrial fibrillation,"Zhao D, Bartz TM, Sotoodehnia N, Post WS, Heckbert SR, Alonso A, Longchamps RJ, Castellani CA, Hong YS, Rotter JI, Lin HJ, O'Rourke B, Pankratz N, Lane JA, Yang SY, Guallar E, Arking DE.",BMC Med. 2020 Sep 16;18(1):246. doi: 10.1186/s12916-020-01715-6.,Zhao D,BMC Med,2020,2020-09-16,PMC7493408,,10.1186/s12916-020-01715-6
32929226,Single-cell transcriptomics in cancer: computational challenges and opportunities,"Fan J, Slowikowski K, Zhang F.",Exp Mol Med. 2020 Sep;52(9):1452-1465. doi: 10.1038/s12276-020-0422-0. Epub 2020 Sep 15.,Fan J,Exp Mol Med,2020,2020-09-15,PMC8080633,,10.1038/s12276-020-0422-0
32913072,The impact of sex on gene expression across human tissues,"Oliva M, Muñoz-Aguirre M, Kim-Hellmuth S, Wucher V, Gewirtz ADH, Cotter DJ, Parsana P, Kasela S, Balliu B, Viñuela A, Castel SE, Mohammadi P, Aguet F, Zou Y, Khramtsova EA, Skol AD, Garrido-Martín D, Reverter F, Brown A, Evans P, Gamazon ER, Payne A, Bonazzola R, Barbeira AN, Hamel AR, Martinez-Perez A, Soria JM; GTEx Consortium; Pierce BL, Stephens M, Eskin E, Dermitzakis ET, Segrè AV, Im HK, Engelhardt BE, Ardlie KG, Montgomery SB, Battle AJ, Lappalainen T, Guigó R, Stranger BE.",Science. 2020 Sep 11;369(6509):eaba3066. doi: 10.1126/science.aba3066.,Oliva M,Science,2020,2020-09-11,PMC8136152,NIHMS1687191,10.1126/science.aba3066
32912314,sn-spMF: matrix factorization informs tissue-specific genetic regulation of gene expression,"He Y, Chhetri SB, Arvanitis M, Srinivasan K, Aguet F, Ardlie KG, Barbeira AN, Bonazzola R, Im HK; GTEx Consortium; Brown CD, Battle A.",Genome Biol. 2020 Sep 11;21(1):235. doi: 10.1186/s13059-020-02129-6.,He Y,Genome Biol,2020,2020-09-11,PMC7488540,,10.1186/s13059-020-02129-6
32913073,Transcriptomic signatures across human tissues identify functional rare genetic variation,"Ferraro NM, Strober BJ, Einson J, Abell NS, Aguet F, Barbeira AN, Brandt M, Bucan M, Castel SE, Davis JR, Greenwald E, Hess GT, Hilliard AT, Kember RL, Kotis B, Park Y, Peloso G, Ramdas S, Scott AJ, Smail C, Tsang EK, Zekavat SM, Ziosi M, Aradhana; TOPMed Lipids Working Group; Ardlie KG, Assimes TL, Bassik MC, Brown CD, Correa A, Hall I, Im HK, Li X, Natarajan P; GTEx Consortium; Lappalainen T, Mohammadi P, Montgomery SB, Battle A.",Science. 2020 Sep 11;369(6509):eaaz5900. doi: 10.1126/science.aaz5900. Epub 2020 Sep 10.,Ferraro NM,Science,2020,2020-09-11,PMC7646251,NIHMS1640089,10.1126/science.aaz5900
32894098,Bayesian copy number detection and association in large-scale studies,"Cristiano S, McKean D, Carey J, Bracci P, Brennan P, Chou M, Du M, Gallinger S, Goggins MG, Hassan MM, Hung RJ, Kurtz RC, Li D, Lu L, Neale R, Olson S, Petersen G, Rabe KG, Fu J, Risch H, Rosner GL, Ruczinski I, Klein AP, Scharpf RB.",BMC Cancer. 2020 Sep 7;20(1):856. doi: 10.1186/s12885-020-07304-3.,Cristiano S,BMC Cancer,2020,2020-09-07,PMC7487704,,10.1186/s12885-020-07304-3
32645139,Cancer cells educate natural killer cells to a metastasis-promoting cell state,"Chan IS, Knútsdóttir H, Ramakrishnan G, Padmanaban V, Warrier M, Ramirez JC, Dunworth M, Zhang H, Jaffee EM, Bader JS, Ewald AJ.",J Cell Biol. 2020 Sep 7;219(9):e202001134. doi: 10.1083/jcb.202001134.,Chan IS,J Cell Biol,2020,2020-07-10,PMC7480097,,10.1083/jcb.202001134
32887686,Comprehensive analysis of structural variants in breast cancer genomes using single-molecule sequencing,"Aganezov S, Goodwin S, Sherman RM, Sedlazeck FJ, Arun G, Bhatia S, Lee I, Kirsche M, Wappel R, Kramer M, Kostroff K, Spector DL, Timp W, McCombie WR, Schatz MC.",Genome Res. 2020 Sep;30(9):1258-1273. doi: 10.1101/gr.260497.119. Epub 2020 Sep 4.,Aganezov S,Genome Res,2020,2020-09-05,PMC7545150,,10.1101/gr.260497.119
32908275,Minimum information about clinical artificial intelligence modeling: the MI-CLAIM checklist,"Norgeot B, Quer G, Beaulieu-Jones BK, Torkamani A, Dias R, Gianfrancesco M, Arnaout R, Kohane IS, Saria S, Topol E, Obermeyer Z, Yu B, Butte AJ.",Nat Med. 2020 Sep;26(9):1320-1324. doi: 10.1038/s41591-020-1041-y.,Norgeot B,Nat Med,2020,2020-09-10,PMC7538196,NIHMS1632780,10.1038/s41591-020-1041-y
32811988,Publisher Correction: The tuatara genome reveals ancient features of amniote evolution,"Gemmell NJ, Rutherford K, Prost S, Tollis M, Winter D, Macey JR, Adelson DL, Suh A, Bertozzi T, Grau JH, Organ C, Gardner PP, Muffato M, Patricio M, Billis K, Martin FJ, Flicek P, Petersen B, Kang L, Michalak P, Buckley TR, Wilson M, Cheng Y, Miller H, Schott RK, Jordan MD, Newcomb RD, Arroyo JI, Valenzuela N, Hore TA, Renart J, Peona V, Peart CR, Warmuth VM, Zeng L, Kortschak RD, Raison JM, Zapata VV, Wu Z, Santesmasses D, Mariotti M, Guigó R, Rupp SM, Twort VG, Dussex N, Taylor H, Abe H, Bond DM, Paterson JM, Mulcahy DG, Gonzalez VL, Barbieri CG, DeMeo DP, Pabinger S, Van Stijn T, Clarke S, Ryder O, Edwards SV, Salzberg SL, Anderson L, Nelson N, Stone C; Ngatiwai Trust Board.",Nature. 2020 Sep;585(7823):E3. doi: 10.1038/s41586-020-2661-6.,Gemmell NJ,Nature,2020,2020-08-20,PMC7962574,,10.1038/s41586-020-2661-6
32859275,Ultrafast and accurate 16S rRNA microbial community analysis using Kraken 2,"Lu J, Salzberg SL.",Microbiome. 2020 Aug 28;8(1):124. doi: 10.1186/s40168-020-00900-2.,Lu J,Microbiome,2020,2020-08-30,PMC7455996,,10.1186/s40168-020-00900-2
32854757,A systematic evaluation of single-cell RNA-sequencing imputation methods,"Hou W, Ji Z, Ji H, Hicks SC.",Genome Biol. 2020 Aug 27;21(1):218. doi: 10.1186/s13059-020-02132-x.,Hou W,Genome Biol,2020,2020-08-29,PMC7450705,,10.1186/s13059-020-02132-x
32831138,GBAT: a gene-based association test for robust detection of trans-gene regulation,"Liu X, Mefford JA, Dahl A, He Y, Subramaniam M, Battle A, Price AL, Zaitlen N.",Genome Biol. 2020 Aug 24;21(1):211. doi: 10.1186/s13059-020-02120-1.,Liu X,Genome Biol,2020,2020-08-25,PMC7444084,,10.1186/s13059-020-02120-1
32817965,Genomic Diversity of SARS-CoV-2 During Early Introduction into the United States National Capital Region,"Thielen PM, Wohl S, Mehoke T, Ramakrishnan S, Kirsche M, Falade-Nwulia O, Trovão NS, Ernlund A, Howser C, Sadowski N, Morris P, Hopkins M, Schwartz M, Fan Y, Gniazdowski V, Lessler J, Sauer L, Schatz MC, Evans JD, Ray SC, Timp W, Mostafa HH.",medRxiv [Preprint]. 2020 Aug 23:2020.08.13.20174136. doi: 10.1101/2020.08.13.20174136.,Thielen PM,medRxiv,2020,2020-08-21,PMC7430609,,10.1101/2020.08.13.20174136
32822252,Genetic Determinants of Electrocardiographic P-Wave Duration and Relation to Atrial Fibrillation,"Weng LC, Hall AW, Choi SH, Jurgens SJ, Haessler J, Bihlmeyer NA, Grarup N, Lin H, Teumer A, Li-Gao R, Yao J, Guo X, Brody JA, Müller-Nurasyid M, Schramm K, Verweij N, van den Berg ME, van Setten J, Isaacs A, Ramírez J, Warren HR, Padmanabhan S, Kors JA, de Boer RA, van der Meer P, Sinner MF, Waldenberger M, Psaty BM, Taylor KD, Völker U, Kanters JK, Li M, Alonso A, Perez MV, Vaartjes I, Bots ML, Huang PL, Heckbert SR, Lin HJ, Kornej J, Munroe PB, van Duijn CM, Asselbergs FW, Stricker BH, van der Harst P, Kääb S, Peters A, Sotoodehnia N, Rotter JI, Mook-Kanamori DO, Dörr M, Felix SB, Linneberg A, Hansen T, Arking DE, Kooperberg C, Benjamin EJ, Lunetta KL, Ellinor PT, Lubitz SA.",Circ Genom Precis Med. 2020 Oct;13(5):387-395. doi: 10.1161/CIRCGEN.119.002874. Epub 2020 Aug 21.,Weng LC,Circ Genom Precis Med,2020,2020-08-22,PMC7578098,NIHMS1625766,10.1161/CIRCGEN.119.002874
32851160,Altered 3D chromatin structure permits inversional recombination at the IgH locus,"Qiu X, Ma F, Zhao M, Cao Y, Shipp L, Liu A, Dutta A, Singh A, Braikia FZ, De S, Wood WH 3rd, Becker KG, Zhou W, Ji H, Zhao K, Atchison ML, Sen R.",Sci Adv. 2020 Aug 14;6(33):eaaz8850. doi: 10.1126/sciadv.aaz8850. eCollection 2020 Aug.,Qiu X,Sci Adv,2020,2020-08-28,PMC7428332,,10.1126/sciadv.aaz8850
32800095,Promoter CpG Density Predicts Downstream Gene Loss-of-Function Intolerance,"Boukas L, Bjornsson HT, Hansen KD.",Am J Hum Genet. 2020 Sep 3;107(3):487-498. doi: 10.1016/j.ajhg.2020.07.014. Epub 2020 Aug 14.,Boukas L,Am J Hum Genet,2020,2020-08-18,PMC7477270,,10.1016/j.ajhg.2020.07.014
32796935,Genomic characterization of malignant progression in neoplastic pancreatic cysts,"Noë M, Niknafs N, Fischer CG, Hackeng WM, Beleva Guthrie V, Hosoda W, Debeljak M, Papp E, Adleff V, White JR, Luchini C, Pea A, Scarpa A, Butturini G, Zamboni G, Castelli P, Hong SM, Yachida S, Hiraoka N, Gill AJ, Samra JS, Offerhaus GJA, Hoorens A, Verheij J, Jansen C, Adsay NV, Jiang W, Winter J, Albores-Saavedra J, Terris B, Thompson ED, Roberts NJ, Hruban RH, Karchin R, Scharpf RB, Brosens LAA, Velculescu VE, Wood LD.",Nat Commun. 2020 Aug 14;11(1):4085. doi: 10.1038/s41467-020-17917-8.,Noë M,Nat Commun,2020,2020-08-16,PMC7428044,,10.1038/s41467-020-17917-8
32796007,Chromosome-Scale Assembly of the Bread Wheat Genome Reveals Thousands of Additional Gene Copies,"Alonge M, Shumate A, Puiu D, Zimin AV, Salzberg SL.",Genetics. 2020 Oct;216(2):599-608. doi: 10.1534/genetics.120.303501. Epub 2020 Aug 12.,Alonge M,Genetics,2020,2020-08-16,PMC7536849,,10.1534/genetics.120.303501
32760000,The tuatara genome reveals ancient features of amniote evolution,"Gemmell NJ, Rutherford K, Prost S, Tollis M, Winter D, Macey JR, Adelson DL, Suh A, Bertozzi T, Grau JH, Organ C, Gardner PP, Muffato M, Patricio M, Billis K, Martin FJ, Flicek P, Petersen B, Kang L, Michalak P, Buckley TR, Wilson M, Cheng Y, Miller H, Schott RK, Jordan MD, Newcomb RD, Arroyo JI, Valenzuela N, Hore TA, Renart J, Peona V, Peart CR, Warmuth VM, Zeng L, Kortschak RD, Raison JM, Zapata VV, Wu Z, Santesmasses D, Mariotti M, Guigó R, Rupp SM, Twort VG, Dussex N, Taylor H, Abe H, Bond DM, Paterson JM, Mulcahy DG, Gonzalez VL, Barbieri CG, DeMeo DP, Pabinger S, Van Stijn T, Clarke S, Ryder O, Edwards SV, Salzberg SL, Anderson L, Nelson N, Stone C; Ngatiwai Trust Board.",Nature. 2020 Aug;584(7821):403-409. doi: 10.1038/s41586-020-2561-9. Epub 2020 Aug 5.,Gemmell NJ,Nature,2020,2020-08-08,PMC7116210,EMS96520,10.1038/s41586-020-2561-9
32801120,Mitochondrial DNA copy number and diabetes: the Atherosclerosis Risk in Communities (ARIC) study,"DeBarmore B, Longchamps RJ, Zhang Y, Kalyani RR, Guallar E, Arking DE, Selvin E, Young JH.",BMJ Open Diabetes Res Care. 2020 Aug;8(1):e001204. doi: 10.1136/bmjdrc-2020-001204.,DeBarmore B,BMJ Open Diabetes Res Care,2020,2020-08-18,PMC7430458,,10.1136/bmjdrc-2020-001204
32654344,Genomic basis of white pine blister rust quantitative disease resistance and its relationship with qualitative resistance,"Weiss M, Sniezko RA, Puiu D, Crepeau MW, Stevens K, Salzberg SL, Langley CH, Neale DB, De La Torre AR.",Plant J. 2020 Oct;104(2):365-376. doi: 10.1111/tpj.14928. Epub 2020 Jul 28.,Weiss M,Plant J,2020,2020-07-13,PMC10773528,NIHMS1928533,10.1111/tpj.14928
32709856,Combining PARP with ATR inhibition overcomes PARP inhibitor and platinum resistance in ovarian cancer models,"Kim H, Xu H, George E, Hallberg D, Kumar S, Jagannathan V, Medvedev S, Kinose Y, Devins K, Verma P, Ly K, Wang Y, Greenberg RA, Schwartz L, Johnson N, Scharpf RB, Mills GB, Zhang R, Velculescu VE, Brown EJ, Simpkins F.",Nat Commun. 2020 Jul 24;11(1):3726. doi: 10.1038/s41467-020-17127-2.,Kim H,Nat Commun,2020,2020-07-26,PMC7381609,,10.1038/s41467-020-17127-2
32698904,Author Correction: Feature selection and dimension reduction for single-cell RNA-Seq based on a multinomial model,"Townes FW, Hicks SC, Aryee MJ, Irizarry RA.",Genome Biol. 2020 Jul 22;21(1):179. doi: 10.1186/s13059-020-02109-w.,Townes FW,Genome Biol,2020,2020-07-24,PMC7374840,,10.1186/s13059-020-02109-w
32436959,Analysis of putative cis-regulatory elements regulating blood pressure variation,"Nandakumar P, Lee D, Hoffmann TJ, Ehret GB, Arking D, Ranatunga D, Li M, Grove ML, Boerwinkle E, Schaefer C, Kwok PY, Iribarren C, Risch N, Chakravarti A.",Hum Mol Genet. 2020 Jul 21;29(11):1922-1932. doi: 10.1093/hmg/ddaa098.,Nandakumar P,Hum Mol Genet,2020,2020-05-22,PMC7372556,,10.1093/hmg/ddaa098
32702832,Value of ultrasonography in the diagnosis of carpal tunnel syndrome-a new ultrasonographic index in carpal tunnel syndrome diagnosis: A clinical study,"Perţea M, Ursu S, Veliceasa B, Grosu OM, Velenciuc N, Luncă S.",Medicine (Baltimore). 2020 Jul 17;99(29):e20903. doi: 10.1097/MD.0000000000020903.,Perţea M,Medicine (Baltimore),2020,2020-07-25,PMC7373559,,10.1097/MD.0000000000020903
32663838,Telomere-to-telomere assembly of a complete human X chromosome,"Miga KH, Koren S, Rhie A, Vollger MR, Gershman A, Bzikadze A, Brooks S, Howe E, Porubsky D, Logsdon GA, Schneider VA, Potapova T, Wood J, Chow W, Armstrong J, Fredrickson J, Pak E, Tigyi K, Kremitzki M, Markovic C, Maduro V, Dutra A, Bouffard GG, Chang AM, Hansen NF, Wilfert AB, Thibaud-Nissen F, Schmitt AD, Belton JM, Selvaraj S, Dennis MY, Soto DC, Sahasrabudhe R, Kaya G, Quick J, Loman NJ, Holmes N, Loose M, Surti U, Risques RA, Graves Lindsay TA, Fulton R, Hall I, Paten B, Howe K, Timp W, Young A, Mullikin JC, Pevzner PA, Gerton JL, Sullivan BA, Eichler EE, Phillippy AM.",Nature. 2020 Sep;585(7823):79-84. doi: 10.1038/s41586-020-2547-7. Epub 2020 Jul 14.,Miga KH,Nature,2020,2020-07-15,PMC7484160,NIHMS1599394,10.1038/s41586-020-2547-7
32641298,Single-cell analysis of human embryos reveals diverse patterns of aneuploidy and mosaicism,"Starostik MR, Sosina OA, McCoy RC.",Genome Res. 2020 Jun;30(6):814-825. doi: 10.1101/gr.262774.120. Epub 2020 Jul 8.,Starostik MR,Genome Res,2020,2020-07-10,PMC7370883,,10.1101/gr.262774.120
32620137,Single-cell ATAC-seq signal extraction and enhancement with SCATE,"Ji Z, Zhou W, Hou W, Ji H.",Genome Biol. 2020 Jul 3;21(1):161. doi: 10.1186/s13059-020-02075-3.,Ji Z,Genome Biol,2020,2020-07-05,PMC7333383,,10.1186/s13059-020-02075-3
32602732,Multi-Ethnic Genome-Wide Association Study of Decomposed Cardioelectric Phenotypes Illustrates Strategies to Identify and Characterize Evidence of Shared Genetic Effects for Complex Traits,"Baldassari AR, Sitlani CM, Highland HM, Arking DE, Buyske S, Darbar D, Gondalia R, Graff M, Guo X, Heckbert SR, Hindorff LA, Hodonsky CJ, Ida Chen YD, Kaplan RC, Peters U, Post W, Reiner AP, Rotter JI, Shohet RV, Seyerle AA, Sotoodehnia N, Tao R, Taylor KD, Wojcik GL, Yao J, Kenny EE, Lin HJ, Soliman EZ, Whitsel EA, North KE, Kooperberg C, Avery CL.",Circ Genom Precis Med. 2020 Aug;13(4):e002680. doi: 10.1161/CIRCGEN.119.002680. Epub 2020 Jun 30.,Baldassari AR,Circ Genom Precis Med,2020,2020-07-01,PMC7520945,NIHMS1612182,10.1161/CIRCGEN.119.002680
32615344,Archaic hominin genomics provides a window into gene expression evolution,"Yan SM, McCoy RC.",Curr Opin Genet Dev. 2020 Jun;62:44-49. doi: 10.1016/j.gde.2020.05.014. Epub 2020 Jun 29.,Yan SM,Curr Opin Genet Dev,2020,2020-07-03,PMC7483639,NIHMS1608227,10.1016/j.gde.2020.05.014
32597754,A non-mosaic transchromosomic mouse model of down syndrome carrying the long arm of human chromosome 21,"Kazuki Y, Gao FJ, Li Y, Moyer AJ, Devenney B, Hiramatsu K, Miyagawa-Tomita S, Abe S, Kazuki K, Kajitani N, Uno N, Takehara S, Takiguchi M, Yamakawa M, Hasegawa A, Shimizu R, Matsukura S, Noda N, Ogonuki N, Inoue K, Matoba S, Ogura A, Florea LD, Savonenko A, Xiao M, Wu D, Batista DA, Yang J, Qiu Z, Singh N, Richtsmeier JT, Takeuchi T, Oshimura M, Reeves RH.",Elife. 2020 Jun 29;9:e56223. doi: 10.7554/eLife.56223.,Kazuki Y,Elife,2020,2020-06-30,PMC7358007,,10.7554/eLife.56223
32589667,The genome polishing tool POLCA makes fast and accurate corrections in genome assemblies,"Zimin AV, Salzberg SL.",PLoS Comput Biol. 2020 Jun 26;16(6):e1007981. doi: 10.1371/journal.pcbi.1007981. eCollection 2020 Jun.,Zimin AV,PLoS Comput Biol,2020,2020-06-27,PMC7347232,,10.1371/journal.pcbi.1007981
32574564,Genome-wide Enrichment of De Novo Coding Mutations in Orofacial Cleft Trios,"Bishop MR, Diaz Perez KK, Sun M, Ho S, Chopra P, Mukhopadhyay N, Hetmanski JB, Taub MA, Moreno-Uribe LM, Valencia-Ramirez LC, Restrepo Muñeton CP, Wehby G, Hecht JT, Deleyiannis F, Weinberg SM, Wu-Chou YH, Chen PK, Brand H, Epstein MP, Ruczinski I, Murray JC, Beaty TH, Feingold E, Lipinski RJ, Cutler DJ, Marazita ML, Leslie EJ.",Am J Hum Genet. 2020 Jul 2;107(1):124-136. doi: 10.1016/j.ajhg.2020.05.018. Epub 2020 Jun 22.,Bishop MR,Am J Hum Genet,2020,2020-06-24,PMC7332647,,10.1016/j.ajhg.2020.05.018
32553272,Major Impacts of Widespread Structural Variation on Gene Expression and Crop Improvement in Tomato,"Alonge M, Wang X, Benoit M, Soyk S, Pereira L, Zhang L, Suresh H, Ramakrishnan S, Maumus F, Ciren D, Levy Y, Harel TH, Shalev-Schlosser G, Amsellem Z, Razifard H, Caicedo AL, Tieman DM, Klee H, Kirsche M, Aganezov S, Ranallo-Benavidez TR, Lemmon ZH, Kim J, Robitaille G, Kramer M, Goodwin S, McCombie WR, Hutton S, Van Eck J, Gillis J, Eshed Y, Sedlazeck FJ, van der Knaap E, Schatz MC, Lippman ZB.",Cell. 2020 Jul 9;182(1):145-161.e23. doi: 10.1016/j.cell.2020.05.021. Epub 2020 Jun 17.,Alonge M,Cell,2020,2020-06-20,PMC7354227,NIHMS1595122,10.1016/j.cell.2020.05.021
32541955,A robust benchmark for detection of germline large deletions and insertions,"Zook JM, Hansen NF, Olson ND, Chapman L, Mullikin JC, Xiao C, Sherry S, Koren S, Phillippy AM, Boutros PC, Sahraeian SME, Huang V, Rouette A, Alexander N, Mason CE, Hajirasouliha I, Ricketts C, Lee J, Tearle R, Fiddes IT, Barrio AM, Wala J, Carroll A, Ghaffari N, Rodriguez OL, Bashir A, Jackman S, Farrell JJ, Wenger AM, Alkan C, Soylev A, Schatz MC, Garg S, Church G, Marschall T, Chen K, Fan X, English AC, Rosenfeld JA, Zhou W, Mills RE, Sage JM, Davis JR, Kaiser MD, Oliver JS, Catalano AP, Chaisson MJP, Spies N, Sedlazeck FJ, Salit M.",Nat Biotechnol. 2020 Nov;38(11):1347-1355. doi: 10.1038/s41587-020-0538-8. Epub 2020 Jun 15.,Zook JM,Nat Biotechnol,2020,2020-06-17,PMC8454654,NIHMS1589143,10.1038/s41587-020-0538-8
32544465,Thinking outside the nucleus: Mitochondrial DNA copy number in health and disease,"Castellani CA, Longchamps RJ, Sun J, Guallar E, Arking DE.",Mitochondrion. 2020 Jul;53:214-223. doi: 10.1016/j.mito.2020.06.004. Epub 2020 Jun 13.,Castellani CA,Mitochondrion,2020,2020-06-17,PMC7375936,NIHMS1607560,10.1016/j.mito.2020.06.004
32487205,Assembly and annotation of an Ashkenazi human reference genome,"Shumate A, Zimin AV, Sherman RM, Puiu D, Wagner JM, Olson ND, Pertea M, Salit ML, Zook JM, Salzberg SL.",Genome Biol. 2020 Jun 2;21(1):129. doi: 10.1186/s13059-020-02047-7.,Shumate A,Genome Biol,2020,2020-06-04,PMC7265644,,10.1186/s13059-020-02047-7
32479199,Mitochondrial DNA Copy Number and Incident Heart Failure: The Atherosclerosis Risk in Communities (ARIC) Study,"Hong YS, Longchamps RJ, Zhao D, Castellani CA, Loehr LR, Chang PP, Matsushita K, Grove ML, Boerwinkle E, Arking DE, Guallar E.",Circulation. 2020 Jun 2;141(22):1823-1825. doi: 10.1161/CIRCULATIONAHA.120.046001. Epub 2020 Jun 1.,Hong YS,Circulation,2020,2020-06-02,PMC7295435,NIHMS1588563,10.1161/CIRCULATIONAHA.120.046001
32364535,Genomic and epigenomic EBF1 alterations modulate TERT expression in gastric cancer,"Xing M, Ooi WF, Tan J, Qamra A, Lee PH, Li Z, Xu C, Padmanabhan N, Lim JQ, Guo YA, Yao X, Amit M, Ng LM, Sheng T, Wang J, Huang KK, Anene-Nzelu CG, Ho SWT, Ray M, Ma L, Fazzi G, Lim KJ, Wijaya GC, Zhang S, Nandi T, Yan T, Chang MM, Das K, Isa ZFA, Wu J, Poon PSY, Lam YN, Lin JS, Tay ST, Lee MH, Tan ALK, Ong X, White K, Rozen SG, Beer M, Foo RSY, Grabsch HI, Skanderup AJ, Li S, Teh BT, Tan P.",J Clin Invest. 2020 Jun 1;130(6):3005-3020. doi: 10.1172/JCI126726.,Xing M,J Clin Invest,2020,2020-05-05,PMC7260007,,10.1172/JCI126726
32321164,Vargas: heuristic-free alignment for assessing linear and graph read aligners,"Darby CA, Gaddipati R, Schatz MC, Langmead B.",Bioinformatics. 2020 Jun 1;36(12):3712-3718. doi: 10.1093/bioinformatics/btaa265.,Darby CA,Bioinformatics,2020,2020-04-23,PMC7320598,,10.1093/bioinformatics/btaa265
32271185,The Association Between Neighborhood Socioeconomic Disadvantage and Readmissions for Patients Hospitalized With Sepsis,"Galiatsatos P, Follin A, Alghanim F, Sherry M, Sylvester C, Daniel Y, Chanmugam A, Townsend J, Saria S, Kind AJ, Chen E.",Crit Care Med. 2020 Jun;48(6):808-814. doi: 10.1097/CCM.0000000000004307.,Galiatsatos P,Crit Care Med,2020,2020-04-10,PMC7391606,NIHMS1612690,10.1097/CCM.0000000000004307
32443951,Enhancer Predictions and Genome-Wide Regulatory Circuits,"Beer MA, Shigaki D, Huangfu D.",Annu Rev Genomics Hum Genet. 2020 Aug 31;21:37-54. doi: 10.1146/annurev-genom-121719-010946. Epub 2020 May 22.,Beer MA,Annu Rev Genomics Hum Genet,2020,2020-05-24,PMC7644210,NIHMS1640113,10.1146/annurev-genom-121719-010946
32439900,Multi-ancestry GWAS of the electrocardiographic PR interval identifies 202 loci underlying cardiac conduction,"Ntalla I, Weng LC, Cartwright JH, Hall AW, Sveinbjornsson G, Tucker NR, Choi SH, Chaffin MD, Roselli C, Barnes MR, Mifsud B, Warren HR, Hayward C, Marten J, Cranley JJ, Concas MP, Gasparini P, Boutin T, Kolcic I, Polasek O, Rudan I, Araujo NM, Lima-Costa MF, Ribeiro ALP, Souza RP, Tarazona-Santos E, Giedraitis V, Ingelsson E, Mahajan A, Morris AP, Del Greco M F, Foco L, Gögele M, Hicks AA, Cook JP, Lind L, Lindgren CM, Sundström J, Nelson CP, Riaz MB, Samani NJ, Sinagra G, Ulivi S, Kähönen M, Mishra PP, Mononen N, Nikus K, Caulfield MJ, Dominiczak A, Padmanabhan S, Montasser ME, O'Connell JR, Ryan K, Shuldiner AR, Aeschbacher S, Conen D, Risch L, Thériault S, Hutri-Kähönen N, Lehtimäki T, Lyytikäinen LP, Raitakari OT, Barnes CLK, Campbell H, Joshi PK, Wilson JF, Isaacs A, Kors JA, van Duijn CM, Huang PL, Gudnason V, Harris TB, Launer LJ, Smith AV, Bottinger EP, Loos RJF, Nadkarni GN, Preuss MH, Correa A, Mei H, Wilson J, Meitinger T, Müller-Nurasyid M, Peters A, Waldenberger M, Mangino M, Spector TD, Rienstra M, van de Vegte YJ, van der Harst P, Verweij N, Kääb S, Schramm K, Sinner MF, Strauch K, Cutler MJ, Fatkin D, London B, Olesen M, Roden DM, et al.",Nat Commun. 2020 May 21;11(1):2542. doi: 10.1038/s41467-020-15706-x.,Ntalla I,Nat Commun,2020,2020-05-23,PMC7242331,,10.1038/s41467-020-15706-x
32404504,Single-cell transcriptional landscapes reveal HIV-1-driven aberrant host gene transcription as a potential therapeutic target,"Liu R, Yeh YJ, Varabyou A, Collora JA, Sherrill-Mix S, Talbot CC Jr, Mehta S, Albrecht K, Hao H, Zhang H, Pollack RA, Beg SA, Calvi RM, Hu J, Durand CM, Ambinder RF, Hoh R, Deeks SG, Chiarella J, Spudich S, Douek DC, Bushman FD, Pertea M, Ho YC.",Sci Transl Med. 2020 May 13;12(543):eaaz0802. doi: 10.1126/scitranslmed.aaz0802.,Liu R,Sci Transl Med,2020,2020-05-15,PMC7453882,NIHMS1598735,10.1126/scitranslmed.aaz0802
32398145,"Terminating contamination: large-scale search identifies more than 2,000,000 contaminated entries in GenBank","Steinegger M, Salzberg SL.",Genome Biol. 2020 May 12;21(1):115. doi: 10.1186/s13059-020-02023-1.,Steinegger M,Genome Biol,2020,2020-05-14,PMC7218494,,10.1186/s13059-020-02023-1
32442913,Genomic integrity of human induced pluripotent stem cells across nine studies in the NHLBI NextGen program,"Kanchan K, Iyer K, Yanek LR, Carcamo-Orive I, Taub MA, Malley C, Baldwin K, Becker LC, Broeckel U, Cheng L, Cowan C, D'Antonio M, Frazer KA, Quertermous T, Mostoslavsky G, Murphy G, Rabinovitch M, Rader DJ, Steinberg MH, Topol E, Yang W, Knowles JW, Jaquish CE, Ruczinski I, Mathias RA.",Stem Cell Res. 2020 Jul;46:101803. doi: 10.1016/j.scr.2020.101803. Epub 2020 May 6.,Kanchan K,Stem Cell Res,2020,2020-05-23,PMC7575060,NIHMS1633518,10.1016/j.scr.2020.101803
32228178,Characterization of Allele-Specific Regulation of Telomerase Reverse Transcriptase in Promoter Mutant Thyroid Cancer Cell Lines,"McKelvey BA, Gilpatrick T, Wang Y, Timp W, Umbricht CB, Zeiger MA.",Thyroid. 2020 Oct;30(10):1470-1481. doi: 10.1089/thy.2020.0055. Epub 2020 May 4.,McKelvey BA,Thyroid,2020,2020-04-02,PMC7583328,,10.1089/thy.2020.0055
32432329,High-quality chromosome-scale assembly of the walnut (Juglans regia L.) reference genome,"Marrano A, Britton M, Zaini PA, Zimin AV, Workman RE, Puiu D, Bianco L, Pierro EAD, Allen BJ, Chakraborty S, Troggio M, Leslie CA, Timp W, Dandekar A, Salzberg SL, Neale DB.",Gigascience. 2020 May 1;9(5):giaa050. doi: 10.1093/gigascience/giaa050.,Marrano A,Gigascience,2020,2020-05-21,PMC7238675,,10.1093/gigascience/giaa050
32141923,"Development and Reporting of Prediction Models: Guidance for Authors From Editors of Respiratory, Sleep, and Critical Care Journals","Leisman DE, Harhay MO, Lederer DJ, Abramson M, Adjei AA, Bakker J, Ballas ZK, Barreiro E, Bell SC, Bellomo R, Bernstein JA, Branson RD, Brusasco V, Chalmers JD, Chokroverty S, Citerio G, Collop NA, Cooke CR, Crapo JD, Donaldson G, Fitzgerald DA, Grainger E, Hale L, Herth FJ, Kochanek PM, Marks G, Moorman JR, Ost DE, Schatz M, Sheikh A, Smyth AR, Stewart I, Stewart PW, Swenson ER, Szymusiak R, Teboul JL, Vincent JL, Wedzicha JA, Maslove DM.",Crit Care Med. 2020 May;48(5):623-633. doi: 10.1097/CCM.0000000000004246.,Leisman DE,Crit Care Med,2020,2020-03-07,PMC7161722,,10.1097/CCM.0000000000004246
32091578,OrgDyn: feature- and model-based characterization of spatial and temporal organoid dynamics,"Hasnain Z, Fraser AK, Georgess D, Choi A, Macklin P, Bader JS, Peyton SR, Ewald AJ, Newton PK.",Bioinformatics. 2020 May 1;36(10):3292-3294. doi: 10.1093/bioinformatics/btaa096.,Hasnain Z,Bioinformatics,2020,2020-02-25,PMC7214016,,10.1093/bioinformatics/btaa096
32354350,In memory of James Taylor: the birth of Galaxy,"Nekrutenko A, Schatz MC.",Genome Biol. 2020 Apr 30;21(1):105. doi: 10.1186/s13059-020-02016-0.,Nekrutenko A,Genome Biol,2020,2020-05-02,PMC7193333,,10.1186/s13059-020-02016-0
32350135,Mathematical modeling of human oocyte aneuploidy,"Tyc KM, McCoy RC, Schindler K, Xing J.",Proc Natl Acad Sci U S A. 2020 May 12;117(19):10455-10464. doi: 10.1073/pnas.1912853117. Epub 2020 Apr 29.,Tyc KM,Proc Natl Acad Sci U S A,2020,2020-05-01,PMC7229693,,10.1073/pnas.1912853117
32489650,GFF Utilities: GffRead and GffCompare,"Pertea G, Pertea M.",F1000Res. 2020 Apr 28;9:ISCB Comm J-304. doi: 10.12688/f1000research.23297.2. eCollection 2020.,Pertea G,F1000Res,2020,2020-09-21,PMC7222033,,10.12688/f1000research.23297.2
32344187,Use of National Asthma Guidelines by Allergists and Pulmonologists: A National Survey,"Cloutier MM, Akinbami LJ, Salo PM, Schatz M, Simoneau T, Wilkerson JC, Diette G, Elward KS, Fuhlbrigge A, Mazurek JM, Feinstein L, Williams S, Zeldin DC.",J Allergy Clin Immunol Pract. 2020 Oct;8(9):3011-3020.e2. doi: 10.1016/j.jaip.2020.04.026. Epub 2020 Apr 25.,Cloutier MM,J Allergy Clin Immunol Pract,2020,2020-04-29,PMC7554121,NIHMS1587876,10.1016/j.jaip.2020.04.026
32321923,Consistent RNA sequencing contamination in GTEx and other data sets,"Nieuwenhuis TO, Yang SY, Verma RX, Pillalamarri V, Arking DE, Rosenberg AZ, McCall MN, Halushka MK.",Nat Commun. 2020 Apr 22;11(1):1933. doi: 10.1038/s41467-020-15821-9.,Nieuwenhuis TO,Nat Commun,2020,2020-04-24,PMC7176728,,10.1038/s41467-020-15821-9
32272283,JACI: In Practice Response to COVID-19 Pandemic,"Angel DM, Zeiger RS, Sicherer SH, Khan DA, Schatz M.",J Allergy Clin Immunol Pract. 2020 May;8(5):1475-1476. doi: 10.1016/j.jaip.2020.03.027. Epub 2020 Apr 6.,Angel DM,J Allergy Clin Immunol Pract,2020,2020-04-10,PMC7194788,,10.1016/j.jaip.2020.03.027
33544797,Idiopathic tenosynovitis with rice bodies,"Perţea M, Veliceasa B, Velenciuc N, Terinte C, Mitrea M, Ciobanu P, Alexa O, Luncă S.",Rom J Morphol Embryol. 2020 Apr-Jun;61(2):457-463. doi: 10.47162/RJME.61.2.15.,Perţea M,Rom J Morphol Embryol,2020,2021-02-05,PMC7864287,,10.47162/RJME.61.2.15
32296450,"Management, Analyses, and Distribution of the MaizeCODE Data on the Cloud","Wang L, Lu Z, delaBastide M, Van Buren P, Wang X, Ghiban C, Regulski M, Drenkow J, Xu X, Ortiz-Ramirez C, Marco CF, Goodwin S, Dobin A, Birnbaum KD, Jackson DP, Martienssen RA, McCombie WR, Micklos DA, Schatz MC, Ware DH, Gingeras TR.",Front Plant Sci. 2020 Mar 31;11:289. doi: 10.3389/fpls.2020.00289. eCollection 2020.,Wang L,Front Plant Sci,2020,2020-04-17,PMC7136414,,10.3389/fpls.2020.00289
32164487,Chromatin structure regulates cancer-specific alternative splicing events in primary HPV-related oropharyngeal squamous cell carcinoma,"Guo T, Zambo KDA, Zamuner FT, Ou T, Hopkins C, Kelley DZ, Wulf HA, Winkler E, Erbe R, Danilova L, Considine M, Sidransky D, Favorov A, Florea L, Fertig EJ, Gaykalova DA.",Epigenetics. 2020 Sep;15(9):959-971. doi: 10.1080/15592294.2020.1741757. Epub 2020 Mar 22.,Guo T,Epigenetics,2020,2020-03-14,PMC7518675,,10.1080/15592294.2020.1741757
32188846,GenomeScope 2.0 and Smudgeplot for reference-free profiling of polyploid genomes,"Ranallo-Benavidez TR, Jaron KS, Schatz MC.",Nat Commun. 2020 Mar 18;11(1):1432. doi: 10.1038/s41467-020-14998-3.,Ranallo-Benavidez TR,Nat Commun,2020,2020-03-20,PMC7080791,,10.1038/s41467-020-14998-3
32181686,Matching Reads to Many Genomes with the r-Index,"Mun T, Kuhnle A, Boucher C, Gagie T, Langmead B, Manzini G.",J Comput Biol. 2020 Apr;27(4):514-518. doi: 10.1089/cmb.2019.0316. Epub 2020 Mar 16.,Mun T,J Comput Biol,2020,2020-03-18,PMC7185317,,10.1089/cmb.2019.0316
32181684,Efficient Construction of a Complete Index for Pan-Genomics Read Alignment,"Kuhnle A, Mun T, Boucher C, Gagie T, Langmead B, Manzini G.",J Comput Biol. 2020 Apr;27(4):500-513. doi: 10.1089/cmb.2019.0309. Epub 2020 Mar 16.,Kuhnle A,J Comput Biol,2020,2020-03-18,PMC7185338,NIHMS1048258,10.1089/cmb.2019.0309
32169095,A framework for assessing 16S rRNA marker-gene survey data analysis methods using mixtures,"Olson ND, Kumar MS, Li S, Braccia DJ, Hao S, Timp W, Salit ML, Stine OC, Bravo HC.",Microbiome. 2020 Mar 13;8(1):35. doi: 10.1186/s40168-020-00812-1.,Olson ND,Microbiome,2020,2020-03-15,PMC7071580,,10.1186/s40168-020-00812-1
32228266,Integrated Informatics Analysis of Cancer-Related Variants,"Pagel KA, Kim R, Moad K, Busby B, Zheng L, Tokheim C, Ryan M, Karchin R.",JCO Clin Cancer Inform. 2020 Mar;4:310-317. doi: 10.1200/CCI.19.00132.,Pagel KA,JCO Clin Cancer Inform,2020,2020-04-02,PMC7113103,,10.1200/CCI.19.00132
32193226,"Asthma control is associated with economic outcomes, work productivity and health-related quality of life in patients with asthma","Lee LK, Ramakrishnan K, Safioti G, Ariely R, Schatz M.",BMJ Open Respir Res. 2020 Mar;7(1):e000534. doi: 10.1136/bmjresp-2019-000534.,Lee LK,BMJ Open Respir Res,2020,2020-03-21,PMC7101043,,10.1136/bmjresp-2019-000534
32191811,De novo assembly of the cattle reference genome with single-molecule sequencing,"Rosen BD, Bickhart DM, Schnabel RD, Koren S, Elsik CG, Tseng E, Rowan TN, Low WY, Zimin A, Couldrey C, Hall R, Li W, Rhie A, Ghurye J, McKay SD, Thibaud-Nissen F, Hoffman J, Murdoch BM, Snelling WM, McDaneld TG, Hammond JA, Schwartz JC, Nandolo W, Hagen DE, Dreischer C, Schultheiss SJ, Schroeder SG, Phillippy AM, Cole JB, Van Tassell CP, Liu G, Smith TPL, Medrano JF.",Gigascience. 2020 Mar 1;9(3):giaa021. doi: 10.1093/gigascience/giaa021.,Rosen BD,Gigascience,2020,2020-03-20,PMC7081964,,10.1093/gigascience/giaa021
32111823,Genome-wide association and multi-omic analyses reveal ACTN2 as a gene linked to heart failure,"Arvanitis M, Tampakakis E, Zhang Y, Wang W, Auton A; 23andMe Research Team; Dutta D, Glavaris S, Keramati A, Chatterjee N, Chi NC, Ren B, Post WS, Battle A.",Nat Commun. 2020 Feb 28;11(1):1122. doi: 10.1038/s41467-020-14843-7.,Arvanitis M,Nat Commun,2020,2020-03-01,PMC7048760,,10.1038/s41467-020-14843-7
32079618,Recounting the FANTOM CAGE-Associated Transcriptome,"Imada EL, Sanchez DF, Collado-Torres L, Wilks C, Matam T, Dinalankara W, Stupnikov A, Lobo-Pereira F, Yip CW, Yasuzawa K, Kondo N, Itoh M, Suzuki H, Kasukawa T, Hon CC, de Hoon MJL, Shin JW, Carninci P, Jaffe AE, Leek JT, Favorov A, Franco GR, Langmead B, Marchionni L.",Genome Res. 2020 Jul;30(7):1073-1081. doi: 10.1101/gr.254656.119. Epub 2020 Feb 20.,Imada EL,Genome Res,2020,2020-02-22,PMC7397872,,10.1101/gr.254656.119
32075918,Assessing aneuploidy with repetitive element sequencing,"Douville C, Cohen JD, Ptak J, Popoli M, Schaefer J, Silliman N, Dobbyn L, Schoen RE, Tie J, Gibbs P, Goggins M, Wolfgang CL, Wang TL, Shih IM, Karchin R, Lennon AM, Hruban RH, Tomasetti C, Bettegowda C, Kinzler KW, Papadopoulos N, Vogelstein B.",Proc Natl Acad Sci U S A. 2020 Mar 3;117(9):4858-4863. doi: 10.1073/pnas.1910041117. Epub 2020 Feb 19.,Douville C,Proc Natl Acad Sci U S A,2020,2020-02-21,PMC7060727,,10.1073/pnas.1910041117
31553437,Pavian: interactive analysis of metagenomics data for microbiome studies and pathogen identification,"Breitwieser FP, Salzberg SL.",Bioinformatics. 2020 Feb 15;36(4):1303-1304. doi: 10.1093/bioinformatics/btz715.,Breitwieser FP,Bioinformatics,2020,2019-09-26,PMC8215911,,10.1093/bioinformatics/btz715
32042167,Targeted nanopore sequencing with Cas9-guided adapter ligation,"Gilpatrick T, Lee I, Graham JE, Raimondeau E, Bowen R, Heron A, Downs B, Sukumar S, Sedlazeck FJ, Timp W.",Nat Biotechnol. 2020 Apr;38(4):433-438. doi: 10.1038/s41587-020-0407-5. Epub 2020 Feb 10.,Gilpatrick T,Nat Biotechnol,2020,2020-02-12,PMC7145730,NIHMS1548342,10.1038/s41587-020-0407-5
32042152,BRCA1 and S phase DNA repair pathways restrict LINE-1 retrotransposition in human cells,"Mita P, Sun X, Fenyö D, Kahler DJ, Li D, Agmon N, Wudzinska A, Keegan S, Bader JS, Yun C, Boeke JD.",Nat Struct Mol Biol. 2020 Feb;27(2):179-191. doi: 10.1038/s41594-020-0374-z. Epub 2020 Feb 10.,Mita P,Nat Struct Mol Biol,2020,2020-02-12,PMC7082080,NIHMS1547842,10.1038/s41594-020-0374-z
32034321,Pan-genomics in the human genome era,"Sherman RM, Salzberg SL.",Nat Rev Genet. 2020 Apr;21(4):243-254. doi: 10.1038/s41576-020-0210-7. Epub 2020 Feb 7.,Sherman RM,Nat Rev Genet,2020,2020-02-09,PMC7752153,NIHMS1654392,10.1038/s41576-020-0210-7
32033589,Eleven grand challenges in single-cell data science,"Lähnemann D, Köster J, Szczurek E, McCarthy DJ, Hicks SC, Robinson MD, Vallejos CA, Campbell KR, Beerenwinkel N, Mahfouz A, Pinello L, Skums P, Stamatakis A, Attolini CS, Aparicio S, Baaijens J, Balvert M, Barbanson B, Cappuccio A, Corleone G, Dutilh BE, Florescu M, Guryev V, Holmer R, Jahn K, Lobo TJ, Keizer EM, Khatri I, Kielbasa SM, Korbel JO, Kozlov AM, Kuo TH, Lelieveldt BPF, Mandoiu II, Marioni JC, Marschall T, Mölder F, Niknejad A, Rączkowska A, Reinders M, Ridder J, Saliba AE, Somarakis A, Stegle O, Theis FJ, Yang H, Zelikovsky A, McHardy AC, Raphael BJ, Shah SP, Schönhuth A.",Genome Biol. 2020 Feb 7;21(1):31. doi: 10.1186/s13059-020-1926-6.,Lähnemann D,Genome Biol,2020,2020-02-09,PMC7007675,,10.1186/s13059-020-1926-6
32023372,Six-Year Follow-up of a Trial of Antenatal Vitamin D for Asthma Reduction,"Litonjua AA, Carey VJ, Laranjo N, Stubbs BJ, Mirzakhani H, O'Connor GT, Sandel M, Beigelman A, Bacharier LB, Zeiger RS, Schatz M, Hollis BW, Weiss ST.",N Engl J Med. 2020 Feb 6;382(6):525-533. doi: 10.1056/NEJMoa1906137.,Litonjua AA,N Engl J Med,2020,2020-02-06,PMC7444088,NIHMS1565135,10.1056/NEJMoa1906137
32027831,"High-Risk, High-Reward Genetics in ASD","Castellani CA, Arking DE.",Neuron. 2020 Feb 5;105(3):407-410. doi: 10.1016/j.neuron.2020.01.007.,Castellani CA,Neuron,2020,2020-02-07,PMC8985088,NIHMS1789954,10.1016/j.neuron.2020.01.007
32024661,The full-length transcriptome of C. elegans using direct RNA sequencing,"Roach NP, Sadowski N, Alessi AF, Timp W, Taylor J, Kim JK.",Genome Res. 2020 Feb;30(2):299-312. doi: 10.1101/gr.251314.119. Epub 2020 Feb 5.,Roach NP,Genome Res,2020,2020-02-07,PMC7050520,,10.1101/gr.251314.119
32023162,"Palliative Care and the Management of Common Distressing Symptoms in Advanced Cancer: Pain, Breathlessness, Nausea and Vomiting, and Fatigue","Henson LA, Maddocks M, Evans C, Davidson M, Hicks S, Higginson IJ.",J Clin Oncol. 2020 Mar 20;38(9):905-914. doi: 10.1200/JCO.19.00470. Epub 2020 Feb 5.,Henson LA,J Clin Oncol,2020,2020-02-06,PMC7082153,,10.1200/JCO.19.00470
31502207,Characterization and Analysis of the Skin Microbiota in Rosacea: A Case-Control Study,"Rainer BM, Thompson KG, Antonescu C, Florea L, Mongodin EF, Bui J, Fischer AH, Pasieka HB, Garza LA, Kang S, Chien AL.",Am J Clin Dermatol. 2020 Feb;21(1):139-147. doi: 10.1007/s40257-019-00471-5.,Rainer BM,Am J Clin Dermatol,2020,2019-09-11,PMC8062047,NIHMS1691338,10.1007/s40257-019-00471-5
32004343,Evaluation of mitochondrial DNA copy number estimation techniques,"Longchamps RJ, Castellani CA, Yang SY, Newcomb CE, Sumpter JA, Lane J, Grove ML, Guallar E, Pankratz N, Taylor KD, Rotter JI, Boerwinkle E, Arking DE.",PLoS One. 2020 Jan 31;15(1):e0228166. doi: 10.1371/journal.pone.0228166. eCollection 2020.,Longchamps RJ,PLoS One,2020,2020-02-01,PMC6994099,,10.1371/journal.pone.0228166
31989924,GLI transcriptional repression regulates tissue-specific enhancer activity in response to Hedgehog signaling,"Lex RK, Ji Z, Falkenstein KN, Zhou W, Henry JL, Ji H, Vokes SA.",Elife. 2020 Jan 28;9:e50670. doi: 10.7554/eLife.50670.,Lex RK,Elife,2020,2020-01-29,PMC6986877,,10.7554/eLife.50670
31988276,White blood cell and cell-free DNA analyses for detection of residual disease in gastric cancer,"Leal A, van Grieken NCT, Palsgrove DN, Phallen J, Medina JE, Hruban C, Broeckaert MAM, Anagnostou V, Adleff V, Bruhm DC, Canzoniero JV, Fiksel J, Nordsmark M, Warmerdam FARM, Verheul HMW, van Spronsen DJ, Beerepoot LV, Geenen MM, Portielje JEA, Jansen EPM, van Sandick J, Meershoek-Klein Kranenbarg E, van Laarhoven HWM, van der Peet DL, van de Velde CJH, Verheij M, Fijneman R, Scharpf RB, Meijer GA, Cats A, Velculescu VE.",Nat Commun. 2020 Jan 27;11(1):525. doi: 10.1038/s41467-020-14310-3.,Leal A,Nat Commun,2020,2020-01-29,PMC6985115,,10.1038/s41467-020-14310-3
31986137,Genome assembly and characterization of a complex zfBED-NLR gene-containing disease resistance locus in Carolina Gold Select rice with Nanopore sequencing,"Read AC, Moscou MJ, Zimin AV, Pertea G, Meyer RS, Purugganan MD, Leach JE, Triplett LR, Salzberg SL, Bogdanove AJ.",PLoS Genet. 2020 Jan 27;16(1):e1008571. doi: 10.1371/journal.pgen.1008571. eCollection 2020 Jan.,Read AC,PLoS Genet,2020,2020-01-28,PMC7004385,,10.1371/journal.pgen.1008571
31974396,Identifying the essential genes of Mycobacterium avium subsp. hominissuis with Tn-Seq using a rank-based filter procedure,"Matern WM, Jenquin RL, Bader JS, Karakousis PC.",Sci Rep. 2020 Jan 23;10(1):1095. doi: 10.1038/s41598-020-57845-7.,Matern WM,Sci Rep,2020,2020-01-25,PMC6978383,,10.1038/s41598-020-57845-7
31961880,Between-tumor and within-tumor heterogeneity in invasive potential,"Padmanaban V, Tsehay Y, Cheung KJ, Ewald AJ, Bader JS.",PLoS Comput Biol. 2020 Jan 21;16(1):e1007464. doi: 10.1371/journal.pcbi.1007464. eCollection 2020 Jan.,Padmanaban V,PLoS Comput Biol,2020,2020-01-22,PMC6994152,,10.1371/journal.pcbi.1007464
31976181,"New insights into human hair: SAXS, SEM, TEM and EDX for Alopecia Areata investigations","Coroaba A, Chiriac AE, Sacarescu L, Pinteala T, Minea B, Ibanescu SA, Pertea M, Moraru A, Esanu I, Maier SS, Chiriac A, Pinteala M.",PeerJ. 2020 Jan 14;8:e8376. doi: 10.7717/peerj.8376. eCollection 2020.,Coroaba A,PeerJ,2020,2020-01-25,PMC6968496,,10.7717/peerj.8376
32984843,Multimodal genomic features predict outcome of immune checkpoint blockade in non-small-cell lung cancer,"Anagnostou V, Niknafs N, Marrone K, Bruhm DC, White JR, Naidoo J, Hummelink K, Monkhorst K, Lalezari F, Lanis M, Rosner S, Reuss JE, Smith KN, Adleff V, Rodgers K, Belcaid Z, Rhymee L, Levy B, Feliciano J, Hann CL, Ettinger DS, Georgiades C, Verde F, Illei P, Li QK, Baras AS, Gabrielson E, Brock MV, Karchin R, Pardoll DM, Baylin SB, Brahmer JR, Scharpf RB, Forde PM, Velculescu VE.",Nat Cancer. 2020 Jan;1(1):99-111. doi: 10.1038/s43018-019-0008-8. Epub 2020 Jan 13.,Anagnostou V,Nat Cancer,2020,2020-09-28,PMC7514475,NIHMS1625209,10.1038/s43018-019-0008-8
31950079,"Beyond mass spectrometry, the next step in proteomics","Timp W, Timp G.",Sci Adv. 2020 Jan 10;6(2):eaax8978. doi: 10.1126/sciadv.aax8978. eCollection 2020 Jan.,Timp W,Sci Adv,2020,2020-01-18,PMC6954058,,10.1126/sciadv.aax8978
33911705,Minocycline and Its Impact on Microbial Dysbiosis in the Skin and Gastrointestinal Tract of Acne Patients,"Thompson KG, Rainer BM, Antonescu C, Florea L, Mongodin EF, Kang S, Chien AL.",Ann Dermatol. 2020 Feb;32(1):21-30. doi: 10.5021/ad.2020.32.1.21. Epub 2020 Jan 9.,Thompson KG,Ann Dermatol,2020,2021-04-29,PMC7992645,,10.5021/ad.2020.32.1.21
31919425,ASCOT identifies key regulators of neuronal subtype-specific splicing,"Ling JP, Wilks C, Charles R, Leavey PJ, Ghosh D, Jiang L, Santiago CP, Pang B, Venkataraman A, Clark BS, Nellore A, Langmead B, Blackshaw S.",Nat Commun. 2020 Jan 9;11(1):137. doi: 10.1038/s41467-019-14020-5.,Ling JP,Nat Commun,2020,2020-01-11,PMC6952364,,10.1038/s41467-019-14020-5
32444562,Deep Phenotyping of Parkinson's Disease,"Dorsey ER, Omberg L, Waddell E, Adams JL, Adams R, Ali MR, Amodeo K, Arky A, Augustine EF, Dinesh K, Hoque ME, Glidden AM, Jensen-Roberts S, Kabelac Z, Katabi D, Kieburtz K, Kinel DR, Little MA, Lizarraga KJ, Myers T, Riggare S, Rosero SZ, Saria S, Schifitto G, Schneider RB, Sharma G, Shoulson I, Stevenson EA, Tarolli CG, Luo J, McDermott MP.",J Parkinsons Dis. 2020;10(3):855-873. doi: 10.3233/JPD-202006.,Dorsey ER,J Parkinsons Dis,2020,2020-05-24,PMC7458535,,10.3233/JPD-202006
31819268,Author Correction: Nanopore native RNA sequencing of a human poly(A) transcriptome,"Workman RE, Tang AD, Tang PS, Jain M, Tyson JR, Razaghi R, Zuzarte PC, Gilpatrick T, Payne A, Quick J, Sadowski N, Holmes N, de Jesus JG, Jones KL, Soulette CM, Snutch TP, Loman N, Paten B, Loose M, Simpson JT, Olsen HE, Brooks AN, Akeson M, Timp W.",Nat Methods. 2020 Jan;17(1):114. doi: 10.1038/s41592-019-0697-z.,Workman RE,Nat Methods,2020,2019-12-11,PMC11428203,NIHMS2017590,10.1038/s41592-019-0697-z
,Why Spiking Neural Networks Are Efficient: A Theorem,"Beer M, Urenda J, Kosheleva O, Kreinovich V.",Information Processing and Management of Uncertainty in Knowledge-Based Systems. 2020 May 18;1237:59-69. doi: 10.1007/978-3-030-50146-4_5. eCollection 2020.,Beer M,Information Processing and Management of Uncertainty in Knowledge-Based Systems,2020,,PMC7274333,,10.1007/978-3-030-50146-4_5
,Which Distributions (or Families of Distributions) Best Represent Interval Uncertainty: Case of Permutation-Invariant Criteria,"Beer M, Urenda J, Kosheleva O, Kreinovich V.",Information Processing and Management of Uncertainty in Knowledge-Based Systems. 2020 May 18;1237:70-9. doi: 10.1007/978-3-030-50146-4_6. eCollection 2020.,Beer M,Information Processing and Management of Uncertainty in Knowledge-Based Systems,2020,,PMC7274317,,10.1007/978-3-030-50146-4_6
31871119,High-Throughput Prediction of MHC Class I and II Neoantigens with MHCnuggets,"Shao XM, Bhattacharya R, Huang J, Sivakumar IKA, Tokheim C, Zheng L, Hirsch D, Kaminow B, Omdahl A, Bonsack M, Riemer AB, Velculescu VE, Anagnostou V, Pagel KA, Karchin R.",Cancer Immunol Res. 2020 Mar;8(3):396-408. doi: 10.1158/2326-6066.CIR-19-0464. Epub 2019 Dec 23.,Shao XM,Cancer Immunol Res,2020,2019-12-25,PMC7056596,NIHMS1547573,10.1158/2326-6066.CIR-19-0464
31848685,Whole genome sequencing of orofacial cleft trios from the Gabriella Miller Kids First Pediatric Research Consortium identifies a new locus on chromosome 21,"Mukhopadhyay N, Bishop M, Mortillo M, Chopra P, Hetmanski JB, Taub MA, Moreno LM, Valencia-Ramirez LC, Restrepo C, Wehby GL, Hecht JT, Deleyiannis F, Butali A, Weinberg SM, Beaty TH, Murray JC, Leslie EJ, Feingold E, Marazita ML.",Hum Genet. 2020 Feb;139(2):215-226. doi: 10.1007/s00439-019-02099-1. Epub 2019 Dec 17.,Mukhopadhyay N,Hum Genet,2020,2019-12-19,PMC6981325,,10.1007/s00439-019-02099-1
31792435,Orchestrating single-cell analysis with Bioconductor,"Amezquita RA, Lun ATL, Becht E, Carey VJ, Carpp LN, Geistlinger L, Marini F, Rue-Albrecht K, Risso D, Soneson C, Waldron L, Pagès H, Smith ML, Huber W, Morgan M, Gottardo R, Hicks SC.",Nat Methods. 2020 Feb;17(2):137-145. doi: 10.1038/s41592-019-0654-x. Epub 2019 Dec 2.,Amezquita RA,Nat Methods,2020,2019-12-04,PMC7358058,NIHMS1600055,10.1038/s41592-019-0654-x
31754049,Compartmental Analysis of T-cell Clonal Dynamics as a Function of Pathologic Response to Neoadjuvant PD-1 Blockade in Resectable Non-Small Cell Lung Cancer,"Zhang J, Ji Z, Caushi JX, El Asmar M, Anagnostou V, Cottrell TR, Chan HY, Suri P, Guo H, Merghoub T, Chaft JE, Reuss JE, Tam AJ, Blosser RL, Abu-Akeel M, Sidhom JW, Zhao N, Ha JS, Jones DR, Marrone KA, Naidoo J, Gabrielson E, Taube JM, Velculescu VE, Brahmer JR, Housseau F, Hellmann MD, Forde PM, Pardoll DM, Ji H, Smith KN.",Clin Cancer Res. 2020 Mar 15;26(6):1327-1337. doi: 10.1158/1078-0432.CCR-19-2931. Epub 2019 Nov 21.,Zhang J,Clin Cancer Res,2020,2019-11-23,PMC7073288,NIHMS1544524,10.1158/1078-0432.CCR-19-2931
31759902,Predictors of Rehospitalization in Post-Acute Rehabilitation among Different Ethnic Groups,"Cimarolli VR, Falzarano F, Hicks S.",J Am Med Dir Assoc. 2020 Apr;21(4):513-518. doi: 10.1016/j.jamda.2019.10.008. Epub 2019 Nov 20.,Cimarolli VR,J Am Med Dir Assoc,2020,2019-11-25,PMC7278057,NIHMS1594159,10.1016/j.jamda.2019.10.008
31727850,GSTM1 Deletion Exaggerates Kidney Injury in Experimental Mouse Models and Confers the Protective Effect of Cruciferous Vegetables in Mice and Humans,"Gigliotti JC, Tin A, Pourafshar S, Cechova S, Wang YT, Sung SJ, Bodonyi-Kovacs G, Cross JV, Yang G, Nguyen N, Chan F, Rebholz C, Yu B, Grove ML, Grams ME, Köttgen A, Scharpf R, Ruiz P, Boerwinkle E, Coresh J, Le TH.",J Am Soc Nephrol. 2020 Jan;31(1):102-116. doi: 10.1681/ASN.2019050449. Epub 2019 Nov 14.,Gigliotti JC,J Am Soc Nephrol,2020,2019-11-16,PMC6935006,,10.1681/ASN.2019050449
31707065,"Real-World Assessment of Asthma Control and Severity in Children, Adolescents, and Adults with Asthma: Relationships to Care Settings and Comorbidities","Nyenhuis SM, Akkoyun E, Liu L, Schatz M, Casale TB.",J Allergy Clin Immunol Pract. 2020 Mar;8(3):989-996.e1. doi: 10.1016/j.jaip.2019.10.032. Epub 2019 Nov 7.,Nyenhuis SM,J Allergy Clin Immunol Pract,2020,2019-11-11,PMC7064399,NIHMS1545648,10.1016/j.jaip.2019.10.032
31503409,"A screen of 1,049 schizophrenia and 30 Alzheimer's-associated variants for regulatory potential","Myint L, Wang R, Boukas L, Hansen KD, Goff LA, Avramopoulos D.",Am J Med Genet B Neuropsychiatr Genet. 2020 Jan;183(1):61-73. doi: 10.1002/ajmg.b.32761. Epub 2019 Sep 10.,Myint L,Am J Med Genet B Neuropsychiatr Genet,2020,2019-09-11,PMC7233147,NIHMS1586876,10.1002/ajmg.b.32761
31493539,"Prospective Study of a Novel, Radiation-Free, Reduced-Intensity Bone Marrow Transplantation Platform for Primary Immunodeficiency Diseases","Dimitrova D, Gea-Banacloche J, Steinberg SM, Sadler JL, Hicks SN, Carroll E, Wilder JS, Parta M, Skeffington L, Hughes TE, Blau JE, Broadney MM, Rose JJ, Hsu AP, Fletcher R, Nunes NS, Yan XY, Telford WG, Kapoor V, Cohen JI, Freeman AF, Garabedian E, Holland SM, Lisco A, Malech HL, Notarangelo LD, Sereti I, Shah NN, Uzel G, Zerbe CS, Fowler DH, Gress RE, Kanakry CG, Kanakry JA.",Biol Blood Marrow Transplant. 2020 Jan;26(1):94-106. doi: 10.1016/j.bbmt.2019.08.018. Epub 2019 Sep 4.,Dimitrova D,Biol Blood Marrow Transplant,2020,2019-09-08,PMC6942248,NIHMS1539130,10.1016/j.bbmt.2019.08.018
31349361,Can social support during pregnancy affect maternal DNA methylation? Findings from a cohort of African-Americans,"Surkan PJ, Hong X, Zhang B, Nawa N, Ji H, Tang WY, Ji Y, Kimmel MC, Wang G, Pearson C, Wang X.",Pediatr Res. 2020 Jul;88(1):131-138. doi: 10.1038/s41390-019-0512-7. Epub 2019 Jul 26.,Surkan PJ,Pediatr Res,2020,2019-07-27,PMC6982603,NIHMS1060055,10.1038/s41390-019-0512-7
31014137,Asthma prevalence among women aged 18 to 44 in the United States: National health and nutrition examination survey 2001-2016,"Flores KF, Bandoli G, Chambers CD, Schatz M, Palmsten K.",J Asthma. 2020 Jul;57(7):693-702. doi: 10.1080/02770903.2019.1602874. Epub 2019 Apr 24.,Flores KF,J Asthma,2020,2019-04-25,PMC7135309,NIHMS1572198,10.1080/02770903.2019.1602874
31870412,Feature selection and dimension reduction for single-cell RNA-Seq based on a multinomial model,"Townes FW, Hicks SC, Aryee MJ, Irizarry RA.",Genome Biol. 2019 Dec 23;20(1):295. doi: 10.1186/s13059-019-1861-6.,Townes FW,Genome Biol,2019,2019-12-25,PMC6927135,,10.1186/s13059-019-1861-6
31856913,Paragraph: a graph-based structural variant genotyper for short-read sequence data,"Chen S, Krusche P, Dolzhenko E, Sherman RM, Petrovski R, Schlesinger F, Kirsche M, Bentley DR, Schatz MC, Sedlazeck FJ, Eberle MA.",Genome Biol. 2019 Dec 19;20(1):291. doi: 10.1186/s13059-019-1909-7.,Chen S,Genome Biol,2019,2019-12-21,PMC6921448,,10.1186/s13059-019-1909-7
31842730,Recovering rearranged cancer chromosomes from karyotype graphs,"Aganezov S, Zban I, Aksenov V, Alexeev N, Schatz MC.",BMC Bioinformatics. 2019 Dec 17;20(Suppl 20):641. doi: 10.1186/s12859-019-3208-4.,Aganezov S,BMC Bioinformatics,2019,2019-12-18,PMC6915857,,10.1186/s12859-019-3208-4
31842956,Transcriptome assembly from long-read RNA-seq alignments with StringTie2,"Kovaka S, Zimin AV, Pertea GM, Razaghi R, Salzberg SL, Pertea M.",Genome Biol. 2019 Dec 16;20(1):278. doi: 10.1186/s13059-019-1910-1.,Kovaka S,Genome Biol,2019,2019-12-18,PMC6912988,,10.1186/s13059-019-1910-1
31801633,Dashing: fast and accurate genomic distances with HyperLogLog,"Baker DN, Langmead B.",Genome Biol. 2019 Dec 4;20(1):265. doi: 10.1186/s13059-019-1875-0.,Baker DN,Genome Biol,2019,2019-12-06,PMC6892282,,10.1186/s13059-019-1875-0
31782791,Assembly of the 373k gene space of the polyploid sugarcane genome reveals reservoirs of functional diversity in the world's leading biomass crop,"Souza GM, Van Sluys MA, Lembke CG, Lee H, Margarido GRA, Hotta CT, Gaiarsa JW, Diniz AL, Oliveira MM, Ferreira SS, Nishiyama MY, Ten-Caten F, Ragagnin GT, Andrade PM, de Souza RF, Nicastro GG, Pandya R, Kim C, Guo H, Durham AM, Carneiro MS, Zhang J, Zhang X, Zhang Q, Ming R, Schatz MC, Davidson B, Paterson AH, Heckerman D.",Gigascience. 2019 Dec 1;8(12):giz129. doi: 10.1093/gigascience/giz129.,Souza GM,Gigascience,2019,2019-11-30,PMC6884061,,10.1093/gigascience/giz129
,"High-Throughput, High MW DNA Extraction and Size Selection for Long-Read Sequencing","Liu K, Burke J, Kilburn D, Fedak R, Kim M, Ferrao H, Galvin B, Bjornson K, Workman R, Hilger N, Timp W.",J Biomol Tech. 2019 Dec;30(Suppl):S19.,Liu K,J Biomol Tech,2019,,PMC6936891,,
31783894,methylCC: technology-independent estimation of cell type composition using differentially methylated regions,"Hicks SC, Irizarry RA.",Genome Biol. 2019 Nov 29;20(1):261. doi: 10.1186/s13059-019-1827-8.,Hicks SC,Genome Biol,2019,2019-12-01,PMC6883691,,10.1186/s13059-019-1827-8
31780749,Characterization of genetic subclonal evolution in pancreatic cancer mouse models,"Niknafs N, Zhong Y, Moral JA, Zhang L, Shao MX, Lo A, Makohon-Moore A, Iacobuzio-Donahue CA, Karchin R.",Nat Commun. 2019 Nov 28;10(1):5435. doi: 10.1038/s41467-019-13100-w.,Niknafs N,Nat Commun,2019,2019-11-30,PMC6882784,,10.1038/s41467-019-13100-w
31779668,Improved metagenomic analysis with Kraken 2,"Wood DE, Lu J, Langmead B.",Genome Biol. 2019 Nov 28;20(1):257. doi: 10.1186/s13059-019-1891-0.,Wood DE,Genome Biol,2019,2019-11-30,PMC6883579,,10.1186/s13059-019-1891-0
31779666,Common DNA sequence variation influences 3-dimensional conformation of the human genome,"Gorkin DU, Qiu Y, Hu M, Fletez-Brant K, Liu T, Schmitt AD, Noor A, Chiou J, Gaulton KJ, Sebat J, Li Y, Hansen KD, Ren B.",Genome Biol. 2019 Nov 28;20(1):255. doi: 10.1186/s13059-019-1855-4.,Gorkin DU,Genome Biol,2019,2019-11-30,PMC6883528,,10.1186/s13059-019-1855-4
31747862,Effect of Sex and Underlying Disease on the Genetic Association of QT Interval and Sudden Cardiac Death,"Mitchell RN, Ashar FN, Jarvelin MR, Froguel P, Sotoodehnia N, Brody JA, Sebert S, Huikuri H, Rioux J, Goyette P, Newcomb CE, Junttila MJ, Arking DE.",J Am Heart Assoc. 2019 Dec 3;8(23):e013751. doi: 10.1161/JAHA.119.013751. Epub 2019 Nov 21.,Mitchell RN,J Am Heart Assoc,2019,2019-11-22,PMC6912973,,10.1161/JAHA.119.013751
31740819,"Fast, sensitive and accurate integration of single-cell data with Harmony","Korsunsky I, Millard N, Fan J, Slowikowski K, Zhang F, Wei K, Baglaenko Y, Brenner M, Loh PR, Raychaudhuri S.",Nat Methods. 2019 Dec;16(12):1289-1296. doi: 10.1038/s41592-019-0619-0. Epub 2019 Nov 18.,Korsunsky I,Nat Methods,2019,2019-11-20,PMC6884693,NIHMS1539299,10.1038/s41592-019-0619-0
31740818,Nanopore native RNA sequencing of a human poly(A) transcriptome,"Workman RE, Tang AD, Tang PS, Jain M, Tyson JR, Razaghi R, Zuzarte PC, Gilpatrick T, Payne A, Quick J, Sadowski N, Holmes N, de Jesus JG, Jones KL, Soulette CM, Snutch TP, Loman N, Paten B, Loose M, Simpson JT, Olsen HE, Brooks AN, Akeson M, Timp W.",Nat Methods. 2019 Dec;16(12):1297-1305. doi: 10.1038/s41592-019-0617-2. Epub 2019 Nov 18.,Workman RE,Nat Methods,2019,2019-11-20,PMC7768885,NIHMS1540455,10.1038/s41592-019-0617-2
31428792,Global prediction of chromatin accessibility using small-cell-number and single-cell RNA-seq,"Zhou W, Ji Z, Fang W, Ji H.",Nucleic Acids Res. 2019 Nov 4;47(19):e121. doi: 10.1093/nar/gkz716.,Zhou W,Nucleic Acids Res,2019,2019-08-21,PMC6821224,,10.1093/nar/gkz716
31392989,Analyzing whole genome bisulfite sequencing data from highly divergent genotypes,"Wulfridge P, Langmead B, Feinberg AP, Hansen KD.",Nucleic Acids Res. 2019 Nov 4;47(19):e117. doi: 10.1093/nar/gkz674.,Wulfridge P,Nucleic Acids Res,2019,2019-08-09,PMC6821270,,10.1093/nar/gkz674
31676772,A multi-sample approach increases the accuracy of transcript assembly,"Song L, Sabunciyan S, Yang G, Florea L.",Nat Commun. 2019 Nov 1;10(1):5000. doi: 10.1038/s41467-019-12990-0.,Song L,Nat Commun,2019,2019-11-03,PMC6825223,,10.1038/s41467-019-12990-0
32166234,Comparison of Automated Sepsis Identification Methods and Electronic Health Record-based Sepsis Phenotyping: Improving Case Identification Accuracy by Accounting for Confounding Comorbid Conditions,"Henry KE, Hager DN, Osborn TM, Wu AW, Saria S.",Crit Care Explor. 2019 Oct 30;1(10):e0053. doi: 10.1097/CCE.0000000000000053. eCollection 2019 Oct.,Henry KE,Crit Care Explor,2019,2020-03-14,PMC7063888,,10.1097/CCE.0000000000000053
31661016,RaGOO: fast and accurate reference-guided scaffolding of draft genomes,"Alonge M, Soyk S, Ramakrishnan S, Wang X, Goodwin S, Sedlazeck FJ, Lippman ZB, Schatz MC.",Genome Biol. 2019 Oct 28;20(1):224. doi: 10.1186/s13059-019-1829-6.,Alonge M,Genome Biol,2019,2019-10-30,PMC6816165,,10.1186/s13059-019-1829-6
31557133,Precocious chondrocyte differentiation disrupts skeletal growth in Kabuki syndrome mice,"Fahrner JA, Lin WY, Riddle RC, Boukas L, DeLeon VB, Chopra S, Lad SE, Luperchio TR, Hansen KD, Bjornsson HT.",JCI Insight. 2019 Oct 17;4(20):e129380. doi: 10.1172/jci.insight.129380.,Fahrner JA,JCI Insight,2019,2019-09-27,PMC6824315,,10.1172/jci.insight.129380
31465303,Precocious neuronal differentiation and disrupted oxygen responses in Kabuki syndrome,"Carosso GA, Boukas L, Augustin JJ, Nguyen HN, Winer BL, Cannon GH, Robertson JD, Zhang L, Hansen KD, Goff LA, Bjornsson HT.",JCI Insight. 2019 Oct 17;4(20):e129375. doi: 10.1172/jci.insight.129375.,Carosso GA,JCI Insight,2019,2019-08-30,PMC6824316,,10.1172/jci.insight.129375
31606264,TCF-1-Centered Transcriptional Network Drives an Effector versus Exhausted CD8 T Cell-Fate Decision,"Chen Z, Ji Z, Ngiow SF, Manne S, Cai Z, Huang AC, Johnson J, Staupe RP, Bengsch B, Xu C, Yu S, Kurachi M, Herati RS, Vella LA, Baxter AE, Wu JE, Khan O, Beltra JC, Giles JR, Stelekati E, McLane LM, Lau CW, Yang X, Berger SL, Vahedi G, Ji H, Wherry EJ.",Immunity. 2019 Nov 19;51(5):840-855.e5. doi: 10.1016/j.immuni.2019.09.013. Epub 2019 Oct 9.,Chen Z,Immunity,2019,2019-10-14,PMC6943829,NIHMS1543694,10.1016/j.immuni.2019.09.013
31594828,Current State of and Future Opportunities for Prediction in Microbiome Research: Report from the Mid-Atlantic Microbiome Meet-up in Baltimore on 9 January 2019,"Sakowski E, Uritskiy G, Cooper R, Gomes M, McLaren MR, Meisel JS, Mickol RL, Mintz CD, Mongodin EF, Pop M, Rahman MA, Sanchez A, Timp W, Vela JD, Wolz CM, Zackular JP, Chopyk J, Commichaux S, Davis M, Dluzen D, Ganesan SM, Haruna M, Nasko D, Regan MJ, Sarria S, Shah N, Stacy B, Taylor D, DiRuggiero J, Preheim SP.",mSystems. 2019 Oct 8;4(5):e00392-19. doi: 10.1128/mSystems.00392-19.,Sakowski E,mSystems,2019,2019-10-10,PMC6787564,,10.1128/mSystems.00392-19
32175520,Metadata Concepts for Advancing the Use of Digital Health Technologies in Clinical Research,"Badawy R, Hameed F, Bataille L, Little MA, Claes K, Saria S, Cedarbaum JM, Stephenson D, Neville J, Maetzler W, Espay AJ, Bloem BR, Simuni T, Karlin DR.",Digit Biomark. 2019 Oct 7;3(3):116-132. doi: 10.1159/000502951. eCollection 2019 Sep-Dec.,Badawy R,Digit Biomark,2019,2020-03-17,PMC7046173,,10.1159/000502951
31578306,Transmission and clearance of potential procarcinogenic bacteria during fecal microbiota transplantation for recurrent Clostridioides difficile,"Drewes JL, Corona A, Sanchez U, Fan Y, Hourigan SK, Weidner M, Sidhu SD, Simner PJ, Wang H, Timp W, Oliva-Hemker M, Sears CL.",JCI Insight. 2019 Oct 3;4(19):e130848. doi: 10.1172/jci.insight.130848.,Drewes JL,JCI Insight,2019,2019-10-04,PMC6795395,,10.1172/jci.insight.130848
31577354,"Association Between Maternal Exposure to Lead, Maternal Folate Status, and Intergenerational Risk of Childhood Overweight and Obesity","Wang G, DiBari J, Bind E, Steffens AM, Mukherjee J, Azuine RE, Singh GK, Hong X, Ji Y, Ji H, Pearson C, Zuckerman BS, Cheng TL, Wang X.",JAMA Netw Open. 2019 Oct 2;2(10):e1912343. doi: 10.1001/jamanetworkopen.2019.12343.,Wang G,JAMA Netw Open,2019,2019-10-03,PMC6777254,,10.1001/jamanetworkopen.2019.12343
31562479,Voices in methods development,"Anikeeva P, Boyden E, Brangwynne C, Cissé II, Fiehn O, Fromme P, Gingras AC, Greene CS, Heard E, Hell SW, Hillman E, Jensen GJ, Karchin R, Kiessling LL, Kleinstiver BP, Knight R, Kukura P, Lancaster MA, Loman N, Looger L, Lundberg E, Luo Q, Miyawaki A, Myers EW Jr, Nolan GP, Picotti P, Reik W, Sauer M, Shalek AK, Shendure J, Slavov N, Tanay A, Troyanskaya O, van Valen D, Wang HW, Yi C, Yin P, Zernicka-Goetz M, Zhuang X.",Nat Methods. 2019 Oct;16(10):945-951. doi: 10.1038/s41592-019-0585-6.,Anikeeva P,Nat Methods,2019,2019-09-29,PMC7075469,NIHMS1552528,10.1038/s41592-019-0585-6
31604276,Chromosome errors in human eggs shape natural fertility over reproductive life span,"Gruhn JR, Zielinska AP, Shukla V, Blanshard R, Capalbo A, Cimadomo D, Nikiforov D, Chan AC, Newnham LJ, Vogel I, Scarica C, Krapchev M, Taylor D, Kristensen SG, Cheng J, Ernst E, Bjørn AB, Colmorn LB, Blayney M, Elder K, Liss J, Hartshorne G, Grøndahl ML, Rienzi L, Ubaldi F, McCoy R, Lukaszuk K, Andersen CY, Schuh M, Hoffmann ER.",Science. 2019 Sep 27;365(6460):1466-1469. doi: 10.1126/science.aav7321.,Gruhn JR,Science,2019,2019-10-12,PMC7212007,EMS86142,10.1126/science.aav7321
31501331,Spatial transcriptome profiling by MERFISH reveals subcellular RNA compartmentalization and cell cycle-dependent gene expression,"Xia C, Fan J, Emanuel G, Hao J, Zhuang X.",Proc Natl Acad Sci U S A. 2019 Sep 24;116(39):19490-19499. doi: 10.1073/pnas.1912459116. Epub 2019 Sep 9.,Xia C,Proc Natl Acad Sci U S A,2019,2019-09-11,PMC6765259,,10.1073/pnas.1912459116
31488579,"ZCCHC8, the nuclear exosome targeting component, is mutated in familial pulmonary fibrosis and is required for telomerase RNA maturation","Gable DL, Gaysinskaya V, Atik CC, Talbot CC Jr, Kang B, Stanley SE, Pugh EW, Amat-Codina N, Schenk KM, Arcasoy MO, Brayton C, Florea L, Armanios M.",Genes Dev. 2019 Oct 1;33(19-20):1381-1396. doi: 10.1101/gad.326785.119. Epub 2019 Sep 5.,Gable DL,Genes Dev,2019,2019-09-07,PMC6771387,,10.1101/gad.326785.119
31485072,E-cadherin is required for metastasis in multiple models of breast cancer,"Padmanaban V, Krol I, Suhail Y, Szczerba BM, Aceto N, Bader JS, Ewald AJ.",Nature. 2019 Sep;573(7774):439-444. doi: 10.1038/s41586-019-1526-3. Epub 2019 Sep 4.,Padmanaban V,Nature,2019,2019-09-06,PMC7365572,NIHMS1536825,10.1038/s41586-019-1526-3
31484942,Author Correction: Association study in African-admixed populations across the Americas recapitulates asthma risk loci in non-African populations,"Daya M, Rafaels N, Brunetti TM, Chavan S, Levin AM, Shetty A, Gignoux CR, Boorgula MP, Wojcik G, Campbell M, Vergara C, Torgerson DG, Ortega VE, Doumatey A, Johnston HR, Acevedo N, Araujo MI, Avila PC, Belbin G, Bleecker E, Bustamante C, Caraballo L, Cruz A, Dunston GM, Eng C, Faruque MU, Ferguson TS, Figueiredo C, Ford JG, Gan W, Gourraud PA, Hansel NN, Hernandez RD, Herrera-Paz EF, Jiménez S, Kenny EE, Knight-Madden J, Kumar R, Lange LA, Lange EM, Lizee A, Maul P, Maul T, Mayorga A, Meyers D, Nicolae DL, O'Connor TD, Oliveira RR, Olopade CO, Olopade O, Qin ZS, Rotimi C, Vince N, Watson H, Wilks RJ, Wilson JG, Salzberg S, Ober C, Burchard EG, Williams LK, Beaty TH, Taub MA, Ruczinski I, Mathias RA, Barnes KC; CAAPA.",Nat Commun. 2019 Sep 4;10(1):4082. doi: 10.1038/s41467-019-12158-w.,Daya M,Nat Commun,2019,2019-09-06,PMC6726619,,10.1038/s41467-019-12158-w
31481666,Human cardiac myosin light chain 4 (MYL4) mosaic expression patterns vary by sex,"Wang TY, Arking DE, Maleszewski JJ, Fox-Talbot K, Nieuwenhuis TO, Santhanam L, Virmani R, Rosenberg AZ, Halushka MK.",Sci Rep. 2019 Sep 3;9(1):12681. doi: 10.1038/s41598-019-49191-0.,Wang TY,Sci Rep,2019,2019-09-05,PMC6722118,,10.1038/s41598-019-49191-0
31301157,Assessing computational predictions of the phenotypic effect of cystathionine-beta-synthase variants,"Kasak L, Bakolitsa C, Hu Z, Yu C, Rine J, Dimster-Denk DF, Pandey G, De Baets G, Bromberg Y, Cao C, Capriotti E, Casadio R, Van Durme J, Giollo M, Karchin R, Katsonis P, Leonardi E, Lichtarge O, Martelli PL, Masica D, Mooney SD, Olatubosun A, Radivojac P, Rousseau F, Pal LR, Savojardo C, Schymkowitz J, Thusberg J, Tosatto SCE, Vihinen M, Väliaho J, Repo S, Moult J, Brenner SE, Friedberg I.",Hum Mutat. 2019 Sep;40(9):1530-1545. doi: 10.1002/humu.23868. Epub 2019 Sep 3.,Kasak L,Hum Mutat,2019,2019-07-14,PMC7325732,NIHMS1041209,10.1002/humu.23868
31443688,Replicated methylation changes associated with eczema herpeticum and allergic response,"Boorgula MP, Taub MA, Rafaels N, Daya M, Campbell M, Chavan S, Shetty A, Cheadle C, Barkataki S, Fan J, David G, Beaty TH, Ruczinski I, Hanifin J, Schneider LC, Gallo RL, Paller AS, Beck LA, Leung DY, Mathias RA, Barnes KC.",Clin Epigenetics. 2019 Aug 23;11(1):122. doi: 10.1186/s13148-019-0714-1.,Boorgula MP,Clin Epigenetics,2019,2019-08-25,PMC6706929,,10.1186/s13148-019-0714-1
31413261,A meta-analysis of genome-wide association studies identifies multiple longevity genes,"Deelen J, Evans DS, Arking DE, Tesi N, Nygaard M, Liu X, Wojczynski MK, Biggs ML, van der Spek A, Atzmon G, Ware EB, Sarnowski C, Smith AV, Seppälä I, Cordell HJ, Dose J, Amin N, Arnold AM, Ayers KL, Barzilai N, Becker EJ, Beekman M, Blanché H, Christensen K, Christiansen L, Collerton JC, Cubaynes S, Cummings SR, Davies K, Debrabant B, Deleuze JF, Duncan R, Faul JD, Franceschi C, Galan P, Gudnason V, Harris TB, Huisman M, Hurme MA, Jagger C, Jansen I, Jylhä M, Kähönen M, Karasik D, Kardia SLR, Kingston A, Kirkwood TBL, Launer LJ, Lehtimäki T, Lieb W, Lyytikäinen LP, Martin-Ruiz C, Min J, Nebel A, Newman AB, Nie C, Nohr EA, Orwoll ES, Perls TT, Province MA, Psaty BM, Raitakari OT, Reinders MJT, Robine JM, Rotter JI, Sebastiani P, Smith J, Sørensen TIA, Taylor KD, Uitterlinden AG, van der Flier W, van der Lee SJ, van Duijn CM, van Heemst D, Vaupel JW, Weir D, Ye K, Zeng Y, Zheng W, Holstege H, Kiel DP, Lunetta KL, Slagboom PE, Murabito JM.",Nat Commun. 2019 Aug 14;10(1):3669. doi: 10.1038/s41467-019-11558-2.,Deelen J,Nat Commun,2019,2019-08-16,PMC6694136,,10.1038/s41467-019-11558-2
31406327,Accurate circular consensus long-read sequencing improves variant detection and assembly of a human genome,"Wenger AM, Peluso P, Rowell WJ, Chang PC, Hall RJ, Concepcion GT, Ebler J, Fungtammasan A, Kolesnikov A, Olson ND, Töpfer A, Alonge M, Mahmoud M, Qian Y, Chin CS, Phillippy AM, Schatz MC, Myers G, DePristo MA, Ruan J, Marschall T, Sedlazeck FJ, Zook JM, Li H, Koren S, Carroll A, Rank DR, Hunkapiller MW.",Nat Biotechnol. 2019 Oct;37(10):1155-1162. doi: 10.1038/s41587-019-0217-9. Epub 2019 Aug 12.,Wenger AM,Nat Biotechnol,2019,2019-08-14,PMC6776680,NIHMS1533949,10.1038/s41587-019-0217-9
31375807,Graph-based genome alignment and genotyping with HISAT2 and HISAT-genotype,"Kim D, Paggi JM, Park C, Bennett C, Salzberg SL.",Nat Biotechnol. 2019 Aug;37(8):907-915. doi: 10.1038/s41587-019-0201-4. Epub 2019 Aug 2.,Kim D,Nat Biotechnol,2019,2019-08-04,PMC7605509,NIHMS1635086,10.1038/s41587-019-0201-4
31374203,"Pleiotropic Meta-Analysis of Cognition, Education, and Schizophrenia Differentiates Roles of Early Neurodevelopmental and Adult Synaptic Pathways","Lam M, Hill WD, Trampush JW, Yu J, Knowles E, Davies G, Stahl E, Huckins L, Liewald DC, Djurovic S, Melle I, Sundet K, Christoforou A, Reinvang I, DeRosse P, Lundervold AJ, Steen VM, Espeseth T, Räikkönen K, Widen E, Palotie A, Eriksson JG, Giegling I, Konte B, Hartmann AM, Roussos P, Giakoumaki S, Burdick KE, Payton A, Ollier W, Chiba-Falek O, Attix DK, Need AC, Cirulli ET, Voineskos AN, Stefanis NC, Avramopoulos D, Hatzimanolis A, Arking DE, Smyrnis N, Bilder RM, Freimer NA, Cannon TD, London E, Poldrack RA, Sabb FW, Congdon E, Conley ED, Scult MA, Dickinson D, Straub RE, Donohoe G, Morris D, Corvin A, Gill M, Hariri AR, Weinberger DR, Pendleton N, Bitsios P, Rujescu D, Lahti J, Le Hellard S, Keller MC, Andreassen OA, Deary IJ, Glahn DC, Malhotra AK, Lencz T.",Am J Hum Genet. 2019 Aug 1;105(2):334-350. doi: 10.1016/j.ajhg.2019.06.012.,Lam M,Am J Hum Genet,2019,2019-08-03,PMC6699140,,10.1016/j.ajhg.2019.06.012
31366290,Variation in a Left Ventricle-Specific Hand1 Enhancer Impairs GATA Transcription Factor Binding and Disrupts Conduction System Development and Function,"Vincentz JW, Firulli BA, Toolan KP, Arking DE, Sotoodehnia N, Wan J, Chen PS, de Gier-de Vries C, Christoffels VM, Rubart-von der Lohe M, Firulli AB.",Circ Res. 2019 Aug 30;125(6):575-589. doi: 10.1161/CIRCRESAHA.119.315313. Epub 2019 Aug 1.,Vincentz JW,Circ Res,2019,2019-08-02,PMC6715539,NIHMS1536307,10.1161/CIRCRESAHA.119.315313
31127295,A multi-ancestry genome-wide study incorporating gene-smoking interactions identifies multiple new loci for pulse pressure and mean arterial pressure,"Sung YJ, de las Fuentes L, Winkler TW, Chasman DI, Bentley AR, Kraja AT, Ntalla I, Warren HR, Guo X, Schwander K, Manning AK, Brown MR, Aschard H, Feitosa MF, Franceschini N, Lu Y, Cheng CY, Sim X, Vojinovic D, Marten J, Musani SK, Kilpeläinen TO, Richard MA, Aslibekyan S, Bartz TM, Dorajoo R, Li C, Liu Y, Rankinen T, Smith AV, Tajuddin SM, Tayo BO, Zhao W, Zhou Y, Matoba N, Sofer T, Alver M, Amini M, Boissel M, Chai JF, Chen X, Divers J, Gandin I, Gao C, Giulianini F, Goel A, Harris SE, Hartwig FP, He M, Horimoto ARVR, Hsu FC, Jackson AU, Kammerer CM, Kasturiratne A, Komulainen P, Kühnel B, Leander K, Lee WJ, Lin KH, Luan J, Lyytikäinen LP, McKenzie CA, Nelson CP, Noordam R, Scott RA, Sheu WHH, Stančáková A, Takeuchi F, van der Most PJ, Varga TV, Waken RJ, Wang H, Wang Y, Ware EB, Weiss S, Wen W, Yanek LR, Zhang W, Zhao JH, Afaq S, Alfred T, Amin N, Arking DE, Aung T, Barr RG, Bielak LF, Boerwinkle E, Bottinger EP, Braund PS, Brody JA, Broeckel U, Cade B, Campbell A, Canouil M, Chakravarti A, Cocca M, Collins FS, Connell JM, de Mutsert R, de Silva HJ, et al.",Hum Mol Genet. 2019 Aug 1;28(15):2615-2633. doi: 10.1093/hmg/ddz070.,Sung YJ,Hum Mol Genet,2019,2019-05-26,PMC6644157,,10.1093/hmg/ddz070
31358974,New alcohol-related genes suggest shared genetic mechanisms with neuropsychiatric disorders,"Evangelou E, Gao H, Chu C, Ntritsos G, Blakeley P, Butts AR, Pazoki R, Suzuki H, Koskeridis F, Yiorkas AM, Karaman I, Elliott J, Luo Q, Aeschbacher S, Bartz TM, Baumeister SE, Braund PS, Brown MR, Brody JA, Clarke TK, Dimou N, Faul JD, Homuth G, Jackson AU, Kentistou KA, Joshi PK, Lemaitre RN, Lind PA, Lyytikäinen LP, Mangino M, Milaneschi Y, Nelson CP, Nolte IM, Perälä MM, Polasek O, Porteous D, Ratliff SM, Smith JA, Stančáková A, Teumer A, Tuominen S, Thériault S, Vangipurapu J, Whitfield JB, Wood A, Yao J, Yu B, Zhao W, Arking DE, Auvinen J, Liu C, Männikkö M, Risch L, Rotter JI, Snieder H, Veijola J, Blakemore AI, Boehnke M, Campbell H, Conen D, Eriksson JG, Grabe HJ, Guo X, van der Harst P, Hartman CA, Hayward C, Heath AC, Jarvelin MR, Kähönen M, Kardia SLR, Kühne M, Kuusisto J, Laakso M, Lahti J, Lehtimäki T, McIntosh AM, Mohlke KL, Morrison AC, Martin NG, Oldehinkel AJ, Penninx BWJH, Psaty BM, Raitakari OT, Rudan I, Samani NJ, Scott LJ, Spector TD, Verweij N, Weir DR, Wilson JF, Levy D, Tzoulaki I, Bell JD, Matthews PM, Rothenfluh A, Desrivières S, Schumann G, Elliott P.",Nat Hum Behav. 2019 Sep;3(9):950-961. doi: 10.1038/s41562-019-0653-z. Epub 2019 Jul 29.,Evangelou E,Nat Hum Behav,2019,2019-07-31,PMC7711277,NIHMS1649425,10.1038/s41562-019-0653-z
29028872,A review of methods and databases for metagenomic classification and assembly,"Breitwieser FP, Lu J, Salzberg SL.",Brief Bioinform. 2019 Jul 19;20(4):1125-1136. doi: 10.1093/bib/bbx120.,Breitwieser FP,Brief Bioinform,2019,2017-10-14,PMC6781581,,10.1093/bib/bbx120
31316009,A multimodality test to guide the management of patients with a pancreatic cyst,"Springer S, Masica DL, Dal Molin M, Douville C, Thoburn CJ, Afsari B, Li L, Cohen JD, Thompson E, Allen PJ, Klimstra DS, Schattner MA, Schmidt CM, Yip-Schneider M, Simpson RE, Fernandez-Del Castillo C, Mino-Kenudson M, Brugge W, Brand RE, Singhi AD, Scarpa A, Lawlor R, Salvia R, Zamboni G, Hong SM, Hwang DW, Jang JY, Kwon W, Swan N, Geoghegan J, Falconi M, Crippa S, Doglioni C, Paulino J, Schulick RD, Edil BH, Park W, Yachida S, Hijioka S, van Hooft J, He J, Weiss MJ, Burkhart R, Makary M, Canto MI, Goggins MG, Ptak J, Dobbyn L, Schaefer J, Sillman N, Popoli M, Klein AP, Tomasetti C, Karchin R, Papadopoulos N, Kinzler KW, Vogelstein B, Wolfgang CL, Hruban RH, Lennon AM.",Sci Transl Med. 2019 Jul 17;11(501):eaav4772. doi: 10.1126/scitranslmed.aav4772.,Springer S,Sci Transl Med,2019,2019-07-19,PMC7859881,NIHMS1068904,10.1126/scitranslmed.aav4772
30500888,Detection of rare disease variants in extended pedigrees using RVS,"Sherman T, Fu J, Scharpf RB, Bureau A, Ruczinski I.",Bioinformatics. 2019 Jul 15;35(14):2509-2511. doi: 10.1093/bioinformatics/bty976.,Sherman T,Bioinformatics,2019,2018-12-01,PMC6612888,,10.1093/bioinformatics/bty976
30983154,Integrated Transcriptomic and Proteomic Analysis of Primary Human Umbilical Vein Endothelial Cells,"Madugundu AK, Na CH, Nirujogi RS, Renuse S, Kim KP, Burns KH, Wilks C, Langmead B, Ellis SE, Collado-Torres L, Halushka MK, Kim MS, Pandey A.",Proteomics. 2019 Aug;19(15):e1800315. doi: 10.1002/pmic.201800315. Epub 2019 Jun 26.,Madugundu AK,Proteomics,2019,2019-04-16,PMC6812510,NIHMS1033640,10.1002/pmic.201800315
31106481,Integration of multiple epigenomic marks improves prediction of variant impact in saturation mutagenesis reporter assay,"Shigaki D, Adato O, Adhikari AN, Dong S, Hawkins-Hooker A, Inoue F, Juven-Gershon T, Kenlay H, Martin B, Patra A, Penzar DD, Schubach M, Xiong C, Yan Z, Boyle AP, Kreimer A, Kulakovskiy IV, Reid J, Unger R, Yosef N, Shendure J, Ahituv N, Kircher M, Beer MA.",Hum Mutat. 2019 Sep;40(9):1280-1291. doi: 10.1002/humu.23797. Epub 2019 Jun 23.,Shigaki D,Hum Mutat,2019,2019-05-21,PMC6879779,NIHMS1058763,10.1002/humu.23797
31234525,β-Cyclodextrin as a Functional Excipient Used for Enhancing the Diminazene Aceturate Bioavailability,"Marangoci N, Timpu D, Corciova A, Mircea C, Petrovici AR, Nicolescu A, Ursu EL, Nastasa V, Bostanaru AC, Mares M, Pertea M, Pinteala M.",Pharmaceutics. 2019 Jun 22;11(6):295. doi: 10.3390/pharmaceutics11060295.,Marangoci N,Pharmaceutics,2019,2019-06-26,PMC6630424,,10.3390/pharmaceutics11060295
31217334,Epigenetic activation and memory at a TGFB2 enhancer in systemic sclerosis,"Shin JY, Beckett JD, Bagirzadeh R, Creamer TJ, Shah AA, McMahan Z, Paik JJ, Sampedro MM, MacFarlane EG, Beer MA, Warren D, Wigley FM, Dietz HC.",Sci Transl Med. 2019 Jun 19;11(497):eaaw0790. doi: 10.1126/scitranslmed.aaw0790.,Shin JY,Sci Transl Med,2019,2019-06-21,PMC6995475,NIHMS1064604,10.1126/scitranslmed.aaw0790
31210129,Cretaceous dinosaur bone contains recent organic material and provides an environment conducive to microbial communities,"Saitta ET, Liang R, Lau MC, Brown CM, Longrich NR, Kaye TG, Novak BJ, Salzberg SL, Norell MA, Abbott GD, Dickinson MR, Vinther J, Bull ID, Brooker RA, Martin P, Donohoe P, Knowles TD, Penkman KE, Onstott T.",Elife. 2019 Jun 18;8:e46205. doi: 10.7554/eLife.46205.,Saitta ET,Elife,2019,2019-06-19,PMC6581507,,10.7554/eLife.46205
31199595,Evaluation of EGFR inhibitor-mediated acneiform skin toxicity within the double-blind randomized EVITA trial: A thorough gender-specific analysis using the WoMo score,"Gaiser MR, Lorenzen S, Merx K, Trojan J, Ocvirk J, Ettrich TJ, Al-Batran SE, Schulz H, Homann N, Feustel HP, Schatz M, Kripp M, Schulte N, Heeger S, Vlassak S, Koch W, Hofheinz RD.",Cancer Med. 2019 Aug;8(9):4169-4175. doi: 10.1002/cam4.2132. Epub 2019 Jun 14.,Gaiser MR,Cancer Med,2019,2019-06-15,PMC6675717,,10.1002/cam4.2132
31036567,Importance of the Conserved Carboxyl-Terminal CNOT1 Binding Domain to Tristetraprolin Activity In Vivo,"Lai WS, Stumpo DJ, Wells ML, Gruzdev A, Hicks SN, Nicholson CO, Yang Z, Faccio R, Webster MW, Passmore LA, Blackshear PJ.",Mol Cell Biol. 2019 Jun 13;39(13):e00029-19. doi: 10.1128/MCB.00029-19. Print 2019 Jul 1.,Lai WS,Mol Cell Biol,2019,2019-05-01,PMC6580703,,10.1128/MCB.00029-19
31202631,CHASMplus Reveals the Scope of Somatic Missense Mutations Driving Human Cancers,"Tokheim C, Karchin R.",Cell Syst. 2019 Jul 24;9(1):9-23.e8. doi: 10.1016/j.cels.2019.05.005. Epub 2019 Jun 12.,Tokheim C,Cell Syst,2019,2019-06-17,PMC6857794,NIHMS1529493,10.1016/j.cels.2019.05.005
31199308,Using Temporal Features to Provide Data-Driven Clinical Early Warnings for Chronic Obstructive Pulmonary Disease and Asthma Care Management: Protocol for a Secondary Analysis,"Luo G, Stone BL, Koebnick C, He S, Au DH, Sheng X, Murtaugh MA, Sward KA, Schatz M, Zeiger RS, Davidson GH, Nkoy FL.",JMIR Res Protoc. 2019 Jun 6;8(6):e13783. doi: 10.2196/13783.,Luo G,JMIR Res Protoc,2019,2019-06-15,PMC6592592,,10.2196/13783
31251378,"Prenatal Risk Factors and Perinatal and Postnatal Outcomes Associated With Maternal Opioid Exposure in an Urban, Low-Income, Multiethnic US Population","Azuine RE, Ji Y, Chang HY, Kim Y, Ji H, DiBari J, Hong X, Wang G, Singh GK, Pearson C, Zuckerman B, Surkan PJ, Wang X.",JAMA Netw Open. 2019 Jun 5;2(6):e196405. doi: 10.1001/jamanetworkopen.2019.6405.,Azuine RE,JAMA Netw Open,2019,2019-06-29,PMC6604084,,10.1001/jamanetworkopen.2019.6405
31175866,"Intraductal Papillary Mucinous Neoplasms Arise From Multiple Independent Clones, Each With Distinct Mutations","Fischer CG, Beleva Guthrie V, Braxton AM, Zheng L, Wang P, Song Q, Griffin JF, Chianchiano PE, Hosoda W, Niknafs N, Springer S, Dal Molin M, Masica D, Scharpf RB, Thompson ED, He J, Wolfgang CL, Hruban RH, Roberts NJ, Lennon AM, Jiao Y, Karchin R, Wood LD.",Gastroenterology. 2019 Oct;157(4):1123-1137.e22. doi: 10.1053/j.gastro.2019.06.001. Epub 2019 Jun 5.,Fischer CG,Gastroenterology,2019,2019-06-09,PMC6756950,NIHMS1531041,10.1053/j.gastro.2019.06.001
31164141,A practical guide to methods controlling false discoveries in computational biology,"Korthauer K, Kimes PK, Duvallet C, Reyes A, Subramanian A, Teng M, Shukla C, Alm EJ, Hicks SC.",Genome Biol. 2019 Jun 4;20(1):118. doi: 10.1186/s13059-019-1716-1.,Korthauer K,Genome Biol,2019,2019-06-06,PMC6547503,,10.1186/s13059-019-1716-1
31160820,Identification of rare-disease genes using blood transcriptome sequencing and large control cohorts,"Frésard L, Smail C, Ferraro NM, Teran NA, Li X, Smith KS, Bonner D, Kernohan KD, Marwaha S, Zappala Z, Balliu B, Davis JR, Liu B, Prybol CJ, Kohler JN, Zastrow DB, Reuter CM, Fisk DG, Grove ME, Davidson JM, Hartley T, Joshi R, Strober BJ, Utiramerur S; Undiagnosed Diseases Network; Care4Rare Canada Consortium; Lind L, Ingelsson E, Battle A, Bejerano G, Bernstein JA, Ashley EA, Boycott KM, Merker JD, Wheeler MT, Montgomery SB.",Nat Med. 2019 Jun;25(6):911-919. doi: 10.1038/s41591-019-0457-8. Epub 2019 Jun 3.,Frésard L,Nat Med,2019,2019-06-05,PMC6634302,NIHMS1527102,10.1038/s41591-019-0457-8
30698716,Multiancestry Genome-Wide Association Study of Lipid Levels Incorporating Gene-Alcohol Interactions,"de Vries PS, Brown MR, Bentley AR, Sung YJ, Winkler TW, Ntalla I, Schwander K, Kraja AT, Guo X, Franceschini N, Cheng CY, Sim X, Vojinovic D, Huffman JE, Musani SK, Li C, Feitosa MF, Richard MA, Noordam R, Aschard H, Bartz TM, Bielak LF, Deng X, Dorajoo R, Lohman KK, Manning AK, Rankinen T, Smith AV, Tajuddin SM, Evangelou E, Graff M, Alver M, Boissel M, Chai JF, Chen X, Divers J, Gandin I, Gao C, Goel A, Hagemeijer Y, Harris SE, Hartwig FP, He M, Horimoto ARVR, Hsu FC, Jackson AU, Kasturiratne A, Komulainen P, Kühnel B, Laguzzi F, Lee JH, Luan J, Lyytikäinen LP, Matoba N, Nolte IM, Pietzner M, Riaz M, Said MA, Scott RA, Sofer T, Stančáková A, Takeuchi F, Tayo BO, van der Most PJ, Varga TV, Wang Y, Ware EB, Wen W, Yanek LR, Zhang W, Zhao JH, Afaq S, Amin N, Amini M, Arking DE, Aung T, Ballantyne C, Boerwinkle E, Broeckel U, Campbell A, Canouil M, Charumathi S, Chen YI, Connell JM, de Faire U, de las Fuentes L, de Mutsert R, de Silva HJ, Ding J, Dominiczak AF, Duan Q, Eaton CB, Eppinga RN, Faul JD, Fisher V, Forrester T, Franco OH, Friedlander Y, Ghanbari M, Giulianini F, et al.",Am J Epidemiol. 2019 Jun 1;188(6):1033-1054. doi: 10.1093/aje/kwz005.,de Vries PS,Am J Epidemiol,2019,2019-01-31,PMC6545280,,10.1093/aje/kwz005
31271967,Samovar: Single-Sample Mosaic Single-Nucleotide Variant Calling with Linked Reads,"Darby CA, Fitch JR, Brennan PJ, Kelly BJ, Bir N, Magrini V, Leonard J, Cottrell CE, Gastier-Foster JM, Wilson RK, Mardis ER, White P, Langmead B, Schatz MC.",iScience. 2019 Aug 30;18:1-10. doi: 10.1016/j.isci.2019.05.037. Epub 2019 May 29.,Darby CA,iScience,2019,2019-07-05,PMC6609817,,10.1016/j.isci.2019.05.037
31142840,Genome-wide cell-free DNA fragmentation in patients with cancer,"Cristiano S, Leal A, Phallen J, Fiksel J, Adleff V, Bruhm DC, Jensen SØ, Medina JE, Hruban C, White JR, Palsgrove DN, Niknafs N, Anagnostou V, Forde P, Naidoo J, Marrone K, Brahmer J, Woodward BD, Husain H, van Rooijen KL, Ørntoft MW, Madsen AH, van de Velde CJH, Verheij M, Cats A, Punt CJA, Vink GR, van Grieken NCT, Koopman M, Fijneman RJA, Johansen JS, Nielsen HJ, Meijer GA, Andersen CL, Scharpf RB, Velculescu VE.",Nature. 2019 Jun;570(7761):385-389. doi: 10.1038/s41586-019-1272-6. Epub 2019 May 29.,Cristiano S,Nature,2019,2019-05-31,PMC6774252,NIHMS1529141,10.1038/s41586-019-1272-6
31149025,Prefix-free parsing for building big BWTs,"Boucher C, Gagie T, Kuhnle A, Langmead B, Manzini G, Mun T.",Algorithms Mol Biol. 2019 May 24;14:13. doi: 10.1186/s13015-019-0148-5. eCollection 2019.,Boucher C,Algorithms Mol Biol,2019,2019-06-01,PMC6534911,,10.1186/s13015-019-0148-5
30885929,Epigenetic Changes Induced by Bacteroides fragilis Toxin,"Allen J, Hao S, Sears CL, Timp W.",Infect Immun. 2019 May 21;87(6):e00447-18. doi: 10.1128/IAI.00447-18. Print 2019 Jun.,Allen J,Infect Immun,2019,2019-03-20,PMC6529667,,10.1128/IAI.00447-18
31110351,Genome-scale screens identify JNK-JUN signaling as a barrier for pluripotency exit and endoderm differentiation,"Li QV, Dixon G, Verma N, Rosen BP, Gordillo M, Luo R, Xu C, Wang Q, Soh CL, Yang D, Crespo M, Shukla A, Xiang Q, Dündar F, Zumbo P, Witkin M, Koche R, Betel D, Chen S, Massagué J, Garippa R, Evans T, Beer MA, Huangfu D.",Nat Genet. 2019 Jun;51(6):999-1010. doi: 10.1038/s41588-019-0408-9. Epub 2019 May 20.,Li QV,Nat Genet,2019,2019-05-22,PMC6545159,NIHMS1525995,10.1038/s41588-019-0408-9
31097038,Addressing confounding artifacts in reconstruction of gene co-expression networks,"Parsana P, Ruberman C, Jaffe AE, Schatz MC, Battle A, Leek JT.",Genome Biol. 2019 May 16;20(1):94. doi: 10.1186/s13059-019-1700-9.,Parsana P,Genome Biol,2019,2019-05-18,PMC6521369,,10.1186/s13059-019-1700-9
31097009,Next-generation genome annotation: we still struggle to get it right,Salzberg SL.,Genome Biol. 2019 May 16;20(1):92. doi: 10.1186/s13059-019-1715-2.,Salzberg SL,Genome Biol,2019,2019-05-18,PMC6521345,,10.1186/s13059-019-1715-2
31068692,Hypo-osmotic-like stress underlies general cellular defects of aneuploidy,"Tsai HJ, Nelliat AR, Choudhury MI, Kucharavy A, Bradford WD, Cook ME, Kim J, Mair DB, Sun SX, Schatz MC, Li R.",Nature. 2019 Jun;570(7759):117-121. doi: 10.1038/s41586-019-1187-2. Epub 2019 May 8.,Tsai HJ,Nature,2019,2019-05-10,PMC6583789,NIHMS1526814,10.1038/s41586-019-1187-2
31068470,Multiple SCN5A variant enhancers modulate its cardiac gene expression and the QT interval,"Kapoor A, Lee D, Zhu L, Soliman EZ, Grove ML, Boerwinkle E, Arking DE, Chakravarti A.",Proc Natl Acad Sci U S A. 2019 May 28;116(22):10636-10645. doi: 10.1073/pnas.1808734116. Epub 2019 May 8.,Kapoor A,Proc Natl Acad Sci U S A,2019,2019-05-10,PMC6561183,,10.1073/pnas.1808734116
31064768,Human contamination in bacterial genomes has created thousands of spurious proteins,"Breitwieser FP, Pertea M, Zimin AV, Salzberg SL.",Genome Res. 2019 Jun;29(6):954-960. doi: 10.1101/gr.245373.118. Epub 2019 May 7.,Breitwieser FP,Genome Res,2019,2019-05-09,PMC6581058,,10.1101/gr.245373.118
31043617,"Author Correction: Study of 300,486 individuals identifies 148 independent genetic loci influencing general cognitive function","Davies G, Lam M, Harris SE, Trampush JW, Luciano M, Hill WD, Hagenaars SP, Ritchie SJ, Marioni RE, Fawns-Ritchie C, Liewald DCM, Okely JA, Ahola-Olli AV, Barnes CLK, Bertram L, Bis JC, Burdick KE, Christoforou A, DeRosse P, Djurovic S, Espeseth T, Giakoumaki S, Giddaluru S, Gustavson DE, Hayward C, Hofer E, Ikram MA, Karlsson R, Knowles E, Lahti J, Leber M, Li S, Mather KA, Melle I, Morris D, Oldmeadow C, Palviainen T, Payton A, Pazoki R, Petrovic K, Reynolds CA, Sargurupremraj M, Scholz M, Smith JA, Smith AV, Terzikhan N, Thalamuthu A, Trompet S, van der Lee SJ, Ware EB, Windham BG, Wright MJ, Yang J, Yu J, Ames D, Amin N, Amouyel P, Andreassen OA, Armstrong NJ, Assareh AA, Attia JR, Attix D, Avramopoulos D, Bennett DA, Böhmer AC, Boyle PA, Brodaty H, Campbell H, Cannon TD, Cirulli ET, Congdon E, Conley ED, Corley J, Cox SR, Dale AM, Dehghan A, Dick D, Dickinson D, Eriksson JG, Evangelou E, Faul JD, Ford I, Freimer NA, Gao H, Giegling I, Gillespie NA, Gordon SD, Gottesman RF, Griswold ME, Gudnason V, Harris TB, Hartmann AM, Hatzimanolis A, Heiss G, Holliday EG, Joshi PK, Kähönen M, Kardia SLR, Karlsson I, Kleineidam L, et al.",Nat Commun. 2019 May 1;10(1):2068. doi: 10.1038/s41467-019-10160-w.,Davies G,Nat Commun,2019,2019-05-03,PMC6494826,,10.1038/s41467-019-10160-w
32477031,"An Individualized, Data-Driven Digital Approach for Precision Behavior Change","Wongvibulsin S, Martin SS, Saria S, Zeger SL, Murphy SA.",Am J Lifestyle Med. 2019 Apr 25;14(3):289-293. doi: 10.1177/1559827619843489. eCollection 2020 May-Jun.,Wongvibulsin S,Am J Lifestyle Med,2019,2020-06-02,PMC7232899,,10.1177/1559827619843489
31004614,Maternal triacylglycerol signature and risk of food allergy in offspring,"Hong X, Liang L, Sun Q, Keet CA, Tsai HJ, Ji Y, Wang G, Ji H, Clish C, Pearson C, Wang Y, Wood RA, Hu FB, Wang X.",J Allergy Clin Immunol. 2019 Sep;144(3):729-737. doi: 10.1016/j.jaci.2019.03.033. Epub 2019 Apr 18.,Hong X,J Allergy Clin Immunol,2019,2019-04-21,PMC6941352,NIHMS1060168,10.1016/j.jaci.2019.03.033
30476184,"Association Between HIV Infection and Mitochondrial DNA Copy Number in Peripheral Blood: A Population-Based, Prospective Cohort Study","Sun J, Longchamps RJ, Piggott DA, Castellani CA, Sumpter JA, Brown TT, Mehta SH, Arking DE, Kirk GD.",J Infect Dis. 2019 Apr 8;219(8):1285-1293. doi: 10.1093/infdis/jiy658.,Sun J,J Infect Dis,2019,2018-11-27,PMC6452302,,10.1093/infdis/jiy658
30950127,Imputed gene associations identify replicable trans-acting genes enriched in transcription pathways and complex traits,"Wheeler HE, Ploch S, Barbeira AN, Bonazzola R, Andaleon A, Fotuhi Siahpirani A, Saha A, Battle A, Roy S, Im HK.",Genet Epidemiol. 2019 Sep;43(6):596-608. doi: 10.1002/gepi.22205. Epub 2019 Apr 4.,Wheeler HE,Genet Epidemiol,2019,2019-04-06,PMC6687523,NIHMS1020131,10.1002/gepi.22205
30912456,NT -pro BNP as a Mediator of the Racial Difference in Incident Atrial Fibrillation and Heart Failure,"Whitman IR, Vittinghoff E, DeFilippi CR, Gottdiener JS, Alonso A, Psaty BM, Heckbert SR, Hoogeveen RC, Arking DE, Selvin E, Chen LY, Dewland TA, Marcus GM.",J Am Heart Assoc. 2019 Apr 2;8(7):e010868. doi: 10.1161/JAHA.118.010868.,Whitman IR,J Am Heart Assoc,2019,2019-03-27,PMC6509704,,10.1161/JAHA.118.010868
30624610,Functionally oriented analysis of cardiometabolic traits in a trans-ethnic sample,"Petty LE, Highland HM, Gamazon ER, Hu H, Karhade M, Chen HH, de Vries PS, Grove ML, Aguilar D, Bell GI, Huff CD, Hanis CL, Doddapaneni H, Munzy DM, Gibbs RA, Ma J, Parra EJ, Cruz M, Valladares-Salgado A, Arking DE, Barbeira A, Im HK, Morrison AC, Boerwinkle E, Below JE.",Hum Mol Genet. 2019 Apr 1;28(7):1212-1224. doi: 10.1093/hmg/ddy435.,Petty LE,Hum Mol Genet,2019,2019-01-10,PMC6423424,,10.1093/hmg/ddy435
30141020,"Tools Measuring Quality of Death, Dying, and Care, Completed after Death: Systematic Review of Psychometric Properties","Kupeli N, Candy B, Tamura-Rose G, Schofield G, Webber N, Hicks SE, Floyd T, Vivat B, Sampson EL, Stone P, Aspden T.",Patient. 2019 Apr;12(2):183-197. doi: 10.1007/s40271-018-0328-2.,Kupeli N,Patient,2019,2018-08-25,PMC6397142,,10.1007/s40271-018-0328-2
30926973,"Multi-ancestry genome-wide gene-smoking interaction study of 387,272 individuals identifies new loci associated with serum lipids","Bentley AR, Sung YJ, Brown MR, Winkler TW, Kraja AT, Ntalla I, Schwander K, Chasman DI, Lim E, Deng X, Guo X, Liu J, Lu Y, Cheng CY, Sim X, Vojinovic D, Huffman JE, Musani SK, Li C, Feitosa MF, Richard MA, Noordam R, Baker J, Chen G, Aschard H, Bartz TM, Ding J, Dorajoo R, Manning AK, Rankinen T, Smith AV, Tajuddin SM, Zhao W, Graff M, Alver M, Boissel M, Chai JF, Chen X, Divers J, Evangelou E, Gao C, Goel A, Hagemeijer Y, Harris SE, Hartwig FP, He M, Horimoto ARVR, Hsu FC, Hung YJ, Jackson AU, Kasturiratne A, Komulainen P, Kühnel B, Leander K, Lin KH, Luan J, Lyytikäinen LP, Matoba N, Nolte IM, Pietzner M, Prins B, Riaz M, Robino A, Said MA, Schupf N, Scott RA, Sofer T, Stancáková A, Takeuchi F, Tayo BO, van der Most PJ, Varga TV, Wang TD, Wang Y, Ware EB, Wen W, Xiang YB, Yanek LR, Zhang W, Zhao JH, Adeyemo A, Afaq S, Amin N, Amini M, Arking DE, Arzumanyan Z, Aung T, Ballantyne C, Barr RG, Bielak LF, Boerwinkle E, Bottinger EP, Broeckel U, Brown M, Cade BE, Campbell A, Canouil M, Charumathi S, Chen YI, Christensen K, et al.",Nat Genet. 2019 Apr;51(4):636-648. doi: 10.1038/s41588-019-0378-y. Epub 2019 Mar 29.,Bentley AR,Nat Genet,2019,2019-03-31,PMC6467258,NIHMS1521094,10.1038/s41588-019-0378-y
30906866,Inhibiting the stringent response blocks Mycobacterium tuberculosis entry into quiescence and reduces persistence,"Dutta NK, Klinkenberg LG, Vazquez MJ, Segura-Carro D, Colmenarejo G, Ramon F, Rodriguez-Miquel B, Mata-Cantero L, Porras-De Francisco E, Chuang YM, Rubin H, Lee JJ, Eoh H, Bader JS, Perez-Herran E, Mendoza-Losana A, Karakousis PC.",Sci Adv. 2019 Mar 20;5(3):eaav2104. doi: 10.1126/sciadv.aav2104. eCollection 2019 Mar.,Dutta NK,Sci Adv,2019,2019-03-26,PMC6426458,,10.1126/sciadv.aav2104
30866806,Linear models enable powerful differential activity analysis in massively parallel reporter assays,"Myint L, Avramopoulos DG, Goff LA, Hansen KD.",BMC Genomics. 2019 Mar 12;20(1):209. doi: 10.1186/s12864-019-5556-x.,Myint L,BMC Genomics,2019,2019-03-15,PMC6417258,,10.1186/s12864-019-5556-x
30858344,Coexpression patterns define epigenetic regulators associated with neurological dysfunction,"Boukas L, Havrilla JM, Hickey PF, Quinlan AR, Bjornsson HT, Hansen KD.",Genome Res. 2019 Apr;29(4):532-542. doi: 10.1101/gr.239442.118. Epub 2019 Mar 11.,Boukas L,Genome Res,2019,2019-03-13,PMC6442390,,10.1101/gr.239442.118
30824707,A multi-task convolutional deep neural network for variant calling in single molecule sequencing,"Luo R, Sedlazeck FJ, Lam TW, Schatz MC.",Nat Commun. 2019 Mar 1;10(1):998. doi: 10.1038/s41467-019-09025-z.,Luo R,Nat Commun,2019,2019-03-03,PMC6397153,,10.1038/s41467-019-09025-z
30698692,New de novo assembly of the Atlantic bottlenose dolphin (Tursiops truncatus) improves genome completeness and provides haplotype phasing,"Martinez-Viaud KA, Lawley CT, Vergara MM, Ben-Zvi G, Biniashvili T, Baruch K, St Leger J, Le J, Natarajan A, Rivera M, Guillergan M, Jaeger E, Steffy B, Zimin A.",Gigascience. 2019 Mar 1;8(3):giy168. doi: 10.1093/gigascience/giy168.,Martinez-Viaud KA,Gigascience,2019,2019-01-31,PMC6443575,,10.1093/gigascience/giy168
30576282,"Novel circular RNA circNF1 acts as a molecular sponge, promoting gastric cancer by absorbing miR-16","Wang Z, Ma K, Pitts S, Cheng Y, Liu X, Ke X, Kovaka S, Ashktorab H, Smoot DT, Schatz M, Wang Z, Meltzer SJ.",Endocr Relat Cancer. 2019 Mar;26(3):265-277. doi: 10.1530/ERC-18-0478.,Wang Z,Endocr Relat Cancer,2019,2018-12-22,PMC6545167,NIHMS1517668,10.1530/ERC-18-0478
30787307,Association study in African-admixed populations across the Americas recapitulates asthma risk loci in non-African populations,"Daya M, Rafaels N, Brunetti TM, Chavan S, Levin AM, Shetty A, Gignoux CR, Boorgula MP, Wojcik G, Campbell M, Vergara C, Torgerson DG, Ortega VE, Doumatey A, Johnston HR, Acevedo N, Araujo MI, Avila PC, Belbin G, Bleecker E, Bustamante C, Caraballo L, Cruz A, Dunston GM, Eng C, Faruque MU, Ferguson TS, Figueiredo C, Ford JG, Gan W, Gourraud PA, Hansel NN, Hernandez RD, Herrera-Paz EF, Jiménez S, Kenny EE, Knight-Madden J, Kumar R, Lange LA, Lange EM, Lizee A, Maul P, Maul T, Mayorga A, Meyers D, Nicolae DL, O'Connor TD, Oliveira RR, Olopade CO, Olopade O, Qin ZS, Rotimi C, Vince N, Watson H, Wilks RJ, Wilson JG, Salzberg S, Ober C, Burchard EG, Williams LK, Beaty TH, Taub MA, Ruczinski I, Mathias RA, Barnes KC; CAAPA.",Nat Commun. 2019 Feb 20;10(1):880. doi: 10.1038/s41467-019-08469-7.,Daya M,Nat Commun,2019,2019-02-22,PMC6382865,,10.1038/s41467-019-08469-7
30782122,Sex differences in gene regulation in the dorsal root ganglion after nerve injury,"Stephens KE, Zhou W, Ji Z, Chen Z, He S, Ji H, Guan Y, Taverna SD.",BMC Genomics. 2019 Feb 19;20(1):147. doi: 10.1186/s12864-019-5512-9.,Stephens KE,BMC Genomics,2019,2019-02-21,PMC6381758,,10.1186/s12864-019-5512-9
30084993,Detection of de novo copy number deletions from targeted sequencing of trios,"Fu JM, Leslie EJ, Scott AF, Murray JC, Marazita ML, Beaty TH, Scharpf RB, Ruczinski I.",Bioinformatics. 2019 Feb 15;35(4):571-578. doi: 10.1093/bioinformatics/bty677.,Fu JM,Bioinformatics,2019,2018-08-08,PMC6378941,,10.1093/bioinformatics/bty677
30052772,The Terabase Search Engine: a large-scale relational database of short-read sequences,"Wilton R, Wheelan SJ, Szalay AS, Salzberg SL.",Bioinformatics. 2019 Feb 15;35(4):665-670. doi: 10.1093/bioinformatics/bty657.,Wilton R,Bioinformatics,2019,2018-07-28,PMC6379032,,10.1093/bioinformatics/bty657
30742112,Retinal transcriptome and eQTL analyses identify genes associated with age-related macular degeneration,"Ratnapriya R, Sosina OA, Starostik MR, Kwicklis M, Kapphahn RJ, Fritsche LG, Walton A, Arvanitis M, Gieser L, Pietraszkiewicz A, Montezuma SR, Chew EY, Battle A, Abecasis GR, Ferrington DA, Chatterjee N, Swaroop A.",Nat Genet. 2019 Apr;51(4):606-610. doi: 10.1038/s41588-019-0351-9. Epub 2019 Feb 11.,Ratnapriya R,Nat Genet,2019,2019-02-12,PMC6441365,NIHMS1518564,10.1038/s41588-019-0351-9
30664813,Characterization of human telomerase reverse transcriptase promoter methylation and transcription factor binding in differentiated thyroid cancer cell lines,"Avin BA, Wang Y, Gilpatrick T, Workman RE, Lee I, Timp W, Umbricht CB, Zeiger MA.",Genes Chromosomes Cancer. 2019 Aug;58(8):530-540. doi: 10.1002/gcc.22735. Epub 2019 Feb 10.,Avin BA,Genes Chromosomes Cancer,2019,2019-01-22,PMC6621557,NIHMS1017477,10.1002/gcc.22735
30709357,Graph genomes article collection,"Schatz MC, Cosgrove A.",Genome Biol. 2019 Feb 1;20(1):25. doi: 10.1186/s13059-019-1636-0.,Schatz MC,Genome Biol,2019,2019-02-03,PMC6357451,,10.1186/s13059-019-1636-0
30673084,Assessment of the Relationship Between Genetic Determinants of Thyroid Function and Atrial Fibrillation: A Mendelian Randomization Study,"Ellervik C, Roselli C, Christophersen IE, Alonso A, Pietzner M, Sitlani CM, Trompet S, Arking DE, Geelhoed B, Guo X, Kleber ME, Lin HJ, Lin H, MacFarlane P, Selvin E, Shaffer C, Smith AV, Verweij N, Weiss S, Cappola AR, Dörr M, Gudnason V, Heckbert S, Mooijaart S, März W, Psaty BM, Ridker PM, Roden D, Stott DJ, Völzke H, Benjamin EJ, Delgado G, Ellinor P, Homuth G, Köttgen A, Jukema JW, Lubitz SA, Mora S, Rienstra M, Rotter JI, Shoemaker MB, Sotoodehnia N, Taylor KD, van der Harst P, Albert CM, Chasman DI.",JAMA Cardiol. 2019 Feb 1;4(2):144-152. doi: 10.1001/jamacardio.2018.4635.,Ellervik C,JAMA Cardiol,2019,2019-01-24,PMC6396813,,10.1001/jamacardio.2018.4635
30020410,Scaling read aligners to hundreds of threads on general-purpose processors,"Langmead B, Wilks C, Antonescu V, Charles R.",Bioinformatics. 2019 Feb 1;35(3):421-432. doi: 10.1093/bioinformatics/bty648.,Langmead B,Bioinformatics,2019,2018-07-19,PMC6361242,,10.1093/bioinformatics/bty648
30712845,A Murine Model of Chronic Lymphocytic Leukemia Based on B Cell-Restricted Expression of Sf3b1 Mutation and Atm Deletion,"Yin S, Gambe RG, Sun J, Martinez AZ, Cartun ZJ, Regis FFD, Wan Y, Fan J, Brooks AN, Herman SEM, Ten Hacken E, Taylor-Weiner A, Rassenti LZ, Ghia EM, Kipps TJ, Obeng EA, Cibulskis CL, Neuberg D, Campagna DR, Fleming MD, Ebert BL, Wiestner A, Leshchiner I, DeCaprio JA, Getz G, Reed R, Carrasco RD, Wu CJ, Wang L.",Cancer Cell. 2019 Feb 11;35(2):283-296.e5. doi: 10.1016/j.ccell.2018.12.013. Epub 2019 Jan 31.,Yin S,Cancer Cell,2019,2019-02-05,PMC6372356,NIHMS1007282,10.1016/j.ccell.2018.12.013
30692699,ApoE attenuates unresolvable inflammation by complex formation with activated C1q,"Yin C, Ackermann S, Ma Z, Mohanta SK, Zhang C, Li Y, Nietzsche S, Westermann M, Peng L, Hu D, Bontha SV, Srikakulapu P, Beer M, Megens RTA, Steffens S, Hildner M, Halder LD, Eckstein HH, Pelisek J, Herms J, Roeber S, Arzberger T, Borodovsky A, Habenicht L, Binder CJ, Weber C, Zipfel PF, Skerka C, Habenicht AJR.",Nat Med. 2019 Mar;25(3):496-506. doi: 10.1038/s41591-018-0336-8. Epub 2019 Jan 28.,Yin C,Nat Med,2019,2019-01-30,PMC6420126,EMS80920,10.1038/s41591-018-0336-8
30679814,"Genome-wide association meta-analysis of 30,000 samples identifies seven novel loci for quantitative ECG traits","van Setten J, Verweij N, Mbarek H, Niemeijer MN, Trompet S, Arking DE, Brody JA, Gandin I, Grarup N, Hall LM, Hemerich D, Lyytikäinen LP, Mei H, Müller-Nurasyid M, Prins BP, Robino A, Smith AV, Warren HR, Asselbergs FW, Boomsma DI, Caulfield MJ, Eijgelsheim M, Ford I, Hansen T, Harris TB, Heckbert SR, Hottenga JJ, Iorio A, Kors JA, Linneberg A, MacFarlane PW, Meitinger T, Nelson CP, Raitakari OT, Silva Aldana CT, Sinagra G, Sinner M, Soliman EZ, Stoll M, Uitterlinden A, van Duijn CM, Waldenberger M, Alonso A, Gasparini P, Gudnason V, Jamshidi Y, Kääb S, Kanters JK, Lehtimäki T, Munroe PB, Peters A, Samani NJ, Sotoodehnia N, Ulivi S, Wilson JG, de Geus EJC, Jukema JW, Stricker B, van der Harst P, de Bakker PIW, Isaacs A.",Eur J Hum Genet. 2019 Jun;27(6):952-962. doi: 10.1038/s41431-018-0295-z. Epub 2019 Jan 24.,van Setten J,Eur J Hum Genet,2019,2019-01-26,PMC6777533,,10.1038/s41431-018-0295-z
30674722,Human primary liver cancer organoids reveal intratumor and interpatient drug response heterogeneity,"Li L, Knutsdottir H, Hui K, Weiss MJ, He J, Philosophe B, Cameron AM, Wolfgang CL, Pawlik TM, Ghiaur G, Ewald AJ, Mezey E, Bader JS, Selaru FM.",JCI Insight. 2019 Jan 24;4(2):e121490. doi: 10.1172/jci.insight.121490.,Li L,JCI Insight,2019,2019-01-25,PMC6413833,,10.1172/jci.insight.121490
30430578,Single-cell sequencing defines genetic heterogeneity in pancreatic cancer precursor lesions,"Kuboki Y, Fischer CG, Beleva Guthrie V, Huang W, Yu J, Chianchiano P, Hosoda W, Zhang H, Zheng L, Shao X, Thompson ED, Waters K, Poling J, He J, Weiss MJ, Wolfgang CL, Goggins MG, Hruban RH, Roberts NJ, Karchin R, Wood LD.",J Pathol. 2019 Mar;247(3):347-356. doi: 10.1002/path.5194. Epub 2019 Jan 16.,Kuboki Y,J Pathol,2019,2018-11-16,PMC6368872,NIHMS997244,10.1002/path.5194
30643296,Neuronal brain-region-specific DNA methylation and chromatin accessibility are associated with neuropsychiatric trait heritability,"Rizzardi LF, Hickey PF, Rodriguez DiBlasi V, Tryggvadóttir R, Callahan CM, Idrizi A, Hansen KD, Feinberg AP.",Nat Neurosci. 2019 Feb;22(2):307-316. doi: 10.1038/s41593-018-0297-8. Epub 2019 Jan 14.,Rizzardi LF,Nat Neurosci,2019,2019-01-16,PMC6348048,NIHMS1512646,10.1038/s41593-018-0297-8
30461089,"Impact of parental asthma, prenatal maternal asthma control, and vitamin D status on risk of asthma and recurrent wheeze in 3-year-old children","Mirzakhani H, Carey VJ, Zeiger R, Bacharier LB, O'Connor GT, Schatz MX, Laranjo N, Weiss ST, Litonjua AA.",Clin Exp Allergy. 2019 Apr;49(4):419-429. doi: 10.1111/cea.13320. Epub 2019 Jan 3.,Mirzakhani H,Clin Exp Allergy,2019,2018-11-22,PMC6438751,NIHMS998121,10.1111/cea.13320
31050641,Fractional Exhaled Nitric Oxide-Assisted Management of Uncontrolled Persistent Asthma: A Real-World Prospective Observational Study,"Zeiger RS, Schatz M, Yang SJ, Chen W.",Perm J. 2019;23:18-109. doi: 10.7812/TPP/18-109.,Zeiger RS,Perm J,2019,2019-05-04,PMC6499115,,10.7812/TPP/18-109
30653135,Nail bed solitary neurofibroma: A case report and literature review,"Pertea M, Grosu OM, Terinte C, Poroch V, Velenciuc N, Lunca S.",Medicine (Baltimore). 2019 Jan;98(3):e14111. doi: 10.1097/MD.0000000000014111.,Pertea M,Medicine (Baltimore),2019,2019-01-18,PMC6370057,,10.1097/MD.0000000000014111
30595373,Associations of Mitochondrial and Nuclear Mitochondrial Variants and Genes with Seven Metabolic Traits,"Kraja AT, Liu C, Fetterman JL, Graff M, Have CT, Gu C, Yanek LR, Feitosa MF, Arking DE, Chasman DI, Young K, Ligthart S, Hill WD, Weiss S, Luan J, Giulianini F, Li-Gao R, Hartwig FP, Lin SJ, Wang L, Richardson TG, Yao J, Fernandez EP, Ghanbari M, Wojczynski MK, Lee WJ, Argos M, Armasu SM, Barve RA, Ryan KA, An P, Baranski TJ, Bielinski SJ, Bowden DW, Broeckel U, Christensen K, Chu AY, Corley J, Cox SR, Uitterlinden AG, Rivadeneira F, Cropp CD, Daw EW, van Heemst D, de las Fuentes L, Gao H, Tzoulaki I, Ahluwalia TS, de Mutsert R, Emery LS, Erzurumluoglu AM, Perry JA, Fu M, Forouhi NG, Gu Z, Hai Y, Harris SE, Hemani G, Hunt SC, Irvin MR, Jonsson AE, Justice AE, Kerrison ND, Larson NB, Lin KH, Love-Gregory LD, Mathias RA, Lee JH, Nauck M, Noordam R, Ong KK, Pankow J, Patki A, Pattie A, Petersmann A, Qi Q, Ribel-Madsen R, Rohde R, Sandow K, Schnurr TM, Sofer T, Starr JM, Taylor AM, Teumer A, Timpson NJ, de Haan HG, Wang Y, Weeke PE, Williams C, Wu H, Yang W, Zeng D, Witte DR, Weir BS, Wareham NJ, Vestergaard H, Turner ST, Torp-Pedersen C, Stergiakouli E, Sheu WH, et al.",Am J Hum Genet. 2019 Jan 3;104(1):112-138. doi: 10.1016/j.ajhg.2018.12.001. Epub 2018 Dec 27.,Kraja AT,Am J Hum Genet,2019,2019-01-01,PMC6323610,,10.1016/j.ajhg.2018.12.001
30593799,Multi-Ancestry Genome-Wide Association Study of Spontaneous Clearance of Hepatitis C Virus,"Vergara C, Thio CL, Johnson E, Kral AH, O'Brien TR, Goedert JJ, Mangia A, Piazzolla V, Mehta SH, Kirk GD, Kim AY, Lauer GM, Chung RT, Cox AL, Peters MG, Khakoo SI, Alric L, Cramp ME, Donfield SM, Edlin BR, Busch MP, Alexander G, Rosen HR, Murphy EL, Latanich R, Wojcik GL, Taub MA, Valencia A, Thomas DL, Duggal P.",Gastroenterology. 2019 Apr;156(5):1496-1507.e7. doi: 10.1053/j.gastro.2018.12.014. Epub 2018 Dec 26.,Vergara C,Gastroenterology,2019,2018-12-30,PMC6788806,NIHMS1517446,10.1053/j.gastro.2018.12.014
30573519,Early Noninvasive Detection of Response to Targeted Therapy in Non-Small Cell Lung Cancer,"Phallen J, Leal A, Woodward BD, Forde PM, Naidoo J, Marrone KA, Brahmer JR, Fiksel J, Medina JE, Cristiano S, Palsgrove DN, Gocke CD, Bruhm DC, Keshavarzian P, Adleff V, Weihe E, Anagnostou V, Scharpf RB, Velculescu VE, Husain H.",Cancer Res. 2019 Mar 15;79(6):1204-1213. doi: 10.1158/0008-5472.CAN-18-1082. Epub 2018 Dec 20.,Phallen J,Cancer Res,2019,2018-12-22,PMC6481620,NIHMS1010194,10.1158/0008-5472.CAN-18-1082
30541742,Dynamics of Tumor and Immune Responses during Immune Checkpoint Blockade in Non-Small Cell Lung Cancer,"Anagnostou V, Forde PM, White JR, Niknafs N, Hruban C, Naidoo J, Marrone K, Sivakumar IKA, Bruhm DC, Rosner S, Phallen J, Leal A, Adleff V, Smith KN, Cottrell TR, Rhymee L, Palsgrove DN, Hann CL, Levy B, Feliciano J, Georgiades C, Verde F, Illei P, Li QK, Gabrielson E, Brock MV, Isbell JM, Sauter JL, Taube J, Scharpf RB, Karchin R, Pardoll DM, Chaft JE, Hellmann MD, Brahmer JR, Velculescu VE.",Cancer Res. 2019 Mar 15;79(6):1214-1225. doi: 10.1158/0008-5472.CAN-18-1127. Epub 2018 Dec 12.,Anagnostou V,Cancer Res,2019,2018-12-14,PMC6432636,NIHMS1007908,10.1158/0008-5472.CAN-18-1127
30486913,Maternal postpartum plasma folate status and preterm birth in a high-risk US population,"Olapeju B, Saifuddin A, Wang G, Ji Y, Hong X, Raghavan R, Summers A, Keiser A, Ji H, Zuckerman B, Yarrington C, Hao L, Surkan PJ, Cheng TL, Wang X.",Public Health Nutr. 2019 May;22(7):1281-1291. doi: 10.1017/S1368980018003221. Epub 2018 Nov 29.,Olapeju B,Public Health Nutr,2019,2018-11-30,PMC6486449,NIHMS1001600,10.1017/S1368980018003221
30455414,Assembly of a pan-genome from deep sequencing of 910 humans of African descent,"Sherman RM, Forman J, Antonescu V, Puiu D, Daya M, Rafaels N, Boorgula MP, Chavan S, Vergara C, Ortega VE, Levin AM, Eng C, Yazdanbakhsh M, Wilson JG, Marrugo J, Lange LA, Williams LK, Watson H, Ware LB, Olopade CO, Olopade O, Oliveira RR, Ober C, Nicolae DL, Meyers DA, Mayorga A, Knight-Madden J, Hartert T, Hansel NN, Foreman MG, Ford JG, Faruque MU, Dunston GM, Caraballo L, Burchard EG, Bleecker ER, Araujo MI, Herrera-Paz EF, Campbell M, Foster C, Taub MA, Beaty TH, Ruczinski I, Mathias RA, Barnes KC, Salzberg SL.",Nat Genet. 2019 Jan;51(1):30-35. doi: 10.1038/s41588-018-0273-y. Epub 2018 Nov 19.,Sherman RM,Nat Genet,2019,2018-11-21,PMC6309586,NIHMS1509230,10.1038/s41588-018-0273-y
30246882,Inferring disease risk genes from sequencing data in multiplex pedigrees through sharing of rare variants,"Bureau A, Begum F, Taub MA, Hetmanski JB, Parker MM, Albacha-Hejazi H, Scott AF, Murray JC, Marazita ML, Bailey-Wilson JE, Beaty TH, Ruczinski I.",Genet Epidemiol. 2019 Feb;43(1):37-49. doi: 10.1002/gepi.22155. Epub 2018 Sep 24.,Bureau A,Genet Epidemiol,2019,2018-09-25,PMC6330140,NIHMS984338,10.1002/gepi.22155
29553866,Targeted deep sequencing of the PEAR1 locus for platelet aggregation in European and African American families,"Keramati AR, Yanek LR, Iyer K, Taub MA, Ruczinski I, Becker DM, Becker LC, Faraday N, Mathias RA.",Platelets. 2019;30(3):380-386. doi: 10.1080/09537104.2018.1447659. Epub 2018 Mar 19.,Keramati AR,Platelets,2019,2018-03-20,PMC8257055,NIHMS1501017,10.1080/09537104.2018.1447659
29144191,Paternal involvement and support and risk of preterm birth: findings from the Boston birth cohort,"Surkan PJ, Dong L, Ji Y, Hong X, Ji H, Kimmel M, Tang WY, Wang X.",J Psychosom Obstet Gynaecol. 2019 Mar;40(1):48-56. doi: 10.1080/0167482X.2017.1398725. Epub 2017 Nov 16.,Surkan PJ,J Psychosom Obstet Gynaecol,2019,2017-11-17,PMC6143424,NIHMS1501021,10.1080/0167482X.2017.1398725
30596635,"Better medicine through machine learning: What's real, and what's artificial?","Saria S, Butte A, Sheikh A.",PLoS Med. 2018 Dec 31;15(12):e1002721. doi: 10.1371/journal.pmed.1002721. eCollection 2018 Dec.,Saria S,PLoS Med,2018,2019-01-01,PMC6312199,,10.1371/journal.pmed.1002721
30373801,Applying Rapid Whole-Genome Sequencing To Predict Phenotypic Antimicrobial Susceptibility Testing Results among Carbapenem-Resistant Klebsiella pneumoniae Clinical Isolates,"Tamma PD, Fan Y, Bergman Y, Pertea G, Kazmi AQ, Lewis S, Carroll KC, Schatz MC, Timp W, Simner PJ.",Antimicrob Agents Chemother. 2018 Dec 21;63(1):e01923-18. doi: 10.1128/AAC.01923-18. Print 2019 Jan.,Tamma PD,Antimicrob Agents Chemother,2018,2018-10-31,PMC6325187,,10.1128/AAC.01923-18
30598722,Controversies in drug allergy: consensus documents from the world experts,"Schatz M, Fiocchi A, Jensen-Jarolim E, Ballas ZK.",World Allergy Organ J. 2018 Dec 19;11(1):41. doi: 10.1186/s40413-018-0223-2. eCollection 2018.,Schatz M,World Allergy Organ J,2018,2019-01-02,PMC6299546,,10.1186/s40413-018-0223-2
30562388,Protein engineering strategies for improving the selective methylation of target CpG sites by a dCas9-directed cytosine methyltransferase in bacteria,"Xiong T, Rohm D, Workman RE, Roundtree L, Novina CD, Timp W, Ostermeier M.",PLoS One. 2018 Dec 18;13(12):e0209408. doi: 10.1371/journal.pone.0209408. eCollection 2018.,Xiong T,PLoS One,2018,2018-12-19,PMC6298699,,10.1371/journal.pone.0209408
30562350,Local epigenomic state cannot discriminate interacting and non-interacting enhancer-promoter pairs with high accuracy,"Xi W, Beer MA.",PLoS Comput Biol. 2018 Dec 18;14(12):e1006625. doi: 10.1371/journal.pcbi.1006625. eCollection 2018 Dec.,Xi W,PLoS Comput Biol,2018,2018-12-19,PMC6298642,,10.1371/journal.pcbi.1006625
30558649,FORGe: prioritizing variants for graph genomes,"Pritt J, Chen NC, Langmead B.",Genome Biol. 2018 Dec 17;19(1):220. doi: 10.1186/s13059-018-1595-x.,Pritt J,Genome Biol,2018,2018-12-19,PMC6296055,,10.1186/s13059-018-1595-x
30535219,Association Between Titin Loss-of-Function Variants and Early-Onset Atrial Fibrillation,"Choi SH, Weng LC, Roselli C, Lin H, Haggerty CM, Shoemaker MB, Barnard J, Arking DE, Chasman DI, Albert CM, Chaffin M, Tucker NR, Smith JD, Gupta N, Gabriel S, Margolin L, Shea MA, Shaffer CM, Yoneda ZT, Boerwinkle E, Smith NL, Silverman EK, Redline S, Vasan RS, Burchard EG, Gogarten SM, Laurie C, Blackwell TW, Abecasis G, Carey DJ, Fornwalt BK, Smelser DT, Baras A, Dewey FE, Jaquish CE, Papanicolaou GJ, Sotoodehnia N, Van Wagoner DR, Psaty BM, Kathiresan S, Darbar D, Alonso A, Heckbert SR, Chung MK, Roden DM, Benjamin EJ, Murray MF, Lunetta KL, Lubitz SA, Ellinor PT; DiscovEHR study and the NHLBI Trans-Omics for Precision Medicine (TOPMed) Consortium.",JAMA. 2018 Dec 11;320(22):2354-2364. doi: 10.1001/jama.2018.18179.,Choi SH,JAMA,2018,2018-12-12,PMC6436530,NIHMS1009092,10.1001/jama.2018.18179
30528582,Parrot Genomes and the Evolution of Heightened Longevity and Cognition,"Wirthlin M, Lima NCB, Guedes RLM, Soares AER, Almeida LGP, Cavaleiro NP, Loss de Morais G, Chaves AV, Howard JT, Teixeira MM, Schneider PN, Santos FR, Schatz MC, Felipe MS, Miyaki CY, Aleixo A, Schneider MPC, Jarvis ED, Vasconcelos ATR, Prosdocimi F, Mello CV.",Curr Biol. 2018 Dec 17;28(24):4001-4008.e7. doi: 10.1016/j.cub.2018.10.050. Epub 2018 Dec 6.,Wirthlin M,Curr Biol,2018,2018-12-12,PMC6393663,NIHMS1515498,10.1016/j.cub.2018.10.050
30512015,Genome analysis of Mycobacterium avium subspecies hominissuis strain 109,"Matern WM, Bader JS, Karakousis PC.",Sci Data. 2018 Dec 4;5:180277. doi: 10.1038/sdata.2018.277.,Matern WM,Sci Data,2018,2018-12-05,PMC6278689,,10.1038/sdata.2018.277
30584317,Afatinib versus gemcitabine/cisplatin for first-line treatment of Chinese patients with advanced non-small-cell lung cancer harboring EGFR mutations: subgroup analysis of the LUX-Lung 6 trial,"Wu YL, Xu CR, Hu CP, Feng J, Lu S, Huang Y, Li W, Hou M, Shi JH, Märten A, Fan J, Peil B, Zhou C.",Onco Targets Ther. 2018 Nov 30;11:8575-8587. doi: 10.2147/OTT.S160358. eCollection 2018.,Wu YL,Onco Targets Ther,2018,2018-12-26,PMC6280988,,10.2147/OTT.S160358
30503521,Parkinson-Associated SNCA Enhancer Variants Revealed by Open Chromatin in Mouse Dopamine Neurons,"McClymont SA, Hook PW, Soto AI, Reed X, Law WD, Kerans SJ, Waite EL, Briceno NJ, Thole JF, Heckman MG, Diehl NN, Wszolek ZK, Moore CD, Zhu H, Akiyama JA, Dickel DE, Visel A, Pennacchio LA, Ross OA, Beer MA, McCallion AS.",Am J Hum Genet. 2018 Dec 6;103(6):874-892. doi: 10.1016/j.ajhg.2018.10.018. Epub 2018 Nov 29.,McClymont SA,Am J Hum Genet,2018,2018-12-04,PMC6288322,,10.1016/j.ajhg.2018.10.018
30613398,False positives in trans-eQTL and co-expression analyses arising from RNA-sequencing alignment errors,"Saha A, Battle A.",F1000Res. 2018 Nov 28;7:1860. doi: 10.12688/f1000research.17145.2. eCollection 2018.,Saha A,F1000Res,2018,2019-04-24,PMC6305209,,10.12688/f1000research.17145.2
30486838,CHESS: a new human gene catalog curated from thousands of large-scale RNA sequencing experiments reveals extensive transcriptional noise,"Pertea M, Shumate A, Pertea G, Varabyou A, Breitwieser FP, Chang YC, Madugundu AK, Pandey A, Salzberg SL.",Genome Biol. 2018 Nov 28;19(1):208. doi: 10.1186/s13059-018-1590-2.,Pertea M,Genome Biol,2018,2018-11-30,PMC6260756,,10.1186/s13059-018-1590-2
30485824,"Integrated Genomic, Epigenomic, and Expression Analyses of Ovarian Cancer Cell Lines","Papp E, Hallberg D, Konecny GE, Bruhm DC, Adleff V, Noë M, Kagiampakis I, Palsgrove D, Conklin D, Kinose Y, White JR, Press MF, Drapkin R, Easwaran H, Baylin SB, Slamon D, Velculescu VE, Scharpf RB.",Cell Rep. 2018 Nov 27;25(9):2617-2633. doi: 10.1016/j.celrep.2018.10.096.,Papp E,Cell Rep,2018,2018-11-29,PMC6481945,NIHMS1010161,10.1016/j.celrep.2018.10.096
30169657,A comprehensive evaluation of the genetic architecture of sudden cardiac arrest,"Ashar FN, Mitchell RN, Albert CM, Newton-Cheh C, Brody JA, Müller-Nurasyid M, Moes A, Meitinger T, Mak A, Huikuri H, Junttila MJ, Goyette P, Pulit SL, Pazoki R, Tanck MW, Blom MT, Zhao X, Havulinna AS, Jabbari R, Glinge C, Tragante V, Escher SA, Chakravarti A, Ehret G, Coresh J, Li M, Prineas RJ, Franco OH, Kwok PY, Lumley T, Dumas F, McKnight B, Rotter JI, Lemaitre RN, Heckbert SR, O'Donnell CJ, Hwang SJ, Tardif JC, VanDenburgh M, Uitterlinden AG, Hofman A, Stricker BHC, de Bakker PIW, Franks PW, Jansson JH, Asselbergs FW, Halushka MK, Maleszewski JJ, Tfelt-Hansen J, Engstrøm T, Salomaa V, Virmani R, Kolodgie F, Wilde AAM, Tan HL, Bezzina CR, Eijgelsheim M, Rioux JD, Jouven X, Kääb S, Psaty BM, Siscovick DS, Arking DE, Sotoodehnia N.",Eur Heart J. 2018 Nov 21;39(44):3961-3969. doi: 10.1093/eurheartj/ehy474.,Ashar FN,Eur Heart J,2018,2018-09-01,PMC6247663,,10.1093/eurheartj/ehy474
30445993,KrakenUniq: confident and fast metagenomics classification using unique k-mer counts,"Breitwieser FP, Baker DN, Salzberg SL.",Genome Biol. 2018 Nov 16;19(1):198. doi: 10.1186/s13059-018-1568-0.,Breitwieser FP,Genome Biol,2018,2018-11-18,PMC6238331,,10.1186/s13059-018-1568-0
31105314,A Guide to Teaching Data Science,"Hicks SC, Irizarry RA.",Am Stat. 2018;72(4):382-391. doi: 10.1080/00031305.2017.1356747. Epub 2018 Nov 14.,Hicks SC,Am Stat,2018,2019-05-21,PMC6519964,NIHMS1502430,10.1080/00031305.2017.1356747
30418154,Correction: Non-invasive detection of urothelial cancer through the analysis of driver gene mutations and aneuploidy,"Springer SU, Chen CH, Rodriguez Pena MDC, Li L, Douville C, Wang Y, Cohen JD, Taheri D, Silliman N, Schaefer J, Ptak J, Dobbyn L, Papoli M, Kinde I, Afsari B, Tregnago AC, Bezerra SM, VandenBussche C, Fujita K, Ertoy D, Cunha IW, Yu L, Bivalacqua TJ, Grollman AP, Diaz LA, Karchin R, Danilova L, Huang CY, Shun CT, Turesky RJ, Yun BH, Rosenquist TA, Pu YS, Hruban RH, Tomasetti C, Papadopoulos N, Kinzler KW, Vogelstein B, Dickman KG, Netto GJ.",Elife. 2018 Nov 12;7:e43237. doi: 10.7554/eLife.43237.,Springer SU,Elife,2018,2018-11-13,PMC6231759,,10.7554/eLife.43237
30400812,Analysis and correction of compositional bias in sparse sequencing count data,"Kumar MS, Slud EV, Okrah K, Hicks SC, Hannenhalli S, Corrada Bravo H.",BMC Genomics. 2018 Nov 6;19(1):799. doi: 10.1186/s12864-018-5160-5.,Kumar MS,BMC Genomics,2018,2018-11-08,PMC6219007,,10.1186/s12864-018-5160-5
30367059,Genome-wide analyses identify a role for SLC17A4 and AADAT in thyroid hormone regulation,"Teumer A, Chaker L, Groeneweg S, Li Y, Di Munno C, Barbieri C, Schultheiss UT, Traglia M, Ahluwalia TS, Akiyama M, Appel EVR, Arking DE, Arnold A, Astrup A, Beekman M, Beilby JP, Bekaert S, Boerwinkle E, Brown SJ, De Buyzere M, Campbell PJ, Ceresini G, Cerqueira C, Cucca F, Deary IJ, Deelen J, Eckardt KU, Ekici AB, Eriksson JG, Ferrrucci L, Fiers T, Fiorillo E, Ford I, Fox CS, Fuchsberger C, Galesloot TE, Gieger C, Gögele M, De Grandi A, Grarup N, Greiser KH, Haljas K, Hansen T, Harris SE, van Heemst D, den Heijer M, Hicks AA, den Hollander W, Homuth G, Hui J, Ikram MA, Ittermann T, Jensen RA, Jing J, Jukema JW, Kajantie E, Kamatani Y, Kasbohm E, Kaufman JM, Kiemeney LA, Kloppenburg M, Kronenberg F, Kubo M, Lahti J, Lapauw B, Li S, Liewald DCM; Lifelines Cohort Study; Lim EM, Linneberg A, Marina M, Mascalzoni D, Matsuda K, Medenwald D, Meisinger C, Meulenbelt I, De Meyer T, Meyer Zu Schwabedissen HE, Mikolajczyk R, Moed M, Netea-Maier RT, Nolte IM, Okada Y, Pala M, Pattaro C, Pedersen O, Petersmann A, Porcu E, Postmus I, Pramstaller PP, Psaty BM, Ramos YFM, Rawal R, Redmond P, Richards JB, Rietzschel ER, Rivadeneira F, Roef G, Rotter JI, Sala CF, et al.",Nat Commun. 2018 Oct 26;9(1):4455. doi: 10.1038/s41467-018-06356-1.,Teumer A,Nat Commun,2018,2018-10-28,PMC6203810,,10.1038/s41467-018-06356-1
29979628,Early Life Weight Gain and Development of Childhood Asthma in a Prospective Birth Cohort,"Tsai HJ, Wang G, Hong X, Yao TC, Ji Y, Radovick S, Ji H, Cheng TL, Wang X.",Ann Am Thorac Soc. 2018 Oct;15(10):1197-1204. doi: 10.1513/AnnalsATS.201712-921OC.,Tsai HJ,Ann Am Thorac Soc,2018,2018-07-07,PMC6321993,,10.1513/AnnalsATS.201712-921OC
29121214,Missing data and technical variability in single-cell RNA-sequencing experiments,"Hicks SC, Townes FW, Teng M, Irizarry RA.",Biostatistics. 2018 Oct 1;19(4):562-578. doi: 10.1093/biostatistics/kxx053.,Hicks SC,Biostatistics,2018,2017-11-10,PMC6215955,,10.1093/biostatistics/kxx053
30244832,A Loss of Epigenetic Control Can Promote Cell Death through Reversing the Balance of Pathways in a Signaling Network,"Vanaja KG, Timp W, Feinberg AP, Levchenko A.",Mol Cell. 2018 Oct 4;72(1):60-70.e3. doi: 10.1016/j.molcel.2018.08.025. Epub 2018 Sep 20.,Vanaja KG,Mol Cell,2018,2018-09-25,PMC6219618,NIHMS1506325,10.1016/j.molcel.2018.08.025
30224653,Genetic analysis of over 1 million people identifies 535 new loci associated with blood pressure traits,"Evangelou E, Warren HR, Mosen-Ansorena D, Mifsud B, Pazoki R, Gao H, Ntritsos G, Dimou N, Cabrera CP, Karaman I, Ng FL, Evangelou M, Witkowska K, Tzanis E, Hellwege JN, Giri A, Velez Edwards DR, Sun YV, Cho K, Gaziano JM, Wilson PWF, Tsao PS, Kovesdy CP, Esko T, Mägi R, Milani L, Almgren P, Boutin T, Debette S, Ding J, Giulianini F, Holliday EG, Jackson AU, Li-Gao R, Lin WY, Luan J, Mangino M, Oldmeadow C, Prins BP, Qian Y, Sargurupremraj M, Shah N, Surendran P, Thériault S, Verweij N, Willems SM, Zhao JH, Amouyel P, Connell J, de Mutsert R, Doney ASF, Farrall M, Menni C, Morris AD, Noordam R, Paré G, Poulter NR, Shields DC, Stanton A, Thom S, Abecasis G, Amin N, Arking DE, Ayers KL, Barbieri CM, Batini C, Bis JC, Blake T, Bochud M, Boehnke M, Boerwinkle E, Boomsma DI, Bottinger EP, Braund PS, Brumat M, Campbell A, Campbell H, Chakravarti A, Chambers JC, Chauhan G, Ciullo M, Cocca M, Collins F, Cordell HJ, Davies G, de Borst MH, de Geus EJ, Deary IJ, Deelen J, Del Greco M F, Demirkale CY, Dörr M, Ehret GB, Elosua R, Enroth S, Erzurumluoglu AM, Ferreira T, Frånberg M, Franco OH, Gandin I, et al.",Nat Genet. 2018 Oct;50(10):1412-1425. doi: 10.1038/s41588-018-0205-x. Epub 2018 Sep 17.,Evangelou E,Nat Genet,2018,2018-09-19,PMC6284793,EMS80726,10.1038/s41588-018-0205-x
30199532,Transcriptional outcomes and kinetic patterning of gene expression in response to NF-κB activation,"Zhao M, Joy J, Zhou W, De S, Wood WH 3rd, Becker KG, Ji H, Sen R.",PLoS Biol. 2018 Sep 10;16(9):e2006347. doi: 10.1371/journal.pbio.2006347. eCollection 2018 Sep.,Zhao M,PLoS Biol,2018,2018-09-11,PMC6147668,,10.1371/journal.pbio.2006347
30190408,Minimal functional driver gene heterogeneity among untreated metastases,"Reiter JG, Makohon-Moore AP, Gerold JM, Heyde A, Attiyeh MA, Kohutek ZA, Tokheim CJ, Brown A, DeBlasio RM, Niyazov J, Zucker A, Karchin R, Kinzler KW, Iacobuzio-Donahue CA, Vogelstein B, Nowak MA.",Science. 2018 Sep 7;361(6406):1033-1037. doi: 10.1126/science.aat7171.,Reiter JG,Science,2018,2018-09-08,PMC6329287,NIHMS1004938,10.1126/science.aat7171
30193957,Differential Wnt-mediated programming and arrhythmogenesis in right versus left ventricles,"Li G, Khandekar A, Yin T, Hicks SC, Guo Q, Takahashi K, Lipovsky CE, Brumback BD, Rao PK, Weinheimer CJ, Rentschler SL.",J Mol Cell Cardiol. 2018 Oct;123:92-107. doi: 10.1016/j.yjmcc.2018.09.002. Epub 2018 Sep 5.,Li G,J Mol Cell Cardiol,2018,2018-09-09,PMC6200419,NIHMS1506548,10.1016/j.yjmcc.2018.09.002
30185652,A machine learning approach for somatic mutation discovery,"Wood DE, White JR, Georgiadis A, Van Emburgh B, Parpart-Li S, Mitchell J, Anagnostou V, Niknafs N, Karchin R, Papp E, McCord C, LoVerso P, Riley D, Diaz LA Jr, Jones S, Sausen M, Velculescu VE, Angiuoli SV.",Sci Transl Med. 2018 Sep 5;10(457):eaar7939. doi: 10.1126/scitranslmed.aar7939.,Wood DE,Sci Transl Med,2018,2018-09-07,PMC6481619,NIHMS1010189,10.1126/scitranslmed.aar7939
29976594,Development and Optimization of Metagenomic Next-Generation Sequencing Methods for Cerebrospinal Fluid Diagnostics,"Simner PJ, Miller HB, Breitwieser FP, Pinilla Monsalve G, Pardo CA, Salzberg SL, Sears CL, Thomas DL, Eberhart CG, Carroll KC.",J Clin Microbiol. 2018 Aug 27;56(9):e00472-18. doi: 10.1128/JCM.00472-18. Print 2018 Sep.,Simner PJ,J Clin Microbiol,2018,2018-07-07,PMC6113476,,10.1128/JCM.00472-18
30124169,Open questions: How many genes do we have?,Salzberg SL.,BMC Biol. 2018 Aug 20;16(1):94. doi: 10.1186/s12915-018-0564-x.,Salzberg SL,BMC Biol,2018,2018-08-21,PMC6100717,,10.1186/s12915-018-0564-x
30147708,Conservation Genomics of the Declining North American Bumblebee Bombus terricola Reveals Inbreeding and Selection on Immune Genes,"Kent CF, Dey A, Patel H, Tsvetkov N, Tiwari T, MacPhail VJ, Gobeil Y, Harpur BA, Gurtowski J, Schatz MC, Colla SR, Zayed A.",Front Genet. 2018 Aug 10;9:316. doi: 10.3389/fgene.2018.00316. eCollection 2018.,Kent CF,Front Genet,2018,2018-08-28,PMC6095975,,10.3389/fgene.2018.00316
30096302,Comprehensive Characterization of Cancer Driver Genes and Mutations,"Bailey MH, Tokheim C, Porta-Pardo E, Sengupta S, Bertrand D, Weerasinghe A, Colaprico A, Wendl MC, Kim J, Reardon B, Kwok-Shing Ng P, Jeong KJ, Cao S, Wang Z, Gao J, Gao Q, Wang F, Liu EM, Mularoni L, Rubio-Perez C, Nagarajan N, Cortés-Ciriano I, Zhou DC, Liang WW, Hess JM, Yellapantula VD, Tamborero D, Gonzalez-Perez A, Suphavilai C, Ko JY, Khurana E, Park PJ, Van Allen EM, Liang H; MC3 Working Group; Cancer Genome Atlas Research Network; Lawrence MS, Godzik A, Lopez-Bigas N, Stuart J, Wheeler D, Getz G, Chen K, Lazar AJ, Mills GB, Karchin R, Ding L.",Cell. 2018 Aug 9;174(4):1034-1035. doi: 10.1016/j.cell.2018.07.034.,Bailey MH,Cell,2018,2018-08-11,PMC8045146,NIHMS1686664,10.1016/j.cell.2018.07.034
30089906,RNA velocity of single cells,"La Manno G, Soldatov R, Zeisel A, Braun E, Hochgerner H, Petukhov V, Lidschreiber K, Kastriti ME, Lönnerberg P, Furlan A, Fan J, Borm LE, Liu Z, van Bruggen D, Guo J, He X, Barker R, Sundström E, Castelo-Branco G, Cramer P, Adameyko I, Linnarsson S, Kharchenko PV.",Nature. 2018 Aug;560(7719):494-498. doi: 10.1038/s41586-018-0414-6. Epub 2018 Aug 8.,La Manno G,Nature,2018,2018-08-10,PMC6130801,EMS78511,10.1038/s41586-018-0414-6
30072539,"Evolutionary history and adaptation of a human pygmy population of Flores Island, Indonesia","Tucci S, Vohr SH, McCoy RC, Vernot B, Robinson MR, Barbieri C, Nelson BJ, Fu W, Purnomo GA, Sudoyo H, Eichler EE, Barbujani G, Visscher PM, Akey JM, Green RE.",Science. 2018 Aug 3;361(6401):511-516. doi: 10.1126/science.aar8486.,Tucci S,Science,2018,2018-08-04,PMC6709593,NIHMS1045537,10.1126/science.aar8486
29945474,Maternal smoking during pregnancy and cord blood DNA methylation: new insight on sex differences and effect modification by maternal folate levels,"Zhang B, Hong X, Ji H, Tang WY, Kimmel M, Ji Y, Pearson C, Zuckerman B, Surkan PJ, Wang X.",Epigenetics. 2018;13(5):505-518. doi: 10.1080/15592294.2018.1475978. Epub 2018 Jul 30.,Zhang B,Epigenetics,2018,2018-06-28,PMC6140808,,10.1080/15592294.2018.1475978
30118659,Functional characterization of alternatively spliced GSN in head and neck squamous cell carcinoma,"Kelley DZ, Flam EL, Guo T, Danilova LV, Zamuner FT, Bohrson C, Considine M, Windsor EJ, Bishop JA, Zhang C, Koch WM, Sidransky D, Westra WH, Chung CH, Califano JA, Wheelan S, Favorov AV, Florea L, Fertig EJ, Gaykalova DA.",Transl Res. 2018 Dec;202:109-119. doi: 10.1016/j.trsl.2018.07.007. Epub 2018 Jul 26.,Kelley DZ,Transl Res,2018,2018-08-18,PMC6218276,NIHMS1505425,10.1016/j.trsl.2018.07.007
30046033,PR interval genome-wide association meta-analysis identifies 50 loci associated with atrial and atrioventricular electrical activity,"van Setten J, Brody JA, Jamshidi Y, Swenson BR, Butler AM, Campbell H, Del Greco FM, Evans DS, Gibson Q, Gudbjartsson DF, Kerr KF, Krijthe BP, Lyytikäinen LP, Müller C, Müller-Nurasyid M, Nolte IM, Padmanabhan S, Ritchie MD, Robino A, Smith AV, Steri M, Tanaka T, Teumer A, Trompet S, Ulivi S, Verweij N, Yin X, Arnar DO, Asselbergs FW, Bader JS, Barnard J, Bis J, Blankenberg S, Boerwinkle E, Bradford Y, Buckley BM, Chung MK, Crawford D, den Hoed M, Denny JC, Dominiczak AF, Ehret GB, Eijgelsheim M, Ellinor PT, Felix SB, Franco OH, Franke L, Harris TB, Holm H, Ilaria G, Iorio A, Kähönen M, Kolcic I, Kors JA, Lakatta EG, Launer LJ, Lin H, Lin HJ, Loos RJF, Lubitz SA, Macfarlane PW, Magnani JW, Leach IM, Meitinger T, Mitchell BD, Munzel T, Papanicolaou GJ, Peters A, Pfeufer A, Pramstaller PP, Raitakari OT, Rotter JI, Rudan I, Samani NJ, Schlessinger D, Silva Aldana CT, Sinner MF, Smith JD, Snieder H, Soliman EZ, Spector TD, Stott DJ, Strauch K, Tarasov KV, Thorsteinsdottir U, Uitterlinden AG, Van Wagoner DR, Völker U, Völzke H, Waldenberger M, Jan Westra H, Wild PS, Zeller T, Alonso A, Avery CL, Bandinelli S, Benjamin EJ, Cucca F, Dörr M, Ferrucci L, et al.",Nat Commun. 2018 Jul 25;9(1):2904. doi: 10.1038/s41467-018-04766-9.,van Setten J,Nat Commun,2018,2018-07-27,PMC6060178,,10.1038/s41467-018-04766-9
30012220,"Exome-chip meta-analysis identifies novel loci associated with cardiac conduction, including ADAMTS6","Prins BP, Mead TJ, Brody JA, Sveinbjornsson G, Ntalla I, Bihlmeyer NA, van den Berg M, Bork-Jensen J, Cappellani S, Van Duijvenboden S, Klena NT, Gabriel GC, Liu X, Gulec C, Grarup N, Haessler J, Hall LM, Iorio A, Isaacs A, Li-Gao R, Lin H, Liu CT, Lyytikäinen LP, Marten J, Mei H, Müller-Nurasyid M, Orini M, Padmanabhan S, Radmanesh F, Ramirez J, Robino A, Schwartz M, van Setten J, Smith AV, Verweij N, Warren HR, Weiss S, Alonso A, Arnar DO, Bots ML, de Boer RA, Dominiczak AF, Eijgelsheim M, Ellinor PT, Guo X, Felix SB, Harris TB, Hayward C, Heckbert SR, Huang PL, Jukema JW, Kähönen M, Kors JA, Lambiase PD, Launer LJ, Li M, Linneberg A, Nelson CP, Pedersen O, Perez M, Peters A, Polasek O, Psaty BM, Raitakari OT, Rice KM, Rotter JI, Sinner MF, Soliman EZ, Spector TD, Strauch K, Thorsteinsdottir U, Tinker A, Trompet S, Uitterlinden A, Vaartjes I, van der Meer P, Völker U, Völzke H, Waldenberger M, Wilson JG, Xie Z, Asselbergs FW, Dörr M, van Duijn CM, Gasparini P, Gudbjartsson DF, Gudnason V, Hansen T, Kääb S, Kanters JK, Kooperberg C, Lehtimäki T, Lin HJ, Lubitz SA, Mook-Kanamori DO, Conti FJ, Newton-Cheh CH, Rosand J, Rudan I, Samani NJ, et al.",Genome Biol. 2018 Jul 17;19(1):87. doi: 10.1186/s13059-018-1457-6.,Prins BP,Genome Biol,2018,2018-07-18,PMC6048820,,10.1186/s13059-018-1457-6
29743373,Five Residues in the Apical Loop of the Respiratory Syncytial Virus Fusion Protein F(2) Subunit Are Critical for Its Fusion Activity,"Hicks SN, Chaiwatpongsakorn S, Costello HM, McLellan JS, Ray W, Peeples ME.",J Virol. 2018 Jul 17;92(15):e00621-18. doi: 10.1128/JVI.00621-18. Print 2018 Aug 1.,Hicks SN,J Virol,2018,2018-05-11,PMC6052300,,10.1128/JVI.00621-18
29688390,Tripolar chromosome segregation drives the association between maternal genotype at variants spanning PLK4 and aneuploidy in human preimplantation embryos,"McCoy RC, Newnham LJ, Ottolini CS, Hoffmann ER, Chatzimeletiou K, Cornejo OE, Zhan Q, Zaninovic N, Rosenwaks Z, Petrov DA, Demko ZP, Sigurjonsson S, Handyside AH.",Hum Mol Genet. 2018 Jul 15;27(14):2573-2585. doi: 10.1093/hmg/ddy147.,McCoy RC,Hum Mol Genet,2018,2018-04-25,PMC6030883,,10.1093/hmg/ddy147
29988122,Genetic determinants of co-accessible chromatin regions in activated T cells across humans,"Gate RE, Cheng CS, Aiden AP, Siba A, Tabaka M, Lituiev D, Machol I, Gordon MG, Subramaniam M, Shamim M, Hougen KL, Wortman I, Huang SC, Durand NC, Feng T, De Jager PL, Chang HY, Aiden EL, Benoist C, Beer MA, Ye CJ, Regev A.",Nat Genet. 2018 Aug;50(8):1140-1150. doi: 10.1038/s41588-018-0156-2. Epub 2018 Jul 9.,Gate RE,Nat Genet,2018,2018-07-11,PMC6097927,NIHMS970112,10.1038/s41588-018-0156-2
29979655,KBase: The United States Department of Energy Systems Biology Knowledgebase,"Arkin AP, Cottingham RW, Henry CS, Harris NL, Stevens RL, Maslov S, Dehal P, Ware D, Perez F, Canon S, Sneddon MW, Henderson ML, Riehl WJ, Murphy-Olson D, Chan SY, Kamimura RT, Kumari S, Drake MM, Brettin TS, Glass EM, Chivian D, Gunter D, Weston DJ, Allen BH, Baumohl J, Best AA, Bowen B, Brenner SE, Bun CC, Chandonia JM, Chia JM, Colasanti R, Conrad N, Davis JJ, Davison BH, DeJongh M, Devoid S, Dietrich E, Dubchak I, Edirisinghe JN, Fang G, Faria JP, Frybarger PM, Gerlach W, Gerstein M, Greiner A, Gurtowski J, Haun HL, He F, Jain R, Joachimiak MP, Keegan KP, Kondo S, Kumar V, Land ML, Meyer F, Mills M, Novichkov PS, Oh T, Olsen GJ, Olson R, Parrello B, Pasternak S, Pearson E, Poon SS, Price GA, Ramakrishnan S, Ranjan P, Ronald PC, Schatz MC, Seaver SMD, Shukla M, Sutormin RA, Syed MH, Thomason J, Tintle NL, Wang D, Xia F, Yoo H, Yoo S, Yu D.",Nat Biotechnol. 2018 Jul 6;36(7):566-569. doi: 10.1038/nbt.4163.,Arkin AP,Nat Biotechnol,2018,2018-07-07,PMC6870991,,10.1038/nbt.4163
29970852,Maternal Biomarkers of Acetaminophen Use and Offspring Attention Deficit Hyperactivity Disorder,"Ji Y, Riley AW, Lee LC, Hong X, Wang G, Tsai HJ, Mueller NT, Pearson C, Thermitus J, Panjwani A, Ji H, Bartell TR, Burd I, Fallin MD, Wang X.",Brain Sci. 2018 Jul 3;8(7):127. doi: 10.3390/brainsci8070127.,Ji Y,Brain Sci,2018,2018-07-05,PMC6071105,,10.3390/brainsci8070127
29970452,Massive variation of short tandem repeats with functional consequences across strains of Arabidopsis thaliana,"Press MO, McCoy RC, Hall AN, Akey JM, Queitsch C.",Genome Res. 2018 Aug;28(8):1169-1178. doi: 10.1101/gr.231753.117. Epub 2018 Jul 3.,Press MO,Genome Res,2018,2018-07-05,PMC6071631,,10.1101/gr.231753.117
29792315,Genomic Variation Among and Within Six Juglans Species,"Stevens KA, Woeste K, Chakraborty S, Crepeau MW, Leslie CA, Martínez-García PJ, Puiu D, Romero-Severson J, Coggeshall M, Dandekar AM, Kluepfel D, Neale DB, Salzberg SL, Langley CH.",G3 (Bethesda). 2018 Jul 2;8(7):2153-2165. doi: 10.1534/g3.118.200030.,Stevens KA,G3 (Bethesda),2018,2018-05-25,PMC6027890,,10.1534/g3.118.200030
29648629,Antibiotic pressure on the acquisition and loss of antibiotic resistance genes in Klebsiella pneumoniae,"Simner PJ, Antar AAR, Hao S, Gurtowski J, Tamma PD, Rock C, Opene BNA, Tekle T, Carroll KC, Schatz MC, Timp W.",J Antimicrob Chemother. 2018 Jul 1;73(7):1796-1803. doi: 10.1093/jac/dky121.,Simner PJ,J Antimicrob Chemother,2018,2018-04-13,PMC6005101,,10.1093/jac/dky121
29582075,Using Smartphones and Machine Learning to Quantify Parkinson Disease Severity: The Mobile Parkinson Disease Score,"Zhan A, Mohan S, Tarolli C, Schneider RB, Adams JL, Sharma S, Elson MJ, Spear KL, Glidden AM, Little MA, Terzis A, Dorsey ER, Saria S.",JAMA Neurol. 2018 Jul 1;75(7):876-880. doi: 10.1001/jamaneurol.2018.0809.,Zhan A,JAMA Neurol,2018,2018-03-28,PMC5885192,,10.1001/jamaneurol.2018.0809
29954844,Complex rearrangements and oncogene amplifications revealed by long-read DNA and RNA sequencing of a breast cancer cell line,"Nattestad M, Goodwin S, Ng K, Baslan T, Sedlazeck FJ, Rescheneder P, Garvin T, Fang H, Gurtowski J, Hutton E, Tseng E, Chin CS, Beck T, Sundaravadanam Y, Kramer M, Antoniou E, McPherson JD, Hicks J, McCombie WR, Schatz MC.",Genome Res. 2018 Aug;28(8):1126-1135. doi: 10.1101/gr.231100.117. Epub 2018 Jun 28.,Nattestad M,Genome Res,2018,2018-06-30,PMC6071638,,10.1101/gr.231100.117
29942086,"Genome-wide association meta-analysis in 269,867 individuals identifies new genetic and functional links to intelligence","Savage JE, Jansen PR, Stringer S, Watanabe K, Bryois J, de Leeuw CA, Nagel M, Awasthi S, Barr PB, Coleman JRI, Grasby KL, Hammerschlag AR, Kaminski JA, Karlsson R, Krapohl E, Lam M, Nygaard M, Reynolds CA, Trampush JW, Young H, Zabaneh D, Hägg S, Hansell NK, Karlsson IK, Linnarsson S, Montgomery GW, Muñoz-Manchado AB, Quinlan EB, Schumann G, Skene NG, Webb BT, White T, Arking DE, Avramopoulos D, Bilder RM, Bitsios P, Burdick KE, Cannon TD, Chiba-Falek O, Christoforou A, Cirulli ET, Congdon E, Corvin A, Davies G, Deary IJ, DeRosse P, Dickinson D, Djurovic S, Donohoe G, Conley ED, Eriksson JG, Espeseth T, Freimer NA, Giakoumaki S, Giegling I, Gill M, Glahn DC, Hariri AR, Hatzimanolis A, Keller MC, Knowles E, Koltai D, Konte B, Lahti J, Le Hellard S, Lencz T, Liewald DC, London E, Lundervold AJ, Malhotra AK, Melle I, Morris D, Need AC, Ollier W, Palotie A, Payton A, Pendleton N, Poldrack RA, Räikkönen K, Reinvang I, Roussos P, Rujescu D, Sabb FW, Scult MA, Smeland OB, Smyrnis N, Starr JM, Steen VM, Stefanis NC, Straub RE, Sundet K, Tiemeier H, Voineskos AN, Weinberger DR, Widen E, Yu J, Abecasis G, Andreassen OA, Breen G, Christiansen L, et al.",Nat Genet. 2018 Jul;50(7):912-919. doi: 10.1038/s41588-018-0152-6. Epub 2018 Jun 25.,Savage JE,Nat Genet,2018,2018-06-27,PMC6411041,NIHMS1006639,10.1038/s41588-018-0152-6
29939994,Removing contaminants from databases of draft genomes,"Lu J, Salzberg SL.",PLoS Comput Biol. 2018 Jun 25;14(6):e1006277. doi: 10.1371/journal.pcbi.1006277. eCollection 2018 Jun.,Lu J,PLoS Comput Biol,2018,2018-06-26,PMC6034898,,10.1371/journal.pcbi.1006277
29930110,Analysis of shared heritability in common disorders of the brain,"Brainstorm Consortium; Anttila V, Bulik-Sullivan B, Finucane HK, Walters RK, Bras J, Duncan L, Escott-Price V, Falcone GJ, Gormley P, Malik R, Patsopoulos NA, Ripke S, Wei Z, Yu D, Lee PH, Turley P, Grenier-Boley B, Chouraki V, Kamatani Y, Berr C, Letenneur L, Hannequin D, Amouyel P, Boland A, Deleuze JF, Duron E, Vardarajan BN, Reitz C, Goate AM, Huentelman MJ, Kamboh MI, Larson EB, Rogaeva E, St George-Hyslop P, Hakonarson H, Kukull WA, Farrer LA, Barnes LL, Beach TG, Demirci FY, Head E, Hulette CM, Jicha GA, Kauwe JSK, Kaye JA, Leverenz JB, Levey AI, Lieberman AP, Pankratz VS, Poon WW, Quinn JF, Saykin AJ, Schneider LS, Smith AG, Sonnen JA, Stern RA, Van Deerlin VM, Van Eldik LJ, Harold D, Russo G, Rubinsztein DC, Bayer A, Tsolaki M, Proitsi P, Fox NC, Hampel H, Owen MJ, Mead S, Passmore P, Morgan K, Nöthen MM, Rossor M, Lupton MK, Hoffmann P, Kornhuber J, Lawlor B, McQuillin A, Al-Chalabi A, Bis JC, Ruiz A, Boada M, Seshadri S, Beiser A, Rice K, van der Lee SJ, De Jager PL, Geschwind DH, Riemenschneider M, Riedel-Heller S, Rotter JI, Ransmayr G, Hyman BT, Cruchaga C, Alegret M, Winsvold B, Palta P, Farh KH, Cuenca-Leon E, Furlotte N, et al.",Science. 2018 Jun 22;360(6395):eaap8757. doi: 10.1126/science.aap8757.,Brainstorm Consortium,Science,2018,2018-06-23,PMC6097237,NIHMS979389,10.1126/science.aap8757
29912962,Novel genetic associations for blood pressure identified via gene-alcohol interaction in up to 570K individuals across multiple ancestries,"Feitosa MF, Kraja AT, Chasman DI, Sung YJ, Winkler TW, Ntalla I, Guo X, Franceschini N, Cheng CY, Sim X, Vojinovic D, Marten J, Musani SK, Li C, Bentley AR, Brown MR, Schwander K, Richard MA, Noordam R, Aschard H, Bartz TM, Bielak LF, Dorajoo R, Fisher V, Hartwig FP, Horimoto ARVR, Lohman KK, Manning AK, Rankinen T, Smith AV, Tajuddin SM, Wojczynski MK, Alver M, Boissel M, Cai Q, Campbell A, Chai JF, Chen X, Divers J, Gao C, Goel A, Hagemeijer Y, Harris SE, He M, Hsu FC, Jackson AU, Kähönen M, Kasturiratne A, Komulainen P, Kühnel B, Laguzzi F, Luan J, Matoba N, Nolte IM, Padmanabhan S, Riaz M, Rueedi R, Robino A, Said MA, Scott RA, Sofer T, Stančáková A, Takeuchi F, Tayo BO, van der Most PJ, Varga TV, Vitart V, Wang Y, Ware EB, Warren HR, Weiss S, Wen W, Yanek LR, Zhang W, Zhao JH, Afaq S, Amin N, Amini M, Arking DE, Aung T, Boerwinkle E, Borecki I, Broeckel U, Brown M, Brumat M, Burke GL, Canouil M, Chakravarti A, Charumathi S, Ida Chen YD, Connell JM, Correa A, de las Fuentes L, de Mutsert R, de Silva HJ, Deng X, Ding J, Duan Q, Eaton CB, Ehret G, et al.",PLoS One. 2018 Jun 18;13(6):e0198166. doi: 10.1371/journal.pone.0198166. eCollection 2018.,Feitosa MF,PLoS One,2018,2018-06-19,PMC6005576,,10.1371/journal.pone.0198166
29898899,Linking transcriptional and genetic tumor heterogeneity through allele analysis of single-cell RNA-seq data,"Fan J, Lee HO, Lee S, Ryu DE, Lee S, Xue C, Kim SJ, Kim K, Barkas N, Park PJ, Park WY, Kharchenko PV.",Genome Res. 2018 Aug;28(8):1217-1227. doi: 10.1101/gr.228080.117. Epub 2018 Jun 13.,Fan J,Genome Res,2018,2018-06-15,PMC6071640,,10.1101/gr.228080.117
29892015,Multi-ethnic genome-wide association study for atrial fibrillation,"Roselli C, Chaffin MD, Weng LC, Aeschbacher S, Ahlberg G, Albert CM, Almgren P, Alonso A, Anderson CD, Aragam KG, Arking DE, Barnard J, Bartz TM, Benjamin EJ, Bihlmeyer NA, Bis JC, Bloom HL, Boerwinkle E, Bottinger EB, Brody JA, Calkins H, Campbell A, Cappola TP, Carlquist J, Chasman DI, Chen LY, Chen YI, Choi EK, Choi SH, Christophersen IE, Chung MK, Cole JW, Conen D, Cook J, Crijns HJ, Cutler MJ, Damrauer SM, Daniels BR, Darbar D, Delgado G, Denny JC, Dichgans M, Dörr M, Dudink EA, Dudley SC, Esa N, Esko T, Eskola M, Fatkin D, Felix SB, Ford I, Franco OH, Geelhoed B, Grewal RP, Gudnason V, Guo X, Gupta N, Gustafsson S, Gutmann R, Hamsten A, Harris TB, Hayward C, Heckbert SR, Hernesniemi J, Hocking LJ, Hofman A, Horimoto ARVR, Huang J, Huang PL, Huffman J, Ingelsson E, Ipek EG, Ito K, Jimenez-Conde J, Johnson R, Jukema JW, Kääb S, Kähönen M, Kamatani Y, Kane JP, Kastrati A, Kathiresan S, Katschnig-Winter P, Kavousi M, Kessler T, Kietselaer BL, Kirchhof P, Kleber ME, Knight S, Krieger JE, Kubo M, Launer LJ, Laurikka J, Lehtimäki T, Leineweber K, Lemaitre RN, Li M, Lim HE, Lin HJ, Lin H, et al.",Nat Genet. 2018 Jun 11;50(9):1225-1233. doi: 10.1038/s41588-018-0133-9.,Roselli C,Nat Genet,2018,2018-06-13,PMC6136836,NIHMS986675,10.1038/s41588-018-0133-9
29522102,Network Analysis of Protein Adaptation: Modeling the Functional Impact of Multiple Mutations,"Beleva Guthrie V, Masica DL, Fraser A, Federico J, Fan Y, Camps M, Karchin R.",Mol Biol Evol. 2018 Jun 1;35(6):1507-1519. doi: 10.1093/molbev/msy036.,Beleva Guthrie V,Mol Biol Evol,2018,2018-03-10,PMC5967520,,10.1093/molbev/msy036
29342249,Splice Expression Variation Analysis (SEVA) for inter-tumor heterogeneity of gene isoform usage in cancer,"Afsari B, Guo T, Considine M, Florea L, Kagohara LT, Stein-O'Brien GL, Kelley D, Flam E, Zambo KD, Ha PK, Geman D, Ochs MF, Califano JA, Gaykalova DA, Favorov AV, Fertig EJ.",Bioinformatics. 2018 Jun 1;34(11):1859-1867. doi: 10.1093/bioinformatics/bty004.,Afsari B,Bioinformatics,2018,2018-01-18,PMC5972655,,10.1093/bioinformatics/bty004
29844566,"Study of 300,486 individuals identifies 148 independent genetic loci influencing general cognitive function","Davies G, Lam M, Harris SE, Trampush JW, Luciano M, Hill WD, Hagenaars SP, Ritchie SJ, Marioni RE, Fawns-Ritchie C, Liewald DCM, Okely JA, Ahola-Olli AV, Barnes CLK, Bertram L, Bis JC, Burdick KE, Christoforou A, DeRosse P, Djurovic S, Espeseth T, Giakoumaki S, Giddaluru S, Gustavson DE, Hayward C, Hofer E, Ikram MA, Karlsson R, Knowles E, Lahti J, Leber M, Li S, Mather KA, Melle I, Morris D, Oldmeadow C, Palviainen T, Payton A, Pazoki R, Petrovic K, Reynolds CA, Sargurupremraj M, Scholz M, Smith JA, Smith AV, Terzikhan N, Thalamuthu A, Trompet S, van der Lee SJ, Ware EB, Windham BG, Wright MJ, Yang J, Yu J, Ames D, Amin N, Amouyel P, Andreassen OA, Armstrong NJ, Assareh AA, Attia JR, Attix D, Avramopoulos D, Bennett DA, Böhmer AC, Boyle PA, Brodaty H, Campbell H, Cannon TD, Cirulli ET, Congdon E, Conley ED, Corley J, Cox SR, Dale AM, Dehghan A, Dick D, Dickinson D, Eriksson JG, Evangelou E, Faul JD, Ford I, Freimer NA, Gao H, Giegling I, Gillespie NA, Gordon SD, Gottesman RF, Griswold ME, Gudnason V, Harris TB, Hartmann AM, Hatzimanolis A, Heiss G, Holliday EG, Joshi PK, Kähönen M, Kardia SLR, Karlsson I, Kleineidam L, et al.",Nat Commun. 2018 May 29;9(1):2098. doi: 10.1038/s41467-018-04362-x.,Davies G,Nat Commun,2018,2018-05-31,PMC5974083,,10.1038/s41467-018-04362-x
29844224,Genome-Wide Association Study of Serum Fructosamine and Glycated Albumin in Adults Without Diagnosed Diabetes: Results From the Atherosclerosis Risk in Communities Study,"Loomis SJ, Li M, Maruthur NM, Baldridge AS, North KE, Mei H, Morrison A, Carson AP, Pankow JS, Boerwinkle E, Scharpf R, Rasmussen-Torvik LJ, Coresh J, Duggal P, Köttgen A, Selvin E.",Diabetes. 2018 Aug;67(8):1684-1696. doi: 10.2337/db17-1362. Epub 2018 May 29.,Loomis SJ,Diabetes,2018,2018-05-31,PMC6054442,,10.2337/db17-1362
29789590,Heterozygous diploid and interspecies SCRaMbLEing,"Shen MJ, Wu Y, Yang K, Li Y, Xu H, Zhang H, Li BZ, Li X, Xiao WH, Zhou X, Mitchell LA, Bader JS, Yuan Y, Boeke JD.",Nat Commun. 2018 May 22;9(1):1934. doi: 10.1038/s41467-018-04157-0.,Shen MJ,Nat Commun,2018,2018-05-24,PMC5964232,,10.1038/s41467-018-04157-0
29777021,Serum 6-Bromotryptophan Levels Identified as a Risk Factor for CKD Progression,"Tin A, Nadkarni G, Evans AM, Winkler CA, Bottinger E, Rebholz CM, Sarnak MJ, Inker LA, Levey AS, Lipkowitz MS, Appel LJ, Arking DE, Coresh J, Grams ME.",J Am Soc Nephrol. 2018 Jul;29(7):1939-1947. doi: 10.1681/ASN.2017101064. Epub 2018 May 18.,Tin A,J Am Soc Nephrol,2018,2018-05-20,PMC6050937,,10.1681/ASN.2017101064
29740072,"The mechanical microenvironment regulates ovarian cancer cell morphology, migration, and spheroid disaggregation","McKenzie AJ, Hicks SR, Svec KV, Naughton H, Edmunds ZL, Howe AK.",Sci Rep. 2018 May 8;8(1):7228. doi: 10.1038/s41598-018-25589-0.,McKenzie AJ,Sci Rep,2018,2018-05-10,PMC5940803,,10.1038/s41598-018-25589-0
29735690,Precise detection of de novo single nucleotide variants in human genomes,"Gómez-Romero L, Palacios-Flores K, Reyes J, García D, Boege M, Dávila G, Flores M, Schatz MC, Palacios R.",Proc Natl Acad Sci U S A. 2018 May 22;115(21):5516-5521. doi: 10.1073/pnas.1802244115. Epub 2018 May 7.,Gómez-Romero L,Proc Natl Acad Sci U S A,2018,2018-05-09,PMC6003530,,10.1073/pnas.1802244115
29720237,Factors associated with physicians' prescriptions for rheumatoid arthritis drugs not filled by patients,"Kan HJ, Dyagilev K, Schulam P, Saria S, Kharrazi H, Bodycombe D, Molta CT, Curtis JR.",Arthritis Res Ther. 2018 May 2;20(1):79. doi: 10.1186/s13075-018-1580-5.,Kan HJ,Arthritis Res Ther,2018,2018-05-04,PMC5932861,,10.1186/s13075-018-1580-5
29752399,Common Coding Variants in SCN10A Are Associated With the Nav1.8 Late Current and Cardiac Conduction,"Macri V, Brody JA, Arking DE, Hucker WJ, Yin X, Lin H, Mills RW, Sinner MF, Lubitz SA, Liu CT, Morrison AC, Alonso A, Li N, Fedorov VV, Janssen PM, Bis JC, Heckbert SR, Dolmatova EV, Lumley T, Sitlani CM, Cupples LA, Pulit SL, Newton-Cheh C, Barnard J, Smith JD, Van Wagoner DR, Chung MK, Vlahakes GJ, O'Donnell CJ, Rotter JI, Margulies KB, Morley MP, Cappola TP, Benjamin EJ, Muzny D, Gibbs RA, Jackson RD, Magnani JW, Herndon CN, Rich SS, Psaty BM, Milan DJ, Boerwinkle E, Mohler PJ, Sotoodehnia N, Ellinor PT.",Circ Genom Precis Med. 2018 May;11(5):e001663. doi: 10.1161/CIRCGEN.116.001663.,Macri V,Circ Genom Precis Med,2018,2018-05-13,PMC6377236,NIHMS1008689,10.1161/CIRCGEN.116.001663
29748316,Common and Rare Coding Genetic Variation Underlying the Electrocardiographic PR Interval,"Lin H, van Setten J, Smith AV, Bihlmeyer NA, Warren HR, Brody JA, Radmanesh F, Hall L, Grarup N, Müller-Nurasyid M, Boutin T, Verweij N, Lin HJ, Li-Gao R, van den Berg ME, Marten J, Weiss S, Prins BP, Haessler J, Lyytikäinen LP, Mei H, Harris TB, Launer LJ, Li M, Alonso A, Soliman EZ, Connell JM, Huang PL, Weng LC, Jameson HS, Hucker W, Hanley A, Tucker NR, Chen YI, Bis JC, Rice KM, Sitlani CM, Kors JA, Xie Z, Wen C, Magnani JW, Nelson CP, Kanters JK, Sinner MF, Strauch K, Peters A, Waldenberger M, Meitinger T, Bork-Jensen J, Pedersen O, Linneberg A, Rudan I, de Boer RA, van der Meer P, Yao J, Guo X, Taylor KD, Sotoodehnia N, Rotter JI, Mook-Kanamori DO, Trompet S, Rivadeneira F, Uitterlinden A, Eijgelsheim M, Padmanabhan S, Smith BH, Völzke H, Felix SB, Homuth G, Völker U, Mangino M, Spector TD, Bots ML, Perez M, Kähönen M, Raitakari OT, Gudnason V, Arking DE, Munroe PB, Psaty BM, van Duijn CM, Benjamin EJ, Rosand J, Samani NJ, Hansen T, Kääb S, Polasek O, van der Harst P, Heckbert SR, Jukema JW, Stricker BH, Hayward C, Dörr M, Jamshidi Y, Asselbergs FW, Kooperberg C, Lehtimäki T, Wilson JG, Ellinor PT, Lubitz SA, et al.",Circ Genom Precis Med. 2018 May;11(5):e002037. doi: 10.1161/CIRCGEN.117.002037.,Lin H,Circ Genom Precis Med,2018,2018-05-12,PMC5951629,NIHMS954034,10.1161/CIRCGEN.117.002037
29713083,Accurate detection of complex structural variations using single-molecule sequencing,"Sedlazeck FJ, Rescheneder P, Smolka M, Fang H, Nattestad M, von Haeseler A, Schatz MC.",Nat Methods. 2018 Jun;15(6):461-468. doi: 10.1038/s41592-018-0001-7. Epub 2018 Apr 30.,Sedlazeck FJ,Nat Methods,2018,2018-05-02,PMC5990442,NIHMS952902,10.1038/s41592-018-0001-7
29658848,Neoadjuvant PD-1 Blockade in Resectable Lung Cancer,"Forde PM, Chaft JE, Smith KN, Anagnostou V, Cottrell TR, Hellmann MD, Zahurak M, Yang SC, Jones DR, Broderick S, Battafarano RJ, Velez MJ, Rekhtman N, Olah Z, Naidoo J, Marrone KA, Verde F, Guo H, Zhang J, Caushi JX, Chan HY, Sidhom JW, Scharpf RB, White J, Gabrielson E, Wang H, Rosner GL, Rusch V, Wolchok JD, Merghoub T, Taube JM, Velculescu VE, Topalian SL, Brahmer JR, Pardoll DM.",N Engl J Med. 2018 May 24;378(21):1976-1986. doi: 10.1056/NEJMoa1716078. Epub 2018 Apr 16.,Forde PM,N Engl J Med,2018,2018-04-17,PMC6223617,NIHMS980037,10.1056/NEJMoa1716078
29636475,ATAC-Seq analysis reveals a widespread decrease of chromatin accessibility in age-related macular degeneration,"Wang J, Zibetti C, Shang P, Sripathi SR, Zhang P, Cano M, Hoang T, Xia S, Ji H, Merbs SL, Zack DJ, Handa JT, Sinha D, Blackshaw S, Qian J.",Nat Commun. 2018 Apr 10;9(1):1364. doi: 10.1038/s41467-018-03856-y.,Wang J,Nat Commun,2018,2018-04-12,PMC5893535,,10.1038/s41467-018-03856-y
29625053,Comprehensive Characterization of Cancer Driver Genes and Mutations,"Bailey MH, Tokheim C, Porta-Pardo E, Sengupta S, Bertrand D, Weerasinghe A, Colaprico A, Wendl MC, Kim J, Reardon B, Ng PK, Jeong KJ, Cao S, Wang Z, Gao J, Gao Q, Wang F, Liu EM, Mularoni L, Rubio-Perez C, Nagarajan N, Cortés-Ciriano I, Zhou DC, Liang WW, Hess JM, Yellapantula VD, Tamborero D, Gonzalez-Perez A, Suphavilai C, Ko JY, Khurana E, Park PJ, Van Allen EM, Liang H; MC3 Working Group; Cancer Genome Atlas Research Network; Lawrence MS, Godzik A, Lopez-Bigas N, Stuart J, Wheeler D, Getz G, Chen K, Lazar AJ, Mills GB, Karchin R, Ding L.",Cell. 2018 Apr 5;173(2):371-385.e18. doi: 10.1016/j.cell.2018.02.060.,Bailey MH,Cell,2018,2018-04-07,PMC6029450,NIHMS948705,10.1016/j.cell.2018.02.060
29622589,Genome-Wide Associations of Global Electrical Heterogeneity ECG Phenotype: The ARIC (Atherosclerosis Risk in Communities) Study and CHS (Cardiovascular Health Study),"Tereshchenko LG, Sotoodehnia N, Sitlani CM, Ashar FN, Kabir M, Biggs ML, Morley MP, Waks JW, Soliman EZ, Buxton AE, Biering-Sørensen T, Solomon SD, Post WS, Cappola TP, Siscovick DS, Arking DE.",J Am Heart Assoc. 2018 Apr 5;7(8):e008160. doi: 10.1161/JAHA.117.008160.,Tereshchenko LG,J Am Heart Assoc,2018,2018-04-07,PMC6015433,,10.1161/JAHA.117.008160
29670589,Gene Enrichment Analysis Reveals Major Regulators of Mycobacterium tuberculosis Gene Expression in Two Models of Antibiotic Tolerance,"Matern WM, Rifat D, Bader JS, Karakousis PC.",Front Microbiol. 2018 Apr 4;9:610. doi: 10.3389/fmicb.2018.00610. eCollection 2018.,Matern WM,Front Microbiol,2018,2018-04-20,PMC5893760,,10.3389/fmicb.2018.00610
29618374,Transient reduction of DNA methylation at the onset of meiosis in male mice,"Gaysinskaya V, Miller BF, De Luca C, van der Heijden GW, Hansen KD, Bortvin A.",Epigenetics Chromatin. 2018 Apr 4;11(1):15. doi: 10.1186/s13072-018-0186-0.,Gaysinskaya V,Epigenetics Chromatin,2018,2018-04-06,PMC5883305,,10.1186/s13072-018-0186-0
29325163,Transethnic Evaluation Identifies Low-Frequency Loci Associated With 25-Hydroxyvitamin D Concentrations,"Hong J, Hatchell KE, Bradfield JP, Bjonnes A, Chesi A, Lai CQ, Langefeld CD, Lu L, Lu Y, Lutsey PL, Musani SK, Nalls MA, Robinson-Cohen C, Roizen JD, Saxena R, Tucker KL, Ziegler JT, Arking DE, Bis JC, Boerwinkle E, Bottinger EP, Bowden DW, Gilsanz V, Houston DK, Kalkwarf HJ, Kelly A, Lappe JM, Liu Y, Michos ED, Oberfield SE, Palmer ND, Rotter JI, Sapkota B, Shepherd JA, Wilson JG, Basu S, de Boer IH, Divers J, Freedman BI, Grant SFA, Hakanarson H, Harris TB, Kestenbaum BR, Kritchevsky SB, Loos RJF, Norris JM, Norwood AF, Ordovas JM, Pankow JS, Psaty BM, Sanghera DK, Wagenknecht LE, Zemel BS, Meigs J, Dupuis J, Florez JC, Wang T, Liu CT, Engelman CD, Billings LK.",J Clin Endocrinol Metab. 2018 Apr 1;103(4):1380-1392. doi: 10.1210/jc.2017-01802.,Hong J,J Clin Endocrinol Metab,2018,2018-01-12,PMC6276579,,10.1210/jc.2017-01802
29036413,Smooth quantile normalization,"Hicks SC, Okrah K, Paulson JN, Quackenbush J, Irizarry RA, Bravo HC.",Biostatistics. 2018 Apr 1;19(2):185-198. doi: 10.1093/biostatistics/kxx028.,Hicks SC,Biostatistics,2018,2017-10-17,PMC5862355,,10.1093/biostatistics/kxx028
29588357,Successful Treatment of Persistent Burkholderia cepacia Complex Bacteremia with Ceftazidime-Avibactam,"Tamma PD, Fan Y, Bergman Y, Sick-Samuels AC, Hsu AJ, Timp W, Simner PJ, Prokesch BC, Greenberg DE.",Antimicrob Agents Chemother. 2018 Mar 27;62(4):e02213-17. doi: 10.1128/AAC.02213-17. Print 2018 Apr.,Tamma PD,Antimicrob Agents Chemother,2018,2018-03-29,PMC5913954,,10.1128/AAC.02213-17
29677652,Cardiomyocytes have mosaic patterns of protein expression,"Wang TY, Lee D, Fox-Talbot K, Arking DE, Chakravarti A, Halushka MK.",Cardiovasc Pathol. 2018 May-Jun;34:50-57. doi: 10.1016/j.carpath.2018.03.002. Epub 2018 Mar 24.,Wang TY,Cardiovasc Pathol,2018,2018-04-21,PMC5940500,NIHMS954350,10.1016/j.carpath.2018.03.002
29576529,Sequential Enhancer Sequestration Dysregulates Recombination Center Formation at the IgH Locus,"Qiu X, Kumari G, Gerasimova T, Du H, Labaran L, Singh A, De S, Wood WH 3rd, Becker KG, Zhou W, Ji H, Sen R.",Mol Cell. 2018 Apr 5;70(1):21-33.e6. doi: 10.1016/j.molcel.2018.02.020. Epub 2018 Mar 22.,Qiu X,Mol Cell,2018,2018-03-27,PMC6003238,NIHMS958049,10.1016/j.molcel.2018.02.020
29563323,Evaluation of liquid from the Papanicolaou test and other liquid biopsies for the detection of endometrial and ovarian cancers,"Wang Y, Li L, Douville C, Cohen JD, Yen TT, Kinde I, Sundfelt K, Kjær SK, Hruban RH, Shih IM, Wang TL, Kurman RJ, Springer S, Ptak J, Popoli M, Schaefer J, Silliman N, Dobbyn L, Tanner EJ, Angarita A, Lycke M, Jochumsen K, Afsari B, Danilova L, Levine DA, Jardon K, Zeng X, Arseneau J, Fu L, Diaz LA Jr, Karchin R, Tomasetti C, Kinzler KW, Vogelstein B, Fader AN, Gilbert L, Papadopoulos N.",Sci Transl Med. 2018 Mar 21;10(433):eaap8793. doi: 10.1126/scitranslmed.aap8793.,Wang Y,Sci Transl Med,2018,2018-03-23,PMC6320220,NIHMS997200,10.1126/scitranslmed.aap8793
29557778,Non-invasive detection of urothelial cancer through the analysis of driver gene mutations and aneuploidy,"Springer SU, Chen CH, Rodriguez Pena MDC, Li L, Douville C, Wang Y, Cohen JD, Taheri D, Silliman N, Schaefer J, Ptak J, Dobbyn L, Papoli M, Kinde I, Afsari B, Tregnago AC, Bezerra SM, VandenBussche C, Fujita K, Ertoy D, Cunha IW, Yu L, Bivalacqua TJ, Grollman AP, Diaz LA, Karchin R, Danilova L, Huang CY, Shun CT, Turesky RJ, Yun BH, Rosenquist TA, Pu YS, Hruban RH, Tomasetti C, Papadopoulos N, Kinzler KW, Vogelstein B, Dickman KG, Netto GJ.",Elife. 2018 Mar 20;7:e32143. doi: 10.7554/eLife.32143.,Springer SU,Elife,2018,2018-03-21,PMC5860864,,10.7554/eLife.32143
29638227,A toolbox of immunoprecipitation-grade monoclonal antibodies to human transcription factors,"Venkataraman A, Yang K, Irizarry J, Mackiewicz M, Mita P, Kuang Z, Xue L, Ghosh D, Liu S, Ramos P, Hu S, Bayron Kain D, Keegan S, Saul R, Colantonio S, Zhang H, Behn FP, Song G, Albino E, Asencio L, Ramos L, Lugo L, Morell G, Rivera J, Ruiz K, Almodovar R, Nazario L, Murphy K, Vargas I, Rivera-Pacheco ZA, Rosa C, Vargas M, McDade J, Clark BS, Yoo S, Khambadkone SG, de Melo J, Stevanovic M, Jiang L, Li Y, Yap WY, Jones B, Tandon A, Campbell E, Montelione GT, Anderson S, Myers RM, Boeke JD, Fenyö D, Whiteley G, Bader JS, Pino I, Eichinger DJ, Zhu H, Blackshaw S.",Nat Methods. 2018 May;15(5):330-338. doi: 10.1038/nmeth.4632. Epub 2018 Mar 19.,Venkataraman A,Nat Methods,2018,2018-04-12,PMC6063793,NIHMS955931,10.1038/nmeth.4632
29744026,An Evolutionary Computation Approach for Optimizing Multilevel Data to Predict Patient Outcomes,"Barnes S, Saria S, Levin S.",J Healthc Eng. 2018 Mar 18;2018:7174803. doi: 10.1155/2018/7174803. eCollection 2018.,Barnes S,J Healthc Eng,2018,2018-05-11,PMC5878885,,10.1155/2018/7174803
29533785,Systematic Functional Annotation of Somatic Mutations in Cancer,"Ng PK, Li J, Jeong KJ, Shao S, Chen H, Tsang YH, Sengupta S, Wang Z, Bhavana VH, Tran R, Soewito S, Minussi DC, Moreno D, Kong K, Dogruluk T, Lu H, Gao J, Tokheim C, Zhou DC, Johnson AM, Zeng J, Ip CKM, Ju Z, Wester M, Yu S, Li Y, Vellano CP, Schultz N, Karchin R, Ding L, Lu Y, Cheung LWT, Chen K, Shaw KR, Meric-Bernstam F, Scott KL, Yi S, Sahni N, Liang H, Mills GB.",Cancer Cell. 2018 Mar 12;33(3):450-462.e10. doi: 10.1016/j.ccell.2018.01.021.,Ng PK,Cancer Cell,2018,2018-03-14,PMC5926201,NIHMS940011,10.1016/j.ccell.2018.01.021
28165855,Genome-wide DNA methylation associations with spontaneous preterm birth in US blacks: findings in maternal and cord blood samples,"Hong X, Sherwood B, Ladd-Acosta C, Peng S, Ji H, Hao K, Burd I, Bartell TR, Wang G, Tsai HJ, Liu X, Ji Y, Wahl A, Caruso D, Lee-Parritz A, Zuckerman B, Wang X.",Epigenetics. 2018;13(2):163-172. doi: 10.1080/15592294.2017.1287654. Epub 2018 Mar 6.,Hong X,Epigenetics,2018,2017-02-07,PMC5873359,,10.1080/15592294.2017.1287654
29527311,Development and validation of a prediction model for insulin-associated hypoglycemia in non-critically ill hospitalized adults,"Mathioudakis NN, Everett E, Routh S, Pronovost PJ, Yeh HC, Golden SH, Saria S.",BMJ Open Diabetes Res Care. 2018 Mar 2;6(1):e000499. doi: 10.1136/bmjdrc-2017-000499. eCollection 2018.,Mathioudakis NN,BMJ Open Diabetes Res Care,2018,2018-03-13,PMC5841507,,10.1136/bmjdrc-2017-000499
29500184,IPMNs with co-occurring invasive cancers: neighbours but not always relatives,"Felsenstein M, Noë M, Masica DL, Hosoda W, Chianchiano P, Fischer CG, Lionheart G, Brosens LAA, Pea A, Yu J, Gemenetzis G, Groot VP, Makary MA, He J, Weiss MJ, Cameron JL, Wolfgang CL, Hruban RH, Roberts NJ, Karchin R, Goggins MG, Wood LD.",Gut. 2018 Sep;67(9):1652-1662. doi: 10.1136/gutjnl-2017-315062. Epub 2018 Mar 2.,Felsenstein M,Gut,2018,2018-03-04,PMC10489026,NIHMS1839347,10.1136/gutjnl-2017-315062
29618047,"Single-molecule, full-length transcript sequencing provides insight into the extreme metabolism of the ruby-throated hummingbird Archilochus colubris","Workman RE, Myrka AM, Wong GW, Tseng E, Welch KC Jr, Timp W.",Gigascience. 2018 Mar 1;7(3):1-12. doi: 10.1093/gigascience/giy009.,Workman RE,Gigascience,2018,2018-04-05,PMC5869288,,10.1093/gigascience/giy009
29488292,Patterns of prednisone use during pregnancy in women with rheumatoid arthritis: Daily and cumulative dose,"Palmsten K, Rolland M, Hebert MF, Clowse MEB, Schatz M, Xu R, Chambers CD.",Pharmacoepidemiol Drug Saf. 2018 Apr;27(4):430-438. doi: 10.1002/pds.4410. Epub 2018 Feb 28.,Palmsten K,Pharmacoepidemiol Drug Saf,2018,2018-03-01,PMC6039094,NIHMS962836,10.1002/pds.4410
29457790,CD163+ macrophages promote angiogenesis and vascular permeability accompanied by inflammation in atherosclerosis,"Guo L, Akahori H, Harari E, Smith SL, Polavarapu R, Karmali V, Otsuka F, Gannon RL, Braumann RE, Dickinson MH, Gupta A, Jenkins AL, Lipinski MJ, Kim J, Chhour P, de Vries PS, Jinnouchi H, Kutys R, Mori H, Kutyna MD, Torii S, Sakamoto A, Choi CU, Cheng Q, Grove ML, Sawan MA, Zhang Y, Cao Y, Kolodgie FD, Cormode DP, Arking DE, Boerwinkle E, Morrison AC, Erdmann J, Sotoodehnia N, Virmani R, Finn AV.",J Clin Invest. 2018 Mar 1;128(3):1106-1124. doi: 10.1172/JCI93025. Epub 2018 Feb 19.,Guo L,J Clin Invest,2018,2018-02-20,PMC5824873,,10.1172/JCI93025
29455333,Stress response factors drive regrowth of quiescent cells,"Kuang Z, Ji H, Boeke JD.",Curr Genet. 2018 Aug;64(4):807-810. doi: 10.1007/s00294-018-0813-0. Epub 2018 Feb 17.,Kuang Z,Curr Genet,2018,2018-02-19,PMC8918042,NIHMS944262,10.1007/s00294-018-0813-0
29455858,A Large-Scale Multi-ancestry Genome-wide Study Accounting for Smoking Behavior Identifies Multiple Significant Loci for Blood Pressure,"Sung YJ, Winkler TW, de las Fuentes L, Bentley AR, Brown MR, Kraja AT, Schwander K, Ntalla I, Guo X, Franceschini N, Lu Y, Cheng CY, Sim X, Vojinovic D, Marten J, Musani SK, Li C, Feitosa MF, Kilpeläinen TO, Richard MA, Noordam R, Aslibekyan S, Aschard H, Bartz TM, Dorajoo R, Liu Y, Manning AK, Rankinen T, Smith AV, Tajuddin SM, Tayo BO, Warren HR, Zhao W, Zhou Y, Matoba N, Sofer T, Alver M, Amini M, Boissel M, Chai JF, Chen X, Divers J, Gandin I, Gao C, Giulianini F, Goel A, Harris SE, Hartwig FP, Horimoto ARVR, Hsu FC, Jackson AU, Kähönen M, Kasturiratne A, Kühnel B, Leander K, Lee WJ, Lin KH, 'an Luan J, McKenzie CA, Meian H, Nelson CP, Rauramaa R, Schupf N, Scott RA, Sheu WHH, Stančáková A, Takeuchi F, van der Most PJ, Varga TV, Wang H, Wang Y, Ware EB, Weiss S, Wen W, Yanek LR, Zhang W, Zhao JH, Afaq S, Alfred T, Amin N, Arking D, Aung T, Barr RG, Bielak LF, Boerwinkle E, Bottinger EP, Braund PS, Brody JA, Broeckel U, Cabrera CP, Cade B, Caizheng Y, Campbell A, Canouil M, Chakravarti A; CHARGE Neurology Working Group; Chauhan G, Christensen K, Cocca M; COGENT-Kidney Consortium, et al.",Am J Hum Genet. 2018 Mar 1;102(3):375-400. doi: 10.1016/j.ajhg.2018.01.015. Epub 2018 Feb 15.,Sung YJ,Am J Hum Genet,2018,2018-02-20,PMC5985266,,10.1016/j.ajhg.2018.01.015
29036523,Stress-Dependent Association Between Polygenic Risk for Schizophrenia and Schizotypal Traits in Young Army Recruits,"Hatzimanolis A, Avramopoulos D, Arking DE, Moes A, Bhatnagar P, Lencz T, Malhotra AK, Giakoumaki SG, Roussos P, Smyrnis N, Bitsios P, Stefanis NC.",Schizophr Bull. 2018 Feb 15;44(2):338-347. doi: 10.1093/schbul/sbx074.,Hatzimanolis A,Schizophr Bull,2018,2017-10-17,PMC5814832,,10.1093/schbul/sbx074
29432176,Detection of aneuploidy in patients with cancer through amplification of long interspersed nucleotide elements (LINEs),"Douville C, Springer S, Kinde I, Cohen JD, Hruban RH, Lennon AM, Papadopoulos N, Kinzler KW, Vogelstein B, Karchin R.",Proc Natl Acad Sci U S A. 2018 Feb 20;115(8):1871-1876. doi: 10.1073/pnas.1717846115. Epub 2018 Feb 5.,Douville C,Proc Natl Acad Sci U S A,2018,2018-02-13,PMC5828610,,10.1073/pnas.1717846115
29379135,Cloud computing for genomic data analysis and collaboration,"Langmead B, Nellore A.",Nat Rev Genet. 2018 Apr;19(4):208-219. doi: 10.1038/nrg.2017.113. Epub 2018 Jan 30.,Langmead B,Nat Rev Genet,2018,2018-01-31,PMC6452449,NIHMS944752,10.1038/nrg.2017.113
29373581,MUMmer4: A fast and versatile genome alignment system,"Marçais G, Delcher AL, Phillippy AM, Coston R, Salzberg SL, Zimin A.",PLoS Comput Biol. 2018 Jan 26;14(1):e1005944. doi: 10.1371/journal.pcbi.1005944. eCollection 2018 Jan.,Marçais G,PLoS Comput Biol,2018,2018-01-27,PMC5802927,,10.1371/journal.pcbi.1005944
29394989,Assessment of the Clinical Relevance of BRCA2 Missense Variants by Functional and Computational Approaches,"Guidugli L, Shimelis H, Masica DL, Pankratz VS, Lipton GB, Singh N, Hu C, Monteiro ANA, Lindor NM, Goldgar DE, Karchin R, Iversen ES, Couch FJ.",Am J Hum Genet. 2018 Feb 1;102(2):233-248. doi: 10.1016/j.ajhg.2017.12.013. Epub 2018 Jan 25.,Guidugli L,Am J Hum Genet,2018,2018-02-04,PMC5985401,,10.1016/j.ajhg.2017.12.013
29361467,Scikit-ribo Enables Accurate Estimation and Robust Modeling of Translation Dynamics at Codon Resolution,"Fang H, Huang YF, Radhakrishnan A, Siepel A, Lyon GJ, Schatz MC.",Cell Syst. 2018 Feb 28;6(2):180-191.e4. doi: 10.1016/j.cels.2017.12.007. Epub 2018 Jan 17.,Fang H,Cell Syst,2018,2018-01-24,PMC5832574,NIHMS928719,10.1016/j.cels.2017.12.007
29282786,Methods and tools for assessing the impact of genetic variations: The 2017 Annual Scientific Meeting of the Human Genome Variation Society,"Oetting WS, Béroud C, Brenner SE, Greenblatt MS, Karchin R, Mooney SD.",Hum Mutat. 2018 Mar;39(3):454-458. doi: 10.1002/humu.23393. Epub 2018 Jan 15.,Oetting WS,Hum Mutat,2018,2017-12-29,PMC5805595,NIHMS932139,10.1002/humu.23393
29423234,Reference quality assembly of the 3.5-Gb genome of Capsicum annuum from a single linked-read library,"Hulse-Kemp AM, Maheshwari S, Stoffel K, Hill TA, Jaffe D, Williams SR, Weisenfeld N, Ramakrishnan S, Kumar V, Shah P, Schatz MC, Church DM, Van Deynze A.",Hortic Res. 2018 Jan 12;5:4. doi: 10.1038/s41438-017-0011-0. eCollection 2018.,Hulse-Kemp AM,Hortic Res,2018,2018-02-10,PMC5798813,,10.1038/s41438-017-0011-0
29323199,Observation of carrier localization in cubic crystalline Ge(2)Sb(2)Te(5) by field effect measurement,"Qian H, Tong H, He MZ, Ji HK, Zhou LJ, Xu M, Miao XS.",Sci Rep. 2018 Jan 11;8(1):486. doi: 10.1038/s41598-017-18964-w.,Qian H,Sci Rep,2018,2018-01-12,PMC5765150,,10.1038/s41598-017-18964-w
29325176,Dynamic motif occupancy (DynaMO) analysis identifies transcription factors and their binding sites driving dynamic biological processes,"Kuang Z, Ji Z, Boeke JD, Ji H.",Nucleic Acids Res. 2018 Jan 9;46(1):e2. doi: 10.1093/nar/gkx905.,Kuang Z,Nucleic Acids Res,2018,2018-01-12,PMC5758894,,10.1093/nar/gkx905
29874175,ExomeChip-Wide Analysis of 95 626 Individuals Identifies 10 Novel Loci Associated With QT and JT Intervals,"Bihlmeyer NA, Brody JA, Smith AV, Warren HR, Lin H, Isaacs A, Liu CT, Marten J, Radmanesh F, Hall LM, Grarup N, Mei H, Müller-Nurasyid M, Huffman JE, Verweij N, Guo X, Yao J, Li-Gao R, van den Berg M, Weiss S, Prins BP, van Setten J, Haessler J, Lyytikäinen LP, Li M, Alonso A, Soliman EZ, Bis JC, Austin T, Chen YI, Psaty BM, Harrris TB, Launer LJ, Padmanabhan S, Dominiczak A, Huang PL, Xie Z, Ellinor PT, Kors JA, Campbell A, Murray AD, Nelson CP, Tobin MD, Bork-Jensen J, Hansen T, Pedersen O, Linneberg A, Sinner MF, Peters A, Waldenberger M, Meitinger T, Perz S, Kolcic I, Rudan I, de Boer RA, van der Meer P, Lin HJ, Taylor KD, de Mutsert R, Trompet S, Jukema JW, Maan AC, Stricker BHC, Rivadeneira F, Uitterlinden A, Völker U, Homuth G, Völzke H, Felix SB, Mangino M, Spector TD, Bots ML, Perez M, Raitakari OT, Kähönen M, Mononen N, Gudnason V, Munroe PB, Lubitz SA, van Duijn CM, Newton-Cheh CH, Hayward C, Rosand J, Samani NJ, Kanters JK, Wilson JG, Kääb S, Polasek O, van der Harst P, Heckbert SR, Rotter JI, Mook-Kanamori DO, Eijgelsheim M, Dörr M, Jamshidi Y, Asselbergs FW, Kooperberg C, Lehtimäki T, Arking DE, Sotoodehnia N.",Circ Genom Precis Med. 2018 Jan;11(1):e001758. doi: 10.1161/CIRCGEN.117.001758.,Bihlmeyer NA,Circ Genom Precis Med,2018,2018-06-07,PMC5992491,NIHMS923173,10.1161/CIRCGEN.117.001758
29340642,Identifying Corneal Infections in Formalin-Fixed Specimens Using Next Generation Sequencing,"Li Z, Breitwieser FP, Lu J, Jun AS, Asnaghi L, Salzberg SL, Eberhart CG.",Invest Ophthalmol Vis Sci. 2018 Jan 1;59(1):280-288. doi: 10.1167/iovs.17-21617.,Li Z,Invest Ophthalmol Vis Sci,2018,2018-01-18,PMC5770184,,10.1167/iovs.17-21617
29076829,Comparative effectiveness trials in asthma - how will I recognize one?,"Nyenhuis SM, Apter AJ, Schatz M, Krishnan JA.",Curr Opin Pulm Med. 2018 Jan;24(1):78-82. doi: 10.1097/MCP.0000000000000442.,Nyenhuis SM,Curr Opin Pulm Med,2018,2017-10-28,PMC5985979,NIHMS936850,10.1097/MCP.0000000000000442
28968689,Snaptron: querying splicing patterns across tens of thousands of RNA-seq samples,"Wilks C, Gaddipati P, Nellore A, Langmead B.",Bioinformatics. 2018 Jan 1;34(1):114-116. doi: 10.1093/bioinformatics/btx547.,Wilks C,Bioinformatics,2018,2017-10-03,PMC5870547,,10.1093/bioinformatics/btx547
29227469,Integrative single-cell analysis of transcriptional and epigenetic states in the human adult brain,"Lake BB, Chen S, Sos BC, Fan J, Kaeser GE, Yung YC, Duong TE, Gao D, Chun J, Kharchenko PV, Zhang K.",Nat Biotechnol. 2018 Jan;36(1):70-80. doi: 10.1038/nbt.4038. Epub 2017 Dec 11.,Lake BB,Nat Biotechnol,2018,2017-12-12,PMC5951394,NIHMS920808,10.1038/nbt.4038
29158425,Improving Metabolic Health Through Precision Dietetics in Mice,"Barrington WT, Wulfridge P, Wells AE, Rojas CM, Howe SYF, Perry A, Hua K, Pellizzon MA, Hansen KD, Voy BH, Bennett BJ, Pomp D, Feinberg AP, Threadgill DW.",Genetics. 2018 Jan;208(1):399-417. doi: 10.1534/genetics.117.300536. Epub 2017 Nov 20.,Barrington WT,Genetics,2018,2017-11-22,PMC5753872,,10.1534/genetics.117.300536
29063503,Are blastocyst aneuploidy rates different between fertile and infertile populations?,"Kort JD, McCoy RC, Demko Z, Lathi RB.",J Assist Reprod Genet. 2018 Mar;35(3):403-408. doi: 10.1007/s10815-017-1060-x. Epub 2017 Oct 23.,Kort JD,J Assist Reprod Genet,2018,2017-10-25,PMC5904052,,10.1007/s10815-017-1060-x
28923490,The Association of Maternal Asthma and Early Pregnancy Vitamin D with Risk of Preeclampsia: An Observation From Vitamin D Antenatal Asthma Reduction Trial (VDAART),"Mirzakhani H, Carey VJ, McElrath TF, Laranjo N, O'Connor G, Iverson RE, Lee-Parritz A, Strunk RC, Bacharier LB, Macones GA, Zeiger RS, Schatz M, Hollis BW, Litonjua AA, Weiss ST.",J Allergy Clin Immunol Pract. 2018 Mar-Apr;6(2):600-608.e2. doi: 10.1016/j.jaip.2017.07.018. Epub 2017 Sep 8.,Mirzakhani H,J Allergy Clin Immunol Pract,2018,2017-09-20,PMC5843492,NIHMS897351,10.1016/j.jaip.2017.07.018
28882084,Genomic characterization of chromosome translocations in patients with T/myeloid mixed-phenotype acute leukemia,"Pallavajjala A, Kim D, Li T, Ghiaur G, Jones RJ, Burns KH, Salzberg SL, Ning Y.",Leuk Lymphoma. 2018 May;59(5):1231-1238. doi: 10.1080/10428194.2017.1372577. Epub 2017 Sep 7.,Pallavajjala A,Leuk Lymphoma,2018,2017-09-09,PMC6390477,NIHMS1008371,10.1080/10428194.2017.1372577
29295472,A Prospective Birth Cohort Study on Maternal Cholesterol Levels and Offspring Attention Deficit Hyperactivity Disorder: New Insight on Sex Differences,"Ji Y, Riley AW, Lee LC, Volk H, Hong X, Wang G, Angomas R, Stivers T, Wahl A, Ji H, Bartell TR, Burd I, Paige D, Fallin MD, Zuckerman B, Wang X.",Brain Sci. 2017 Dec 23;8(1):3. doi: 10.3390/brainsci8010003.,Ji Y,Brain Sci,2017,2018-01-04,PMC5789334,,10.3390/brainsci8010003
33490760,Exploring physics students' engagement with online instructional videos in an introductory mechanics course,"Lin SY, Aiken JM, Seaton DT, Douglas SS, Greco EF, Thoms BD, Schatz MF.",Phys Rev Phys Educ Res. 2017;13(2):020138. doi: 10.1103/PhysRevPhysEducRes.13.020138. Epub 2017 Dec 18.,Lin SY,Phys Rev Phys Educ Res,2017,2021-01-25,PMC7771505,,10.1103/PhysRevPhysEducRes.13.020138
29254494,Mapping genetic variations to three-dimensional protein structures to enhance variant interpretation: a proposed framework,"Glusman G, Rose PW, Prlić A, Dougherty J, Duarte JM, Hoffman AS, Barton GJ, Bendixen E, Bergquist T, Bock C, Brunk E, Buljan M, Burley SK, Cai B, Carter H, Gao J, Godzik A, Heuer M, Hicks M, Hrabe T, Karchin R, Leman JK, Lane L, Masica DL, Mooney SD, Moult J, Omenn GS, Pearl F, Pejaver V, Reynolds SM, Rokem A, Schwede T, Song S, Tilgner H, Valasatava Y, Zhang Y, Deutsch EW.",Genome Med. 2017 Dec 18;9(1):113. doi: 10.1186/s13073-017-0509-y.,Glusman G,Genome Med,2017,2017-12-20,PMC5735928,,10.1186/s13073-017-0509-y
28961785,FIRE: functional inference of genetic variants that regulate gene expression,"Ioannidis NM, Davis JR, DeGorter MK, Larson NB, McDonnell SK, French AJ, Battle AJ, Hastie TJ, Thibodeau SN, Montgomery SB, Bustamante CD, Sieh W, Whittemore AS.",Bioinformatics. 2017 Dec 15;33(24):3895-3901. doi: 10.1093/bioinformatics/btx534.,Ioannidis NM,Bioinformatics,2017,2017-09-30,PMC5860093,,10.1093/bioinformatics/btx534
27592709,Rail-RNA: scalable analysis of RNA-seq splicing and coverage,"Nellore A, Collado-Torres L, Jaffe AE, Alquicira-Hernández J, Wilks C, Pritt J, Morton J, Leek JT, Langmead B.",Bioinformatics. 2017 Dec 15;33(24):4033-4040. doi: 10.1093/bioinformatics/btw575.,Nellore A,Bioinformatics,2017,2016-09-06,PMC5860083,,10.1093/bioinformatics/btw575
29020391,Association between mitochondrial DNA copy number and sudden cardiac death: findings from the Atherosclerosis Risk in Communities study (ARIC),"Zhang Y, Guallar E, Ashar FN, Longchamps RJ, Castellani CA, Lane J, Grove ML, Coresh J, Sotoodehnia N, Ilkhanoff L, Boerwinkle E, Pankratz N, Arking DE.",Eur Heart J. 2017 Dec 7;38(46):3443-3448. doi: 10.1093/eurheartj/ehx354.,Zhang Y,Eur Heart J,2017,2017-10-12,PMC5837579,,10.1093/eurheartj/ehx354
29186694,Large-Scale Cognitive GWAS Meta-Analysis Reveals Tissue-Specific Neural Expression and Potential Nootropic Drug Targets,"Lam M, Trampush JW, Yu J, Knowles E, Davies G, Liewald DC, Starr JM, Djurovic S, Melle I, Sundet K, Christoforou A, Reinvang I, DeRosse P, Lundervold AJ, Steen VM, Espeseth T, Räikkönen K, Widen E, Palotie A, Eriksson JG, Giegling I, Konte B, Roussos P, Giakoumaki S, Burdick KE, Payton A, Ollier W, Chiba-Falek O, Attix DK, Need AC, Cirulli ET, Voineskos AN, Stefanis NC, Avramopoulos D, Hatzimanolis A, Arking DE, Smyrnis N, Bilder RM, Freimer NA, Cannon TD, London E, Poldrack RA, Sabb FW, Congdon E, Conley ED, Scult MA, Dickinson D, Straub RE, Donohoe G, Morris D, Corvin A, Gill M, Hariri AR, Weinberger DR, Pendleton N, Bitsios P, Rujescu D, Lahti J, Le Hellard S, Keller MC, Andreassen OA, Deary IJ, Glahn DC, Malhotra AK, Lencz T.",Cell Rep. 2017 Nov 28;21(9):2597-2613. doi: 10.1016/j.celrep.2017.11.028.,Lam M,Cell Rep,2017,2017-11-30,PMC5789458,NIHMS919719,10.1016/j.celrep.2017.11.028
29143815,Genome sequence of the progenitor of the wheat D genome Aegilops tauschii,"Luo MC, Gu YQ, Puiu D, Wang H, Twardziok SO, Deal KR, Huo N, Zhu T, Wang L, Wang Y, McGuire PE, Liu S, Long H, Ramasamy RK, Rodriguez JC, Van SL, Yuan L, Wang Z, Xia Z, Xiao L, Anderson OD, Ouyang S, Liang Y, Zimin AV, Pertea G, Qi P, Bennetzen JL, Dai X, Dawson MW, Müller HG, Kugler K, Rivarola-Duarte L, Spannagl M, Mayer KFX, Lu FH, Bevan MW, Leroy P, Li P, You FM, Sun Q, Liu Z, Lyons E, Wicker T, Salzberg SL, Devos KM, Dvořák J.",Nature. 2017 Nov 23;551(7681):498-502. doi: 10.1038/nature24486. Epub 2017 Nov 15.,Luo MC,Nature,2017,2017-11-17,PMC7416625,,10.1038/nature24486
29387450,Two approaches reveal a new paradigm of 'switchable or genetics-influenced allele-specific DNA methylation' with potential in human disease,"Martos SN, Li T, Ramos RB, Lou D, Dai H, Xu JC, Gao G, Gao Y, Wang Q, An C, Zhang X, Jia Y, Dawson VL, Dawson TM, Ji H, Wang Z.",Cell Discov. 2017 Nov 14;3:17038. doi: 10.1038/celldisc.2017.38. eCollection 2017.,Martos SN,Cell Discov,2017,2018-02-02,PMC5787696,,10.1038/celldisc.2017.38
29213995,LRSim: A Linked-Reads Simulator Generating Insights for Better Genome Partitioning,"Luo R, Sedlazeck FJ, Darby CA, Kelly SM, Schatz MC.",Comput Struct Biotechnol J. 2017 Nov 9;15:478-484. doi: 10.1016/j.csbj.2017.10.002. eCollection 2017.,Luo R,Comput Struct Biotechnol J,2017,2017-12-08,PMC5711661,,10.1016/j.csbj.2017.10.002
28963165,First Draft Genome Sequence of the Pathogenic Fungus Lomentospora prolificans (Formerly Scedosporium prolificans),"Luo R, Zimin A, Workman R, Fan Y, Pertea G, Grossman N, Wear MP, Jia B, Miller H, Casadevall A, Timp W, Zhang SX, Salzberg SL.",G3 (Bethesda). 2017 Nov 6;7(11):3831-3836. doi: 10.1534/g3.117.300107.,Luo R,G3 (Bethesda),2017,2017-10-01,PMC5677167,,10.1534/g3.117.300107
29092936,Software for the Integration of Multiomics Experiments in Bioconductor,"Ramos M, Schiffer L, Re A, Azhar R, Basunia A, Rodriguez C, Chan T, Chapman P, Davis SR, Gomez-Cabrero D, Culhane AC, Haibe-Kains B, Hansen KD, Kodali H, Louis MS, Mer AS, Riester M, Morgan M, Carey V, Waldron L.",Cancer Res. 2017 Nov 1;77(21):e39-e42. doi: 10.1158/0008-5472.CAN-17-0344.,Ramos M,Cancer Res,2017,2017-11-03,PMC5679241,NIHMS897796,10.1158/0008-5472.CAN-17-0344
29092935,CRAVAT 4: Cancer-Related Analysis of Variants Toolkit,"Masica DL, Douville C, Tokheim C, Bhattacharya R, Kim R, Moad K, Ryan MC, Karchin R.",Cancer Res. 2017 Nov 1;77(21):e35-e38. doi: 10.1158/0008-5472.CAN-17-0338.,Masica DL,Cancer Res,2017,2017-11-03,PMC5850945,NIHMS943139,10.1158/0008-5472.CAN-17-0338
29069494,"The first near-complete assembly of the hexaploid bread wheat genome, Triticum aestivum","Zimin AV, Puiu D, Hall R, Kingan S, Clavijo BJ, Salzberg SL.",Gigascience. 2017 Nov 1;6(11):1-7. doi: 10.1093/gigascience/gix097.,Zimin AV,Gigascience,2017,2017-10-26,PMC5691383,,10.1093/gigascience/gix097
29049454,Association of Mitochondrial DNA Copy Number With Cardiovascular Disease,"Ashar FN, Zhang Y, Longchamps RJ, Lane J, Moes A, Grove ML, Mychaleckyj JC, Taylor KD, Coresh J, Rotter JI, Boerwinkle E, Pankratz N, Guallar E, Arking DE.",JAMA Cardiol. 2017 Nov 1;2(11):1247-1255. doi: 10.1001/jamacardio.2017.3683.,Ashar FN,JAMA Cardiol,2017,2017-10-20,PMC5710361,,10.1001/jamacardio.2017.3683
,Peer assessment of student-produced mechanics lab report videos,"Douglas SS, Aiken JM, Lin SY, Greco EF, Alicea-Muñoz E, Schatz MF.",Phys Rev Lett. 2017;13(2):1-14. doi: 10.1103/PhysRevPhysEducRes.13.020126. Epub 2017 Nov 1.,Douglas SS,Phys Rev Lett,2017,,PMC7053393,,10.1103/PhysRevPhysEducRes.13.020126
29066808,Cross-tissue integration of genetic and epigenetic data offers insight into autism spectrum disorder,"Andrews SV, Ellis SE, Bakulski KM, Sheppard B, Croen LA, Hertz-Picciotto I, Newschaffer CJ, Feinberg AP, Arking DE, Ladd-Acosta C, Fallin MD.",Nat Commun. 2017 Oct 24;8(1):1011. doi: 10.1038/s41467-017-00868-y.,Andrews SV,Nat Commun,2017,2017-10-26,PMC5654961,,10.1038/s41467-017-00868-y
29061967,High grade serous ovarian carcinomas originate in the fallopian tube,"Labidi-Galy SI, Papp E, Hallberg D, Niknafs N, Adleff V, Noe M, Bhattacharya R, Novak M, Jones S, Phallen J, Hruban CA, Hirsch MS, Lin DI, Schwartz L, Maire CL, Tille JC, Bowden M, Ayhan A, Wood LD, Scharpf RB, Kurman R, Wang TL, Shih IM, Karchin R, Drapkin R, Velculescu VE.",Nat Commun. 2017 Oct 23;8(1):1093. doi: 10.1038/s41467-017-00962-1.,Labidi-Galy SI,Nat Commun,2017,2017-10-25,PMC5653668,,10.1038/s41467-017-00962-1
29262572,GATA3 frameshift mutation promotes tumor growth in human luminal breast cancer cells and induces transcriptional changes seen in primary GATA3 mutant breast cancers,"Gustin JP, Miller J, Farag M, Rosen DM, Thomas M, Scharpf RB, Lauring J.",Oncotarget. 2017 Oct 20;8(61):103415-103427. doi: 10.18632/oncotarget.21910. eCollection 2017 Nov 28.,Gustin JP,Oncotarget,2017,2017-12-22,PMC5732738,,10.18632/oncotarget.21910
29051481,Genome-wide prediction of DNase I hypersensitivity using gene expression,"Zhou W, Sherwood B, Ji Z, Xue Y, Du F, Bai J, Ying M, Ji H.",Nat Commun. 2017 Oct 19;8(1):1038. doi: 10.1038/s41467-017-01188-x.,Zhou W,Nat Commun,2017,2017-10-21,PMC5715040,,10.1038/s41467-017-01188-x
29022597,Genetic effects on gene expression across human tissues,"GTEx Consortium; Laboratory, Data Analysis &Coordinating Center (LDACC)—Analysis Working Group; Statistical Methods groups—Analysis Working Group; Enhancing GTEx (eGTEx) groups; NIH Common Fund; NIH/NCI; NIH/NHGRI; NIH/NIMH; NIH/NIDA; Biospecimen Collection Source Site—NDRI; Biospecimen Collection Source Site—RPCI; Biospecimen Core Resource—VARI; Brain Bank Repository—University of Miami Brain Endowment Bank; Leidos Biomedical—Project Management; ELSI Study; Genome Browser Data Integration &Visualization—EBI; Genome Browser Data Integration &Visualization—UCSC Genomics Institute, University of California Santa Cruz; Lead analysts:; Laboratory, Data Analysis &Coordinating Center (LDACC):; NIH program management:; Biospecimen collection:; Pathology:; eQTL manuscript working group:; Battle A, Brown CD, Engelhardt BE, Montgomery SB.",Nature. 2017 Oct 11;550(7675):204-213. doi: 10.1038/nature24277.,GTEx Consortium,Nature,2017,2017-10-13,PMC5776756,NIHMS925370,10.1038/nature24277
29022581,The impact of rare variation on gene expression across tissues,"Li X, Kim Y, Tsang EK, Davis JR, Damani FN, Chiang C, Hess GT, Zappala Z, Strober BJ, Scott AJ, Li A, Ganna A, Bassik MC, Merker JD; GTEx Consortium; Laboratory, Data Analysis &Coordinating Center (LDACC)—Analysis Working Group; Statistical Methods groups—Analysis Working Group; Enhancing GTEx (eGTEx) groups; NIH Common Fund; NIH/NCI; NIH/NHGRI; NIH/NIMH; NIH/NIDA; Biospecimen Collection Source Site—NDRI; Biospecimen Collection Source Site—RPCI; Biospecimen Core Resource—VARI; Brain Bank Repository—University of Miami Brain Endowment Bank; Leidos Biomedical—Project Management; ELSI Study; Genome Browser Data Integration &Visualization—EBI; Genome Browser Data Integration &Visualization—UCSC Genomics Institute, University of California Santa Cruz; Hall IM, Battle A, Montgomery SB.",Nature. 2017 Oct 11;550(7675):239-243. doi: 10.1038/nature24267.,Li X,Nature,2017,2017-10-13,PMC5877409,NIHMS906203,10.1038/nature24267
29021288,Co-expression networks reveal the tissue-specific regulation of transcription and splicing,"Saha A, Kim Y, Gewirtz ADH, Jo B, Gao C, McDowell IC; GTEx Consortium; Engelhardt BE, Battle A.",Genome Res. 2017 Nov;27(11):1843-1858. doi: 10.1101/gr.216721.116. Epub 2017 Oct 11.,Saha A,Genome Res,2017,2017-10-13,PMC5668942,,10.1101/gr.216721.116
28994822,"Whole genome DNA methylation sequencing of the chicken retina, cornea and brain","Lee I, Rasoul BA, Holub AS, Lejeune A, Enke RA, Timp W.",Sci Data. 2017 Oct 10;4:170148. doi: 10.1038/sdata.2017.148.,Lee I,Sci Data,2017,2017-10-11,PMC5634322,,10.1038/sdata.2017.148
29048578,"Genome assembly and transcriptome resource for river buffalo, Bubalus bubalis (2n = 50)","Williams JL, Iamartino D, Pruitt KD, Sonstegard T, Smith TPL, Low WY, Biagini T, Bomba L, Capomaccio S, Castiglioni B, Coletta A, Corrado F, Ferré F, Iannuzzi L, Lawley C, Macciotta N, McClure M, Mancini G, Matassino D, Mazza R, Milanesi M, Moioli B, Morandi N, Ramunno L, Peretti V, Pilla F, Ramelli P, Schroeder S, Strozzi F, Thibaud-Nissen F, Zicarelli L, Ajmone-Marsan P, Valentini A, Chillemi G, Zimin A.",Gigascience. 2017 Oct 1;6(10):1-6. doi: 10.1093/gigascience/gix088.,Williams JL,Gigascience,2017,2017-10-20,PMC5737279,,10.1093/gigascience/gix088
29020755,Erratum to: An improved assembly of the loblolly pine mega-genome using long-read single-molecule sequencing,"Zimin AV, Stevens KA, Crepeau MW, Puiu D, Wegrzyn JL, Yorke JA, Langley CH, Neale DB, Salzberg SL.",Gigascience. 2017 Oct 1;6(10):1. doi: 10.1093/gigascience/gix072.,Zimin AV,Gigascience,2017,2017-10-13,PMC5632297,,10.1093/gigascience/gix072
28978191,Incorporation of Biological Knowledge Into the Study of Gene-Environment Interactions,"Ritchie MD, Davis JR, Aschard H, Battle A, Conti D, Du M, Eskin E, Fallin MD, Hsu L, Kraft P, Moore JH, Pierce BL, Bien SA, Thomas DC, Wei P, Montgomery SB.",Am J Epidemiol. 2017 Oct 1;186(7):771-777. doi: 10.1093/aje/kwx229.,Ritchie MD,Am J Epidemiol,2017,2017-10-06,PMC5860556,,10.1093/aje/kwx229
28949295,Msn2/4 regulate expression of glycolytic enzymes and control transition from quiescence to growth,"Kuang Z, Pinglay S, Ji H, Boeke JD.",Elife. 2017 Sep 26;6:e29938. doi: 10.7554/eLife.29938.,Kuang Z,Elife,2017,2017-09-27,PMC5634782,,10.7554/eLife.29938
28505247,Single-cell regulome data analysis by SCRAT,"Ji Z, Zhou W, Ji H.",Bioinformatics. 2017 Sep 15;33(18):2930-2932. doi: 10.1093/bioinformatics/btx315.,Ji Z,Bioinformatics,2017,2017-05-16,PMC5870556,,10.1093/bioinformatics/btx315
28900195,"Genetic Interactions with Age, Sex, Body Mass Index, and Hypertension in Relation to Atrial Fibrillation: The AFGen Consortium","Weng LC, Lunetta KL, Müller-Nurasyid M, Smith AV, Thériault S, Weeke PE, Barnard J, Bis JC, Lyytikäinen LP, Kleber ME, Martinsson A, Lin HJ, Rienstra M, Trompet S, Krijthe BP, Dörr M, Klarin D, Chasman DI, Sinner MF, Waldenberger M, Launer LJ, Harris TB, Soliman EZ, Alonso A, Paré G, Teixeira PL, Denny JC, Shoemaker MB, Van Wagoner DR, Smith JD, Psaty BM, Sotoodehnia N, Taylor KD, Kähönen M, Nikus K, Delgado GE, Melander O, Engström G, Yao J, Guo X, Christophersen IE, Ellinor PT, Geelhoed B, Verweij N, Macfarlane P, Ford I, Heeringa J, Franco OH, Uitterlinden AG, Völker U, Teumer A, Rose LM, Kääb S, Gudnason V, Arking DE, Conen D, Roden DM, Chung MK, Heckbert SR, Benjamin EJ, Lehtimäki T, März W, Smith JG, Rotter JI, van der Harst P, Jukema JW, Stricker BH, Felix SB, Albert CM, Lubitz SA.",Sci Rep. 2017 Sep 12;7(1):11303. doi: 10.1038/s41598-017-09396-7.,Weng LC,Sci Rep,2017,2017-09-14,PMC5595875,,10.1038/s41598-017-09396-7
28751502,The Douglas-Fir Genome Sequence Reveals Specialization of the Photosynthetic Apparatus in Pinaceae,"Neale DB, McGuire PE, Wheeler NC, Stevens KA, Crepeau MW, Cardeno C, Zimin AV, Puiu D, Pertea GM, Sezen UU, Casola C, Koralewski TE, Paul R, Gonzalez-Ibeas D, Zaman S, Cronn R, Yandell M, Holt C, Langley CH, Yorke JA, Salzberg SL, Wegrzyn JL.",G3 (Bethesda). 2017 Sep 7;7(9):3157-3167. doi: 10.1534/g3.117.300078.,Neale DB,G3 (Bethesda),2017,2017-07-29,PMC5592940,,10.1534/g3.117.300078
28877962,Toward the human cellular microRNAome,"McCall MN, Kim MS, Adil M, Patil AH, Lu Y, Mitchell CJ, Leal-Rojas P, Xu J, Kumar M, Dawson VL, Dawson TM, Baras AS, Rosenberg AZ, Arking DE, Burns KH, Pandey A, Halushka MK.",Genome Res. 2017 Oct;27(10):1769-1781. doi: 10.1101/gr.222067.117. Epub 2017 Sep 6.,McCall MN,Genome Res,2017,2017-09-08,PMC5630040,,10.1101/gr.222067.117
28989723,Single-particle cryo-EM using alignment by classification (ABC): the structure of Lumbricus terrestris haemoglobin,"Afanasyev P, Seer-Linnemayr C, Ravelli RBG, Matadeen R, De Carlo S, Alewijnse B, Portugal RV, Pannu NS, Schatz M, van Heel M.",IUCrJ. 2017 Aug 31;4(Pt 5):678-694. doi: 10.1107/S2052252517010922. eCollection 2017 Sep 1.,Afanasyev P,IUCrJ,2017,2017-10-10,PMC5619859,,10.1107/S2052252517010922
28843361,Germline Mutations in DNA Repair Genes in Lung Adenocarcinoma,"Parry EM, Gable DL, Stanley SE, Khalil SE, Antonescu V, Florea L, Armanios M.",J Thorac Oncol. 2017 Nov;12(11):1673-1678. doi: 10.1016/j.jtho.2017.08.011. Epub 2017 Aug 24.,Parry EM,J Thorac Oncol,2017,2017-08-28,PMC5659909,NIHMS901671,10.1016/j.jtho.2017.08.011
28854731,Multiplexed analysis of fixed tissue RNA using Ligation in situ Hybridization,"Credle JJ, Itoh CY, Yuan T, Sharma R, Scott ER, Workman RE, Fan Y, Housseau F, Llosa NJ, Bell WR, Miller H, Zhang SX, Timp W, Larman HB.",Nucleic Acids Res. 2017 Aug 21;45(14):e128. doi: 10.1093/nar/gkx471.,Credle JJ,Nucleic Acids Res,2017,2017-09-01,PMC5737328,,10.1093/nar/gkx471
28814544,Direct detection of early-stage cancers using circulating tumor DNA,"Phallen J, Sausen M, Adleff V, Leal A, Hruban C, White J, Anagnostou V, Fiksel J, Cristiano S, Papp E, Speir S, Reinert T, Orntoft MW, Woodward BD, Murphy D, Parpart-Li S, Riley D, Nesselbush M, Sengamalay N, Georgiadis A, Li QK, Madsen MR, Mortensen FV, Huiskens J, Punt C, van Grieken N, Fijneman R, Meijer G, Husain H, Scharpf RB, Diaz LA Jr, Jones S, Angiuoli S, Ørntoft T, Nielsen HJ, Andersen CL, Velculescu VE.",Sci Transl Med. 2017 Aug 16;9(403):eaan2415. doi: 10.1126/scitranslmed.aan2415.,Phallen J,Sci Transl Med,2017,2017-08-18,PMC6714979,NIHMS925707,10.1126/scitranslmed.aan2415
28814314,Erratum to: The advantages of SMRT sequencing,"Roberts RJ, Carneiro MO, Schatz MC.",Genome Biol. 2017 Aug 16;18(1):156. doi: 10.1186/s13059-017-1295-y.,Roberts RJ,Genome Biol,2017,2017-08-18,PMC5559860,,10.1186/s13059-017-1295-y
28806977,A tandem simulation framework for predicting mapping quality,Langmead B.,Genome Biol. 2017 Aug 10;18(1):152. doi: 10.1186/s13059-017-1290-3.,Langmead B,Genome Biol,2017,2017-08-16,PMC5557537,,10.1186/s13059-017-1290-3
28944239,Analysis of sequence data to identify potential risk variants for oral clefts in multiplex families,"Holzinger ER, Li Q, Parker MM, Hetmanski JB, Marazita ML, Mangold E, Ludwig KU, Taub MA, Begum F, Murray JC, Albacha-Hejazi H, Alqosayer K, Al-Souki G, Albasha Hejazi A, Scott AF, Beaty TH, Bailey-Wilson JE.",Mol Genet Genomic Med. 2017 Aug 9;5(5):570-579. doi: 10.1002/mgg3.320. eCollection 2017 Sep.,Holzinger ER,Mol Genet Genomic Med,2017,2017-09-26,PMC5606860,,10.1002/mgg3.320
28794112,Fifteen Genetic Loci Associated With the Electrocardiographic P Wave,"Christophersen IE, Magnani JW, Yin X, Barnard J, Weng LC, Arking DE, Niemeijer MN, Lubitz SA, Avery CL, Duan Q, Felix SB, Bis JC, Kerr KF, Isaacs A, Müller-Nurasyid M, Müller C, North KE, Reiner AP, Tinker LF, Kors JA, Teumer A, Petersmann A, Sinner MF, Buzkova P, Smith JD, Van Wagoner DR, Völker U, Waldenberger M, Peters A, Meitinger T, Limacher MC, Wilhelmsen KC, Psaty BM, Hofman A, Uitterlinden A, Krijthe BP, Zhang ZM, Schnabel RB, Kääb S, van Duijn C, Rotter JI, Sotoodehnia N, Dörr M, Li Y, Chung MK, Soliman EZ, Alonso A, Whitsel EA, Stricker BH, Benjamin EJ, Heckbert SR, Ellinor PT.",Circ Cardiovasc Genet. 2017 Aug;10(4):e001667. doi: 10.1161/CIRCGENETICS.116.001667.,Christophersen IE,Circ Cardiovasc Genet,2017,2017-08-11,PMC5567993,NIHMS889822,10.1161/CIRCGENETICS.116.001667
28760139,Selection plays the hand it was dealt: evidence that human adaptation commonly targets standing genetic variation,"McCoy RC, Akey JM.",Genome Biol. 2017 Aug 1;18(1):139. doi: 10.1186/s13059-017-1280-5.,McCoy RC,Genome Biol,2017,2017-08-02,PMC5537971,,10.1186/s13059-017-1280-5
28751638,Targeted DNA methylation in human cells using engineered dCas9-methyltransferases,"Xiong T, Meister GE, Workman RE, Kato NC, Spellberg MJ, Turker F, Timp W, Ostermeier M, Novina CD.",Sci Rep. 2017 Jul 27;7(1):6732. doi: 10.1038/s41598-017-06757-0.,Xiong T,Sci Rep,2017,2017-07-29,PMC5532369,,10.1038/s41598-017-06757-0
28739976,Novel Blood Pressure Locus and Gene Discovery Using Genome-Wide Association Study and Expression Data Sets From Blood and the Kidney,"Wain LV, Vaez A, Jansen R, Joehanes R, van der Most PJ, Erzurumluoglu AM, O'Reilly PF, Cabrera CP, Warren HR, Rose LM, Verwoert GC, Hottenga JJ, Strawbridge RJ, Esko T, Arking DE, Hwang SJ, Guo X, Kutalik Z, Trompet S, Shrine N, Teumer A, Ried JS, Bis JC, Smith AV, Amin N, Nolte IM, Lyytikäinen LP, Mahajan A, Wareham NJ, Hofer E, Joshi PK, Kristiansson K, Traglia M, Havulinna AS, Goel A, Nalls MA, Sõber S, Vuckovic D, Luan J, Del Greco M F, Ayers KL, Marrugat J, Ruggiero D, Lopez LM, Niiranen T, Enroth S, Jackson AU, Nelson CP, Huffman JE, Zhang W, Marten J, Gandin I, Harris SE, Zemunik T, Lu Y, Evangelou E, Shah N, de Borst MH, Mangino M, Prins BP, Campbell A, Li-Gao R, Chauhan G, Oldmeadow C, Abecasis G, Abedi M, Barbieri CM, Barnes MR, Batini C, Beilby J; BIOS Consortium; Blake T, Boehnke M, Bottinger EP, Braund PS, Brown M, Brumat M, Campbell H, Chambers JC, Cocca M, Collins F, Connell J, Cordell HJ, Damman JJ, Davies G, de Geus EJ, de Mutsert R, Deelen J, Demirkale Y, Doney ASF, Dörr M, Farrall M, Ferreira T, Frånberg M, Gao H, Giedraitis V, Gieger C, Giulianini F, Gow AJ, Hamsten A, et al.",Hypertension. 2017 Sep;70(3):e4-e19. doi: 10.1161/HYPERTENSIONAHA.117.09438. Epub 2017 Jul 24.,Wain LV,Hypertension,2017,2017-07-26,PMC5783787,NIHMS902240,10.1161/HYPERTENSIONAHA.117.09438
28724409,Hybrid assembly with long and short reads improves discovery of gene family expansions,"Miller JR, Zhou P, Mudge J, Gurtowski J, Lee H, Ramaraj T, Walenz BP, Liu J, Stupar RM, Denny R, Song L, Singh N, Maron LG, McCouch SR, McCombie WR, Schatz MC, Tiffin P, Young ND, Silverstein KAT.",BMC Genomics. 2017 Jul 19;18(1):541. doi: 10.1186/s12864-017-3927-8.,Miller JR,BMC Genomics,2017,2017-07-21,PMC5518131,,10.1186/s12864-017-3927-8
28720685,The Loss of GSTM1 Associates with Kidney Failure and Heart Failure,"Tin A, Scharpf R, Estrella MM, Yu B, Grove ML, Chang PP, Matsushita K, Köttgen A, Arking DE, Boerwinkle E, Le TH, Coresh J, Grams ME.",J Am Soc Nephrol. 2017 Nov;28(11):3345-3352. doi: 10.1681/ASN.2017030228. Epub 2017 Jul 18.,Tin A,J Am Soc Nephrol,2017,2017-07-20,PMC5661294,,10.1681/ASN.2017030228
28762674,Identifying Genetic Sources of Phenotypic Heterogeneity in Orofacial Clefts by Targeted Sequencing,"Carlson JC, Taub MA, Feingold E, Beaty TH, Murray JC, Marazita ML, Leslie EJ.",Birth Defects Res. 2017 Jul 17;109(13):1030-1038. doi: 10.1002/bdr2.23605.,Carlson JC,Birth Defects Res,2017,2017-08-02,PMC5549861,NIHMS833778,10.1002/bdr2.23605
28369201,GenomeScope: fast reference-free genome profiling from short reads,"Vurture GW, Sedlazeck FJ, Nattestad M, Underwood CJ, Fang H, Gurtowski J, Schatz MC.",Bioinformatics. 2017 Jul 15;33(14):2202-2204. doi: 10.1093/bioinformatics/btx153.,Vurture GW,Bioinformatics,2017,2017-04-04,PMC5870704,,10.1093/bioinformatics/btx153
28679620,Integrated single-cell genetic and transcriptional analysis suggests novel drivers of chronic lymphocytic leukemia,"Wang L, Fan J, Francis JM, Georghiou G, Hergert S, Li S, Gambe R, Zhou CW, Yang C, Xiao S, Cin PD, Bowden M, Kotliar D, Shukla SA, Brown JR, Neuberg D, Alessi DR, Zhang CZ, Kharchenko PV, Livak KJ, Wu CJ.",Genome Res. 2017 Aug;27(8):1300-1311. doi: 10.1101/gr.217331.116. Epub 2017 Jul 5.,Wang L,Genome Res,2017,2017-07-07,PMC5538547,,10.1101/gr.217331.116
28674041,Transient Notch Activation Induces Long-Term Gene Expression Changes Leading to Sick Sinus Syndrome in Mice,"Qiao Y, Lipovsky C, Hicks S, Bhatnagar S, Li G, Khandekar A, Guzy R, Woo KV, Nichols CG, Efimov IR, Rentschler S.",Circ Res. 2017 Aug 18;121(5):549-563. doi: 10.1161/CIRCRESAHA.116.310396. Epub 2017 Jul 3.,Qiao Y,Circ Res,2017,2017-07-05,PMC5565396,NIHMS892936,10.1161/CIRCRESAHA.116.310396
28637275,16GT: a fast and sensitive variant caller using a 16-genotype probabilistic model,"Luo R, Schatz MC, Salzberg SL.",Gigascience. 2017 Jul 1;6(7):1-4. doi: 10.1093/gigascience/gix045.,Luo R,Gigascience,2017,2017-06-23,PMC5570013,,10.1093/gigascience/gix045
28651527,Identifying global expression patterns and key regulators in epithelial to mesenchymal transition through multi-study integration,"Parsana P, Amend SR, Hernandez J, Pienta KJ, Battle A.",BMC Cancer. 2017 Jun 26;17(1):447. doi: 10.1186/s12885-017-3413-3.,Parsana P,BMC Cancer,2017,2017-06-28,PMC5485747,,10.1186/s12885-017-3413-3
28544481,Matching phenotypes to whole genomes: Lessons learned from four iterations of the personal genome project community challenges,"Cai B, Li B, Kiga N, Thusberg J, Bergquist T, Chen YC, Niknafs N, Carter H, Tokheim C, Beleva-Guthrie V, Douville C, Bhattacharya R, Yeo HTG, Fan J, Sengupta S, Kim D, Cline M, Turner T, Diekhans M, Zaucha J, Pal LR, Cao C, Yu CH, Yin Y, Carraro M, Giollo M, Ferrari C, Leonardi E, Tosatto SCE, Bobe J, Ball M, Hoskins RA, Repo S, Church G, Brenner SE, Moult J, Gough J, Stanke M, Karchin R, Mooney SD.",Hum Mutat. 2017 Sep;38(9):1266-1276. doi: 10.1002/humu.23265. Epub 2017 Jun 19.,Cai B,Hum Mutat,2017,2017-05-26,PMC5645203,NIHMS889883,10.1002/humu.23265
28379579,Discovery of novel heart rate-associated loci using the Exome Chip,"van den Berg ME, Warren HR, Cabrera CP, Verweij N, Mifsud B, Haessler J, Bihlmeyer NA, Fu YP, Weiss S, Lin HJ, Grarup N, Li-Gao R, Pistis G, Shah N, Brody JA, Müller-Nurasyid M, Lin H, Mei H, Smith AV, Lyytikäinen LP, Hall LM, van Setten J, Trompet S, Prins BP, Isaacs A, Radmanesh F, Marten J, Entwistle A, Kors JA, Silva CT, Alonso A, Bis JC, de Boer R, de Haan HG, de Mutsert R, Dedoussis G, Dominiczak AF, Doney ASF, Ellinor PT, Eppinga RN, Felix SB, Guo X, Hagemeijer Y, Hansen T, Harris TB, Heckbert SR, Huang PL, Hwang SJ, Kähönen M, Kanters JK, Kolcic I, Launer LJ, Li M, Yao J, Linneberg A, Liu S, Macfarlane PW, Mangino M, Morris AD, Mulas A, Murray AD, Nelson CP, Orrú M, Padmanabhan S, Peters A, Porteous DJ, Poulter N, Psaty BM, Qi L, Raitakari OT, Rivadeneira F, Roselli C, Rudan I, Sattar N, Sever P, Sinner MF, Soliman EZ, Spector TD, Stanton AV, Stirrups KE, Taylor KD, Tobin MD, Uitterlinden A, Vaartjes I, Hoes AW, van der Meer P, Völker U, Waldenberger M, Xie Z, Zoledziewska M, Tinker A, Polasek O, Rosand J, Jamshidi Y, van Duijn CM, Zeggini E, Jukema JW, Asselbergs FW, Samani NJ, Lehtimäki T, et al.",Hum Mol Genet. 2017 Jun 15;26(12):2346-2363. doi: 10.1093/hmg/ddx113.,van den Berg ME,Hum Mol Genet,2017,2017-04-06,PMC5458336,,10.1093/hmg/ddx113
28669938,Individual and Joint Effects of Early-Life Ambient Exposure and Maternal Prepregnancy Obesity on Childhood Overweight or Obesity,"Mao G, Nachman RM, Sun Q, Zhang X, Koehler K, Chen Z, Hong X, Wang G, Caruso D, Zong G, Pearson C, Ji H, Biswal S, Zuckerman B, Wills-Karp M, Wang X.",Environ Health Perspect. 2017 Jun 14;125(6):067005. doi: 10.1289/EHP261.,Mao G,Environ Health Perspect,2017,2017-07-04,PMC5743454,,10.1289/EHP261
28606587,"Asthma control status in pregnancy, body mass index, and maternal vitamin D levels","Mirzakhani H, O'Connor G, Bacharier LB, Zeiger RS, Schatz MX, Weiss ST, Litonjua AA.",J Allergy Clin Immunol. 2017 Nov;140(5):1453-1456.e7. doi: 10.1016/j.jaci.2017.03.053. Epub 2017 Jun 9.,Mirzakhani H,J Allergy Clin Immunol,2017,2017-06-14,PMC5708874,NIHMS892871,10.1016/j.jaci.2017.03.053
28598419,Genome-wide approach identifies a novel gene-maternal pre-pregnancy BMI interaction on preterm birth,"Hong X, Hao K, Ji H, Peng S, Sherwood B, Di Narzo A, Tsai HJ, Liu X, Burd I, Wang G, Ji Y, Caruso D, Mao G, Bartell TR, Zhang Z, Pearson C, Heffner L, Cerda S, Beaty TH, Fallin MD, Lee-Parritz A, Zuckerman B, Weeks DE, Wang X.",Nat Commun. 2017 Jun 9;8:15608. doi: 10.1038/ncomms15608.,Hong X,Nat Commun,2017,2017-06-10,PMC5472707,,10.1038/ncomms15608
28586923,Presence of Human Hepegivirus-1 in a Cohort of People Who Inject Drugs,"Kandathil AJ, Breitwieser FP, Sachithanandham J, Robinson M, Mehta SH, Timp W, Salzberg SL, Thomas DL, Balagopal A.",Ann Intern Med. 2017 Jul 4;167(1):1-7. doi: 10.7326/M17-0085. Epub 2017 Jun 6.,Kandathil AJ,Ann Intern Med,2017,2017-06-07,PMC5721525,NIHMS902412,10.7326/M17-0085
28584135,Genome-wide association study to identify variants associated with acute severe vaso-occlusive pain in sickle cell anemia,"Chaturvedi S, Bhatnagar P, Bean CJ, Steinberg MH, Milton JN, Casella JF, Barron-Casella E, Arking DE, DeBaun MR.",Blood. 2017 Aug 3;130(5):686-688. doi: 10.1182/blood-2017-02-769661. Epub 2017 Jun 5.,Chaturvedi S,Blood,2017,2017-06-07,PMC5542853,NIHMS886254,10.1182/blood-2017-02-769661
28530654,Allele-specific expression reveals interactions between genetic variation and environment,"Knowles DA, Davis JR, Edgington H, Raj A, Favé MJ, Zhu X, Potash JB, Weissman MM, Shi J, Levinson DF, Awadalla P, Mostafavi S, Montgomery SB, Battle A.",Nat Methods. 2017 Jul;14(7):699-702. doi: 10.1038/nmeth.4298. Epub 2017 May 22.,Knowles DA,Nat Methods,2017,2017-05-23,PMC5501199,NIHMS872186,10.1038/nmeth.4298
28482857,Horizontal gene transfer is not a hallmark of the human genome,Salzberg SL.,Genome Biol. 2017 May 8;18(1):85. doi: 10.1186/s13059-017-1214-2.,Salzberg SL,Genome Biol,2017,2017-05-10,PMC5422933,,10.1186/s13059-017-1214-2
28481342,Recurrent noncoding regulatory mutations in pancreatic ductal adenocarcinoma,"Feigin ME, Garvin T, Bailey P, Waddell N, Chang DK, Kelley DR, Shuai S, Gallinger S, McPherson JD, Grimmond SM, Khurana E, Stein LD, Biankin AV, Schatz MC, Tuveson DA.",Nat Genet. 2017 Jun;49(6):825-833. doi: 10.1038/ng.3861. Epub 2017 May 8.,Feigin ME,Nat Genet,2017,2017-05-09,PMC5659388,NIHMS867770,10.1038/ng.3861
28241208,Association Between Telomere Length and Risk of Cancer and Non-Neoplastic Diseases: A Mendelian Randomization Study,"Telomeres Mendelian Randomization Collaboration; Haycock PC, Burgess S, Nounu A, Zheng J, Okoli GN, Bowden J, Wade KH, Timpson NJ, Evans DM, Willeit P, Aviv A, Gaunt TR, Hemani G, Mangino M, Ellis HP, Kurian KM, Pooley KA, Eeles RA, Lee JE, Fang S, Chen WV, Law MH, Bowdler LM, Iles MM, Yang Q, Worrall BB, Markus HS, Hung RJ, Amos CI, Spurdle AB, Thompson DJ, O'Mara TA, Wolpin B, Amundadottir L, Stolzenberg-Solomon R, Trichopoulou A, Onland-Moret NC, Lund E, Duell EJ, Canzian F, Severi G, Overvad K, Gunter MJ, Tumino R, Svenson U, van Rij A, Baas AF, Bown MJ, Samani NJ, van t'Hof FNG, Tromp G, Jones GT, Kuivaniemi H, Elmore JR, Johansson M, Mckay J, Scelo G, Carreras-Torres R, Gaborieau V, Brennan P, Bracci PM, Neale RE, Olson SH, Gallinger S, Li D, Petersen GM, Risch HA, Klein AP, Han J, Abnet CC, Freedman ND, Taylor PR, Maris JM, Aben KK, Kiemeney LA, Vermeulen SH, Wiencke JK, Walsh KM, Wrensch M, Rice T, Turnbull C, Litchfield K, Paternoster L, Standl M, Abecasis GR, SanGiovanni JP, Li Y, Mijatovic V, Sapkota Y, Low SK, Zondervan KT, Montgomery GW, Nyholt DR, van Heel DA, Hunt K, Arking DE, Ashar FN, Sotoodehnia N, Woo D, et al.",JAMA Oncol. 2017 May 1;3(5):636-651. doi: 10.1001/jamaoncol.2016.5945.,Telomeres Mendelian Randomization Collaboration,JAMA Oncol,2017,2017-02-28,PMC5638008,EMS74334,10.1001/jamaoncol.2016.5945
28135421,Hypoxia Sensing and Persistence Genes Are Expressed during the Intragranulomatous Survival of Mycobacterium tuberculosis,"Hudock TA, Foreman TW, Bandyopadhyay N, Gautam US, Veatch AV, LoBato DN, Gentry KM, Golden NA, Cavigli A, Mueller M, Hwang SA, Hunter RL, Alvarez X, Lackner AA, Bader JS, Mehra S, Kaushal D.",Am J Respir Cell Mol Biol. 2017 May;56(5):637-647. doi: 10.1165/rcmb.2016-0239OC.,Hudock TA,Am J Respir Cell Mol Biol,2017,2017-01-31,PMC5449490,,10.1165/rcmb.2016-0239OC
28457629,Mosaicism in Preimplantation Human Embryos: When Chromosomal Abnormalities Are the Norm,McCoy RC.,Trends Genet. 2017 Jul;33(7):448-463. doi: 10.1016/j.tig.2017.04.001. Epub 2017 Apr 28.,McCoy RC,Trends Genet,2017,2017-05-02,PMC5484399,NIHMS867457,10.1016/j.tig.2017.04.001
28416818,Large-scale analyses of common and rare variants identify 12 new loci associated with atrial fibrillation,"Christophersen IE, Rienstra M, Roselli C, Yin X, Geelhoed B, Barnard J, Lin H, Arking DE, Smith AV, Albert CM, Chaffin M, Tucker NR, Li M, Klarin D, Bihlmeyer NA, Low SK, Weeke PE, Müller-Nurasyid M, Smith JG, Brody JA, Niemeijer MN, Dörr M, Trompet S, Huffman J, Gustafsson S, Schurmann C, Kleber ME, Lyytikäinen LP, Seppälä I, Malik R, Horimoto ARVR, Perez M, Sinisalo J, Aeschbacher S, Thériault S, Yao J, Radmanesh F, Weiss S, Teumer A, Choi SH, Weng LC, Clauss S, Deo R, Rader DJ, Shah SH, Sun A, Hopewell JC, Debette S, Chauhan G, Yang Q, Worrall BB, Paré G, Kamatani Y, Hagemeijer YP, Verweij N, Siland JE, Kubo M, Smith JD, Van Wagoner DR, Bis JC, Perz S, Psaty BM, Ridker PM, Magnani JW, Harris TB, Launer LJ, Shoemaker MB, Padmanabhan S, Haessler J, Bartz TM, Waldenberger M, Lichtner P, Arendt M, Krieger JE, Kähönen M, Risch L, Mansur AJ, Peters A, Smith BH, Lind L, Scott SA, Lu Y, Bottinger EB, Hernesniemi J, Lindgren CM, Wong JA, Huang J, Eskola M, Morris AP, Ford I, Reiner AP, Delgado G, Chen LY, Chen YI, Sandhu RK, Li M, Boerwinkle E, Eisele L, Lannfelt L, Rost N, et al.",Nat Genet. 2017 Jun;49(6):946-952. doi: 10.1038/ng.3843. Epub 2017 Apr 17.,Christophersen IE,Nat Genet,2017,2017-04-19,PMC5585859,NIHMS901319,10.1038/ng.3843
28416692,Immunomodulation-accelerated neuronal regeneration following selective rod photoreceptor cell ablation in the zebrafish retina,"White DT, Sengupta S, Saxena MT, Xu Q, Hanes J, Ding D, Ji H, Mumm JS.",Proc Natl Acad Sci U S A. 2017 May 2;114(18):E3719-E3728. doi: 10.1073/pnas.1617721114. Epub 2017 Apr 17.,White DT,Proc Natl Acad Sci U S A,2017,2017-04-19,PMC5422825,,10.1073/pnas.1617721114
28035032,Using genotype array data to compare multi- and single-sample variant calls and improve variant call sets from deep coverage whole-genome sequencing data,"Shringarpure SS, Mathias RA, Hernandez RD, O'Connor TD, Szpiech ZA, Torres R, De La Vega FM, Bustamante CD, Barnes KC, Taub MA; CAAPA Consortium.",Bioinformatics. 2017 Apr 15;33(8):1147-1153. doi: 10.1093/bioinformatics/btw786.,Shringarpure SS,Bioinformatics,2017,2016-12-31,PMC5408850,,10.1093/bioinformatics/btw786
28407485,"Defective HIV-1 Proviruses Are Expressed and Can Be Recognized by Cytotoxic T Lymphocytes, which Shape the Proviral Landscape","Pollack RA, Jones RB, Pertea M, Bruner KM, Martin AR, Thomas AS, Capoferri AA, Beg SA, Huang SH, Karandish S, Hao H, Halper-Stromberg E, Yong PC, Kovacs C, Benko E, Siliciano RF, Ho YC.",Cell Host Microbe. 2017 Apr 12;21(4):494-506.e4. doi: 10.1016/j.chom.2017.03.008.,Pollack RA,Cell Host Microbe,2017,2017-04-14,PMC5433942,NIHMS861976,10.1016/j.chom.2017.03.008
28403217,Embryonic loss of human females with partial trisomy 19 identifies region critical for the single active X,"Migeon BR, Beer MA, Bjornsson HT.",PLoS One. 2017 Apr 12;12(4):e0170403. doi: 10.1371/journal.pone.0170403. eCollection 2017.,Migeon BR,PLoS One,2017,2017-04-14,PMC5389809,,10.1371/journal.pone.0170403
28398307,Reproducible RNA-seq analysis using recount2,"Collado-Torres L, Nellore A, Kammers K, Ellis SE, Taub MA, Hansen KD, Jaffe AE, Langmead B, Leek JT.",Nat Biotechnol. 2017 Apr 11;35(4):319-321. doi: 10.1038/nbt.3838.,Collado-Torres L,Nat Biotechnol,2017,2017-04-12,PMC6742427,NIHMS1048665,10.1038/nbt.3838
28394350,Population- and individual-specific regulatory variation in Sardinia,"Pala M, Zappala Z, Marongiu M, Li X, Davis JR, Cusano R, Crobu F, Kukurba KR, Gloudemans MJ, Reinier F, Berutti R, Piras MG, Mulas A, Zoledziewska M, Marongiu M, Sorokin EP, Hess GT, Smith KS, Busonero F, Maschio A, Steri M, Sidore C, Sanna S, Fiorillo E, Bassik MC, Sawcer SJ, Battle A, Novembre J, Jones C, Angius A, Abecasis GR, Schlessinger D, Cucca F, Montgomery SB.",Nat Genet. 2017 May;49(5):700-707. doi: 10.1038/ng.3840. Epub 2017 Apr 10.,Pala M,Nat Genet,2017,2017-04-11,PMC5411016,NIHMS861289,10.1038/ng.3840
28427851,"Circulating ceruloplasmin, ceruloplasmin-associated genes, and the incidence of atrial fibrillation in the atherosclerosis risk in communities study","Arenas de Larriva AP, Norby FL, Chen LY, Soliman EZ, Hoogeveen RC, Arking DE, Loehr LR, Alonso A.",Int J Cardiol. 2017 Aug 15;241:223-228. doi: 10.1016/j.ijcard.2017.04.005. Epub 2017 Apr 6.,Arenas de Larriva AP,Int J Cardiol,2017,2017-04-22,PMC5515669,NIHMS869420,10.1016/j.ijcard.2017.04.005
28369037,The impact of structural variation on human gene expression,"Chiang C, Scott AJ, Davis JR, Tsang EK, Li X, Kim Y, Hadzic T, Damani FN, Ganel L; GTEx Consortium; Montgomery SB, Battle A, Conrad DF, Hall IM.",Nat Genet. 2017 May;49(5):692-699. doi: 10.1038/ng.3834. Epub 2017 Apr 3.,Chiang C,Nat Genet,2017,2017-04-04,PMC5406250,NIHMS859943,10.1038/ng.3834
28291092,Measuring Patient Mobility in the ICU Using a Novel Noninvasive Sensor,"Ma AJ, Rawat N, Reiter A, Shrock C, Zhan A, Stone A, Rabiee A, Griffin S, Needham DM, Saria S.",Crit Care Med. 2017 Apr;45(4):630-636. doi: 10.1097/CCM.0000000000002265.,Ma AJ,Crit Care Med,2017,2017-03-15,PMC5697716,NIHMS917770,10.1097/CCM.0000000000002265
28356328,Technology versus biology: the limits of pre-implantation genetic screening: Better methods to detect the origin of aneuploidy in pre-implantation embryos could improve the success rate of artificial reproduction,"Adashi EY, McCoy RC.",EMBO Rep. 2017 May;18(5):670-672. doi: 10.15252/embr.201743941. Epub 2017 Mar 29.,Adashi EY,EMBO Rep,2017,2017-03-31,PMC5412756,,10.15252/embr.201743941
28120510,Predicting enhancer activity and variant impact using gkm-SVM,Beer MA.,Hum Mutat. 2017 Sep;38(9):1251-1258. doi: 10.1002/humu.23185. Epub 2017 Mar 15.,Beer MA,Hum Mutat,2017,2017-01-26,PMC5526747,NIHMS847578,10.1002/humu.23185
28280153,"Deep functional analysis of synII, a 770-kilobase synthetic yeast chromosome","Shen Y, Wang Y, Chen T, Gao F, Gong J, Abramczyk D, Walker R, Zhao H, Chen S, Liu W, Luo Y, Müller CA, Paul-Dubois-Taine A, Alver B, Stracquadanio G, Mitchell LA, Luo Z, Fan Y, Zhou B, Wen B, Tan F, Wang Y, Zi J, Xie Z, Li B, Yang K, Richardson SM, Jiang H, French CE, Nieduszynski CA, Koszul R, Marston AL, Yuan Y, Wang J, Bader JS, Dai J, Boeke JD, Xu X, Cai Y, Yang H.",Science. 2017 Mar 10;355(6329):eaaf4791. doi: 10.1126/science.aaf4791.,Shen Y,Science,2017,2017-03-11,PMC5390853,EMS72201,10.1126/science.aaf4791
28280152,Bug mapping and fitness testing of chemically synthesized chromosome X,"Wu Y, Li BZ, Zhao M, Mitchell LA, Xie ZX, Lin QH, Wang X, Xiao WH, Wang Y, Zhou X, Liu H, Li X, Ding MZ, Liu D, Zhang L, Liu BL, Wu XL, Li FF, Dong XT, Jia B, Zhang WZ, Jiang GZ, Liu Y, Bai X, Song TQ, Chen Y, Zhou SJ, Zhu RY, Gao F, Kuang Z, Wang X, Shen M, Yang K, Stracquadanio G, Richardson SM, Lin Y, Wang L, Walker R, Luo Y, Ma PS, Yang H, Cai Y, Dai J, Bader JS, Boeke JD, Yuan YJ.",Science. 2017 Mar 10;355(6329):eaaf4706. doi: 10.1126/science.aaf4706.,Wu Y,Science,2017,2017-03-11,PMC5679077,NIHMS916359,10.1126/science.aaf4706
28280150,3D organization of synthetic and scrambled chromosomes,"Mercy G, Mozziconacci J, Scolari VF, Yang K, Zhao G, Thierry A, Luo Y, Mitchell LA, Shen M, Shen Y, Walker R, Zhang W, Wu Y, Xie ZX, Luo Z, Cai Y, Dai J, Yang H, Yuan YJ, Boeke JD, Bader JS, Muller H, Koszul R.",Science. 2017 Mar 10;355(6329):eaaf4597. doi: 10.1126/science.aaf4597.,Mercy G,Science,2017,2017-03-11,PMC5679085,NIHMS916367,10.1126/science.aaf4597
28220625,Predicting gene expression in massively parallel reporter assays: A comparative study,"Kreimer A, Zeng H, Edwards MD, Guo Y, Tian K, Shin S, Welch R, Wainberg M, Mohan R, Sinnott-Armstrong NA, Li Y, Eraslan G, Amin TB, Tewhey R, Sabeti PC, Goke J, Mueller NS, Kellis M, Kundaje A, Beer MA, Keles S, Gifford DK, Yosef N.",Hum Mutat. 2017 Sep;38(9):1240-1250. doi: 10.1002/humu.23197. Epub 2017 Mar 9.,Kreimer A,Hum Mutat,2017,2017-02-22,PMC5560998,NIHMS853085,10.1002/humu.23197
28221771,Joint Bounding of Peaks Across Samples Improves Differential Analysis in Mass Spectrometry-Based Metabolomics,"Myint L, Kleensang A, Zhao L, Hartung T, Hansen KD.",Anal Chem. 2017 Mar 21;89(6):3517-3523. doi: 10.1021/acs.analchem.6b04719. Epub 2017 Mar 7.,Myint L,Anal Chem,2017,2017-02-22,PMC5362739,,10.1021/acs.analchem.6b04719
28245219,Correcting for cell-type heterogeneity in epigenome-wide association studies: revisiting previous analyses,"Zheng SC, Beck S, Jaffe AE, Koestler DC, Hansen KD, Houseman AE, Irizarry RA, Teschendorff AE.",Nat Methods. 2017 Feb 28;14(3):216-217. doi: 10.1038/nmeth.4187.,Zheng SC,Nat Methods,2017,2017-03-01,PMC6659733,NIHMS1015034,10.1038/nmeth.4187
28235201,Impacts of Neanderthal-Introgressed Sequences on the Landscape of Human Gene Expression,"McCoy RC, Wakefield J, Akey JM.",Cell. 2017 Feb 23;168(5):916-927.e12. doi: 10.1016/j.cell.2017.01.038.,McCoy RC,Cell,2017,2017-02-25,PMC6219754,NIHMS848864,10.1016/j.cell.2017.01.038
28316770,Exaggerated CpH methylation in the autism-affected brain,"Ellis SE, Gupta S, Moes A, West AB, Arking DE.",Mol Autism. 2017 Feb 17;8:6. doi: 10.1186/s13229-017-0119-y. eCollection 2017.,Ellis SE,Mol Autism,2017,2017-03-21,PMC5351204,,10.1186/s13229-017-0119-y
28035024,"Preprocessing, normalization and integration of the Illumina HumanMethylationEPIC array with minfi","Fortin JP, Triche TJ Jr, Hansen KD.",Bioinformatics. 2017 Feb 15;33(4):558-560. doi: 10.1093/bioinformatics/btw691.,Fortin JP,Bioinformatics,2017,2016-12-31,PMC5408810,,10.1093/bioinformatics/btw691
28054414,Non-Coding Variation: The 2016 Annual Scientific Meeting of the Human Genome Variation Society,"Oetting WS, Béroud C, Brenner SE, Greenblatt M, Karchin R, Mooney SD, Sunyaev S.",Hum Mutat. 2017 Apr;38(4):460-463. doi: 10.1002/humu.23169. Epub 2017 Feb 14.,Oetting WS,Hum Mutat,2017,2017-01-06,PMC6546288,NIHMS1018082,10.1002/humu.23169
28174266,Low escape-rate genome safeguards with minimal molecular perturbation of Saccharomyces cerevisiae,"Agmon N, Tang Z, Yang K, Sutter B, Ikushima S, Cai Y, Caravelli K, Martin JA, Sun X, Choi WJ, Zhang A, Stracquadanio G, Hao H, Tu BP, Fenyo D, Bader JS, Boeke JD.",Proc Natl Acad Sci U S A. 2017 Feb 21;114(8):E1470-E1479. doi: 10.1073/pnas.1621250114. Epub 2017 Feb 7.,Agmon N,Proc Natl Acad Sci U S A,2017,2017-02-09,PMC5338387,,10.1073/pnas.1621250114
28135296,Genome-Wide Association of Copy Number Polymorphisms and Kidney Function,"Li M, Carey J, Cristiano S, Susztak K, Coresh J, Boerwinkle E, Kao WH, Beaty TH, Köttgen A, Scharpf RB.",PLoS One. 2017 Jan 30;12(1):e0170815. doi: 10.1371/journal.pone.0170815. eCollection 2017.,Li M,PLoS One,2017,2017-01-31,PMC5279752,,10.1371/journal.pone.0170815
28130360,"Hybrid assembly of the large and highly repetitive genome of Aegilops tauschii, a progenitor of bread wheat, with the MaSuRCA mega-reads algorithm","Zimin AV, Puiu D, Luo MC, Zhu T, Koren S, Marçais G, Yorke JA, Dvořák J, Salzberg SL.",Genome Res. 2017 May;27(5):787-792. doi: 10.1101/gr.213405.116. Epub 2017 Jan 27.,Zimin AV,Genome Res,2017,2017-01-29,PMC5411773,,10.1101/gr.213405.116
28107356,Integrity of Induced Pluripotent Stem Cell (iPSC) Derived Megakaryocytes as Assessed by Genetic and Transcriptomic Analysis,"Kammers K, Taub MA, Ruczinski I, Martin J, Yanek LR, Frazee A, Gao Y, Hoyle D, Faraday N, Becker DM, Cheng L, Wang ZZ, Leek JT, Becker LC, Mathias RA.",PLoS One. 2017 Jan 20;12(1):e0167794. doi: 10.1371/journal.pone.0167794. eCollection 2017.,Kammers K,PLoS One,2017,2017-01-21,PMC5249236,,10.1371/journal.pone.0167794
28879196,Assessment of Whole-Exome Sequence Data in Attempted Suicide within a Bipolar Disorder Cohort,"Monson ET, Pirooznia M, Parla J, Kramer M, Goes FS, Gaine ME, Gaynor SC, de Klerk K, Jancic D, Karchin R, McCombie WR, Zandi PP, Potash JB, Willour VL.",Mol Neuropsychiatry. 2017 Jul;3(1):1-11. doi: 10.1159/000454773. Epub 2017 Jan 18.,Monson ET,Mol Neuropsychiatry,2017,2017-09-08,PMC5582499,,10.1159/000454773
28092266,TGF-β reduces DNA ds-break repair mechanisms to heighten genetic diversity and adaptability of CD44+/CD24- cancer cells,"Pal D, Pertot A, Shirole NH, Yao Z, Anaparthy N, Garvin T, Cox H, Chang K, Rollins F, Kendall J, Edwards L, Singh VA, Stone GC, Schatz MC, Hicks J, Hannon GJ, Sordella R.",Elife. 2017 Jan 16;6:e21615. doi: 10.7554/eLife.21615.,Pal D,Elife,2017,2017-01-17,PMC5345931,,10.7554/eLife.21615
28081303,The novel fusion transcript NR5A2-KLHL29FT is generated by an insertion at the KLHL29 locus,"Sun Z, Ke X, Salzberg SL, Kim D, Antonescu V, Cheng Y, Huang B, Song JH, Abraham JM, Ibrahim S, Tian H, Meltzer SJ.",Cancer. 2017 May 1;123(9):1507-1515. doi: 10.1002/cncr.30510. Epub 2017 Jan 12.,Sun Z,Cancer,2017,2017-01-13,PMC5400694,NIHMS834803,10.1002/cncr.30510
28008146,Autologous reconstitution of human cancer and immune system in vivo,"Fu J, Sen R, Masica DL, Karchin R, Pardoll D, Walter V, Hayes DN, Chung CH, Kim YJ.",Oncotarget. 2017 Jan 10;8(2):2053-2068. doi: 10.18632/oncotarget.14026.,Fu J,Oncotarget,2017,2016-12-24,PMC5356779,,10.18632/oncotarget.14026
27852011,A New Chicken Genome Assembly Provides Insight into Avian Genome Structure,"Warren WC, Hillier LW, Tomlinson C, Minx P, Kremitzki M, Graves T, Markovic C, Bouk N, Pruitt KD, Thibaud-Nissen F, Schneider V, Mansour TA, Brown CT, Zimin A, Hawken R, Abrahamsen M, Pyrkosz AB, Morisson M, Fillon V, Vignal A, Chow W, Howe K, Fulton JE, Miller MM, Lovell P, Mello CV, Wirthlin M, Mason AS, Kuo R, Burt DW, Dodgson JB, Cheng HH.",G3 (Bethesda). 2017 Jan 5;7(1):109-117. doi: 10.1534/g3.116.035923.,Warren WC,G3 (Bethesda),2017,2016-11-17,PMC5217101,,10.1534/g3.116.035923
40271438,Bracken: estimating species abundance in metagenomics data,"Lu J, Breitwieser FP, Thielen P, Salzberg SL.",PeerJ Comput Sci. 2017;3:e104. doi: 10.7717/peerj-cs.104. Epub 2017 Jan 2.,Lu J,PeerJ Comput Sci,2017,2025-04-24,PMC12016282,NIHMS2071674,10.7717/peerj-cs.104
28369353,An improved assembly of the loblolly pine mega-genome using long-read single-molecule sequencing,"Zimin AV, Stevens KA, Crepeau MW, Puiu D, Wegrzyn JL, Yorke JA, Langley CH, Neale DB, Salzberg SL.",Gigascience. 2017 Jan 1;6(1):1-4. doi: 10.1093/gigascience/giw016.,Zimin AV,Gigascience,2017,2017-04-04,PMC5437942,,10.1093/gigascience/giw016
28031159,Evolution of Neoantigen Landscape during Immune Checkpoint Blockade in Non-Small Cell Lung Cancer,"Anagnostou V, Smith KN, Forde PM, Niknafs N, Bhattacharya R, White J, Zhang T, Adleff V, Phallen J, Wali N, Hruban C, Guthrie VB, Rodgers K, Naidoo J, Kang H, Sharfman W, Georgiades C, Verde F, Illei P, Li QK, Gabrielson E, Brock MV, Zahnow CA, Baylin SB, Scharpf RB, Brahmer JR, Karchin R, Pardoll DM, Velculescu VE.",Cancer Discov. 2017 Mar;7(3):264-276. doi: 10.1158/2159-8290.CD-16-0828. Epub 2016 Dec 28.,Anagnostou V,Cancer Discov,2017,2016-12-30,PMC5733805,NIHMS840663,10.1158/2159-8290.CD-16-0828
28019042,Evidence for SNP-SNP interaction identified through targeted sequencing of cleft case-parent trios,"Xiao Y, Taub MA, Ruczinski I, Begum F, Hetmanski JB, Schwender H, Leslie EJ, Koboldt DC, Murray JC, Marazita ML, Beaty TH.",Genet Epidemiol. 2017 Apr;41(3):244-250. doi: 10.1002/gepi.22023. Epub 2016 Dec 26.,Xiao Y,Genet Epidemiol,2017,2016-12-27,PMC5340569,NIHMS825456,10.1002/gepi.22023
27999180,A ketogenic diet rescues hippocampal memory defects in a mouse model of Kabuki syndrome,"Benjamin JS, Pilarowski GO, Carosso GA, Zhang L, Huso DL, Goff LA, Vernon HJ, Hansen KD, Bjornsson HT.",Proc Natl Acad Sci U S A. 2017 Jan 3;114(1):125-130. doi: 10.1073/pnas.1611431114. Epub 2016 Dec 20.,Benjamin JS,Proc Natl Acad Sci U S A,2017,2016-12-22,PMC5224378,,10.1073/pnas.1611431114
27974350,Genetic Obesity and the Risk of Atrial Fibrillation: Causal Estimates from Mendelian Randomization,"Chatterjee NA, Giulianini F, Geelhoed B, Lunetta KL, Misialek JR, Niemeijer MN, Rienstra M, Rose LM, Smith AV, Arking DE, Ellinor PT, Heeringa J, Lin H, Lubitz SA, Soliman EZ, Verweij N, Alonso A, Benjamin EJ, Gudnason V, Stricker BHC, Van Der Harst P, Chasman DI, Albert CM.",Circulation. 2017 Feb 21;135(8):741-754. doi: 10.1161/CIRCULATIONAHA.116.024921. Epub 2016 Dec 14.,Chatterjee NA,Circulation,2017,2016-12-16,PMC5322057,NIHMS840059,10.1161/CIRCULATIONAHA.116.024921
27920155,SOS2 and ACP1 Loci Identified through Large-Scale Exome Chip Analysis Regulate Kidney Development and Function,"Li M, Li Y, Weeks O, Mijatovic V, Teumer A, Huffman JE, Tromp G, Fuchsberger C, Gorski M, Lyytikäinen LP, Nutile T, Sedaghat S, Sorice R, Tin A, Yang Q, Ahluwalia TS, Arking DE, Bihlmeyer NA, Böger CA, Carroll RJ, Chasman DI, Cornelis MC, Dehghan A, Faul JD, Feitosa MF, Gambaro G, Gasparini P, Giulianini F, Heid I, Huang J, Imboden M, Jackson AU, Jeff J, Jhun MA, Katz R, Kifley A, Kilpeläinen TO, Kumar A, Laakso M, Li-Gao R, Lohman K, Lu Y, Mägi R, Malerba G, Mihailov E, Mohlke KL, Mook-Kanamori DO, Robino A, Ruderfer D, Salvi E, Schick UM, Schulz CA, Smith AV, Smith JA, Traglia M, Yerges-Armstrong LM, Zhao W, Goodarzi MO, Kraja AT, Liu C, Wessel J; CHARGE Glycemic-T2D Working Group,; CHARGE Blood Pressure Working Group,; Boerwinkle E, Borecki IB, Bork-Jensen J, Bottinger EP, Braga D, Brandslund I, Brody JA, Campbell A, Carey DJ, Christensen C, Coresh J, Crook E, Curhan GC, Cusi D, de Boer IH, de Vries AP, Denny JC, Devuyst O, Dreisbach AW, Endlich K, Esko T, Franco OH, Fulop T, Gerhard GS, Glümer C, Gottesman O, Grarup N, Gudnason V, Hansen T, Harris TB, Hayward C, Hocking L, Hofman A, Hu FB, Husemoen LL, Jackson RD, Jørgensen T, et al.",J Am Soc Nephrol. 2017 Mar;28(3):981-994. doi: 10.1681/ASN.2016020131. Epub 2016 Dec 5.,Li M,J Am Soc Nephrol,2017,2016-12-07,PMC5328154,,10.1681/ASN.2016020131
27910131,Whole exome association of rare deletions in multiplex oral cleft families,"Fu J, Beaty TH, Scott AF, Hetmanski J, Parker MM, Wilson JE, Marazita ML, Mangold E, Albacha-Hejazi H, Murray JC, Bureau A, Carey J, Cristiano S, Ruczinski I, Scharpf RB.",Genet Epidemiol. 2017 Jan;41(1):61-69. doi: 10.1002/gepi.22010. Epub 2016 Dec 1.,Fu J,Genet Epidemiol,2017,2016-12-03,PMC5154821,NIHMS825455,10.1002/gepi.22010
28126148,Usefulness of Maintaining a Normal Electrocardiogram Over Time for Predicting Cardiovascular Health,"Soliman EZ, Zhang ZM, Chen LY, Tereshchenko LG, Arking D, Alonso A.",Am J Cardiol. 2017 Jan 15;119(2):249-255. doi: 10.1016/j.amjcard.2016.09.051. Epub 2016 Oct 8.,Soliman EZ,Am J Cardiol,2017,2017-01-28,PMC5283845,NIHMS821889,10.1016/j.amjcard.2016.09.051
27694310,Flexible expressed region analysis for RNA-seq with derfinder,"Collado-Torres L, Nellore A, Frazee AC, Wilks C, Love MI, Langmead B, Irizarry RA, Leek JT, Jaffe AE.",Nucleic Acids Res. 2017 Jan 25;45(2):e9. doi: 10.1093/nar/gkw852. Epub 2016 Sep 29.,Collado-Torres L,Nucleic Acids Res,2017,2016-10-04,PMC5314792,,10.1093/nar/gkw852
27330075,A novel approach for selecting combination clinical markers of pathology applied to a large retrospective cohort of surgically resected pancreatic cysts,"Masica DL, Dal Molin M, Wolfgang CL, Tomita T, Ostovaneh MR, Blackford A, Moran RA, Law JK, Barkley T, Goggins M, Irene Canto M, Pittman M, Eshleman JR, Ali SZ, Fishman EK, Kamel IR, Raman SP, Zaheer A, Ahuja N, Makary MA, Weiss MJ, Hirose K, Cameron JL, Rezaee N, He J, Joon Ahn Y, Wu W, Wang Y, Springer S, Diaz LL Jr, Papadopoulos N, Hruban RH, Kinzler KW, Vogelstein B, Karchin R, Lennon AM.",J Am Med Inform Assoc. 2017 Jan;24(1):145-152. doi: 10.1093/jamia/ocw069. Epub 2016 Jun 21.,Masica DL,J Am Med Inform Assoc,2017,2016-06-23,PMC5201184,,10.1093/jamia/ocw069
28073315,Metabolically Active Three-Dimensional Brown Adipose Tissue Engineered from White Adipose-Derived Stem Cells,"Yang JP, Anderson AE, McCartney A, Ory X, Ma G, Pappalardo E, Bader J, Elisseeff JH.",Tissue Eng Part A. 2017 Apr;23(7-8):253-262. doi: 10.1089/ten.TEA.2016.0399. Epub 2016 Feb 21.,Yang JP,Tissue Eng Part A,2017,2017-01-12,PMC5397238,,10.1089/ten.TEA.2016.0399
28502990,Short Read Mapping: An Algorithmic Tour,"Canzar S, Salzberg SL.",Proc IEEE Inst Electr Electron Eng. 2017 Mar;105(3):436-458. doi: 10.1109/JPROC.2015.2455551. Epub 2015 Sep 7.,Canzar S,Proc IEEE Inst Electr Electron Eng,2017,2017-05-16,PMC5425171,NIHMS854488,10.1109/JPROC.2015.2455551
28076869,"Computational Prediction of the Global Functional Genomic Landscape: Applications, Methods, and Challenges","Zhou W, Sherwood B, Ji H.",Hum Hered. 2016;81(2):88-105. doi: 10.1159/000450827. Epub 2017 Jan 12.,Zhou W,Hum Hered,2016,2017-01-12,PMC5599299,NIHMS904916,10.1159/000450827
28038678,Human splicing diversity and the extent of unannotated splice junctions across human RNA-seq samples on the Sequence Read Archive,"Nellore A, Jaffe AE, Fortin JP, Alquicira-Hernández J, Collado-Torres L, Wang S, Phillips RA III, Karbhari N, Hansen KD, Langmead B, Leek JT.",Genome Biol. 2016 Dec 30;17(1):266. doi: 10.1186/s13059-016-1118-6.,Nellore A,Genome Biol,2016,2017-01-01,PMC5203714,,10.1186/s13059-016-1118-6
27991523,Non-binary Colour Modulation for Display Device Based on Phase Change Materials,"Ji HK, Tong H, Qian H, Hui YJ, Liu N, Yan P, Miao XS.",Sci Rep. 2016 Dec 19;6:39206. doi: 10.1038/srep39206.,Ji HK,Sci Rep,2016,2016-12-20,PMC5171701,,10.1038/srep39206
27935956,Correction: Chromosomal-Level Assembly of the Asian Seabass Genome Using Long Sequence Reads and Multi-layered Scaffolding,"Vij S, Kuhl H, Kuznetsova IS, Komissarov A, Yurchenko AA, Van Heusden P, Singh S, Thevasagayam NM, Prakki SR, Purushothaman K, Saju JM, Jiang J, Mbandi SK, Jonas M, Hin Yan Tong A, Mwangi S, Lau D, Ngoh SY, Liew WC, Shen X, Hon LS, Drake JP, Boitano M, Hall R, Chin CS, Lachumanan R, Korlach J, Trifonov V, Kabilov M, Tupikin A, Green D, Moxon S, Garvin T, Sedlazeck FJ, Vurture GW, Gopalapillai G, Katneni VK, Noble TH, Scaria V, Sivasubbu S, Jerry DR, O'Brien SJ, Schatz MC, Dalmay T, Turner SW, Lok S, Christoffels A, Orbán L.",PLoS Genet. 2016 Dec 9;12(12):e1006500. doi: 10.1371/journal.pgen.1006500. eCollection 2016 Dec.,Vij S,PLoS Genet,2016,2016-12-10,PMC5147801,,10.1371/journal.pgen.1006500
27980682,"""Gap hunting"" to characterize clustered probe signals in Illumina methylation array data","Andrews SV, Ladd-Acosta C, Feinberg AP, Hansen KD, Fallin MD.",Epigenetics Chromatin. 2016 Dec 7;9:56. doi: 10.1186/s13072-016-0107-z. eCollection 2016.,Andrews SV,Epigenetics Chromatin,2016,2016-12-17,PMC5142147,,10.1186/s13072-016-0107-z
27911828,Evaluating the evaluation of cancer driver genes,"Tokheim CJ, Papadopoulos N, Kinzler KW, Vogelstein B, Karchin R.",Proc Natl Acad Sci U S A. 2016 Dec 13;113(50):14330-14335. doi: 10.1073/pnas.1616440113. Epub 2016 Nov 22.,Tokheim CJ,Proc Natl Acad Sci U S A,2016,2016-12-03,PMC5167163,,10.1073/pnas.1616440113
27876072,High-specificity bioinformatics framework for epigenomic profiling of discordant twins reveals specific and shared markers for ACPA and ACPA-positive rheumatoid arthritis,"Gomez-Cabrero D, Almgren M, Sjöholm LK, Hensvold AH, Ringh MV, Tryggvadottir R, Kere J, Scheynius A, Acevedo N, Reinius L, Taub MA, Montano C, Aryee MJ, Feinberg JI, Feinberg AP, Tegnér J, Klareskog L, Catrina AI, Ekström TJ.",Genome Med. 2016 Nov 22;8(1):124. doi: 10.1186/s13073-016-0374-0.,Gomez-Cabrero D,Genome Med,2016,2016-11-24,PMC5120506,,10.1186/s13073-016-0374-0
27854363,Indel variant analysis of short-read sequencing data with Scalpel,"Fang H, Bergmann EA, Arora K, Vacic V, Zody MC, Iossifov I, O'Rawe JA, Wu Y, Jimenez Barron LT, Rosenbaum J, Ronemus M, Lee YH, Wang Z, Dikoglu E, Jobanputra V, Lyon GJ, Wigler M, Schatz MC, Narzisi G.",Nat Protoc. 2016 Dec;11(12):2529-2548. doi: 10.1038/nprot.2016.150. Epub 2016 Nov 17.,Fang H,Nat Protoc,2016,2016-11-18,PMC5507611,NIHMS872943,10.1038/nprot.2016.150
28185554,Evolution of transcriptional networks in yeast: alternative teams of transcriptional factors for different species,"Muñoz A, Santos Muñoz D, Zimin A, Yorke JA.",BMC Genomics. 2016 Nov 11;17(Suppl 10):826. doi: 10.1186/s12864-016-3102-7.,Muñoz A,BMC Genomics,2016,2017-02-11,PMC5123246,,10.1186/s12864-016-3102-7
27831568,"ARQiv-HTS, a versatile whole-organism screening platform enabling in vivo drug discovery at high-throughput rates","White DT, Eroglu AU, Wang G, Zhang L, Sengupta S, Ding D, Rajpurohit SK, Walker SL, Ji H, Qian J, Mumm JS.",Nat Protoc. 2016 Dec;11(12):2432-2453. doi: 10.1038/nprot.2016.142. Epub 2016 Nov 10.,White DT,Nat Protoc,2016,2016-11-11,PMC5568077,NIHMS893509,10.1038/nprot.2016.142
27827819,PRMT5 is essential for the maintenance of chondrogenic progenitor cells in the limb bud,"Norrie JL, Li Q, Co S, Huang BL, Ding D, Uy JC, Ji Z, Mackem S, Bedford MT, Galli A, Ji H, Vokes SA.",Development. 2016 Dec 15;143(24):4608-4619. doi: 10.1242/dev.140715. Epub 2016 Nov 8.,Norrie JL,Development,2016,2016-11-10,PMC5201029,,10.1242/dev.140715
27824142,Gene-gene Interaction Analyses for Atrial Fibrillation,"Lin H, Mueller-Nurasyid M, Smith AV, Arking DE, Barnard J, Bartz TM, Lunetta KL, Lohman K, Kleber ME, Lubitz SA, Geelhoed B, Trompet S, Niemeijer MN, Kacprowski T, Chasman DI, Klarin D, Sinner MF, Waldenberger M, Meitinger T, Harris TB, Launer LJ, Soliman EZ, Chen LY, Smith JD, Van Wagoner DR, Rotter JI, Psaty BM, Xie Z, Hendricks AE, Ding J, Delgado GE, Verweij N, van der Harst P, Macfarlane PW, Ford I, Hofman A, Uitterlinden A, Heeringa J, Franco OH, Kors JA, Weiss S, Völzke H, Rose LM, Natarajan P, Kathiresan S, Kääb S, Gudnason V, Alonso A, Chung MK, Heckbert SR, Benjamin EJ, Liu Y, März W, Rienstra M, Jukema JW, Stricker BH, Dörr M, Albert CM, Ellinor PT.",Sci Rep. 2016 Nov 8;6:35371. doi: 10.1038/srep35371.,Lin H,Sci Rep,2016,2016-11-09,PMC5099695,,10.1038/srep35371
27621377,First Draft Assembly and Annotation of the Genome of a California Endemic Oak Quercus lobata Née (Fagaceae),"Sork VL, Fitz-Gibbon ST, Puiu D, Crepeau M, Gugger PF, Sherman R, Stevens K, Langley CH, Pellegrini M, Salzberg SL.",G3 (Bethesda). 2016 Nov 8;6(11):3485-3495. doi: 10.1534/g3.116.030411.,Sork VL,G3 (Bethesda),2016,2016-09-14,PMC5100847,,10.1534/g3.116.030411
27821409,The evolution of inflorescence diversity in the nightshades and heterochrony during meristem maturation,"Lemmon ZH, Park SJ, Jiang K, Van Eck J, Schatz MC, Lippman ZB.",Genome Res. 2016 Dec;26(12):1676-1686. doi: 10.1101/gr.207837.116. Epub 2016 Nov 7.,Lemmon ZH,Genome Res,2016,2016-11-09,PMC5131819,,10.1101/gr.207837.116
27818134,Transcriptomic Characterization of SF3B1 Mutation Reveals Its Pleiotropic Effects in Chronic Lymphocytic Leukemia,"Wang L, Brooks AN, Fan J, Wan Y, Gambe R, Li S, Hergert S, Yin S, Freeman SS, Levin JZ, Fan L, Seiler M, Buonamici S, Smith PG, Chau KF, Cibulskis CL, Zhang W, Rassenti LZ, Ghia EM, Kipps TJ, Fernandes S, Bloch DB, Kotliar D, Landau DA, Shukla SA, Aster JC, Reed R, DeLuca DS, Brown JR, Neuberg D, Getz G, Livak KJ, Meyerson MM, Kharchenko PV, Wu CJ.",Cancer Cell. 2016 Nov 14;30(5):750-763. doi: 10.1016/j.ccell.2016.10.005. Epub 2016 Nov 3.,Wang L,Cancer Cell,2016,2016-11-08,PMC5127278,NIHMS822780,10.1016/j.ccell.2016.10.005
27794028,Sequence of the Sugar Pine Megagenome,"Stevens KA, Wegrzyn JL, Zimin A, Puiu D, Crepeau M, Cardeno C, Paul R, Gonzalez-Ibeas D, Koriabine M, Holtz-Morris AE, Martínez-García PJ, Sezen UU, Marçais G, Jermstad K, McGuire PE, Loopstra CA, Davis JM, Eckert A, de Jong P, Yorke JA, Salzberg SL, Neale DB, Langley CH.",Genetics. 2016 Dec;204(4):1613-1626. doi: 10.1534/genetics.116.193227. Epub 2016 Oct 28.,Stevens KA,Genetics,2016,2016-10-30,PMC5161289,,10.1534/genetics.116.193227
27852649,Centrifuge: rapid and sensitive classification of metagenomic sequences,"Kim D, Song L, Breitwieser FP, Salzberg SL.",Genome Res. 2016 Dec;26(12):1721-1729. doi: 10.1101/gr.210641.116. Epub 2016 Oct 17.,Kim D,Genome Res,2016,2016-11-18,PMC5131823,,10.1101/gr.210641.116
27749838,Phased diploid genome assembly with single-molecule real-time sequencing,"Chin CS, Peluso P, Sedlazeck FJ, Nattestad M, Concepcion GT, Clum A, Dunn C, O'Malley R, Figueroa-Balderas R, Morales-Cruz A, Cramer GR, Delledonne M, Luo C, Ecker JR, Cantu D, Rank DR, Schatz MC.",Nat Methods. 2016 Dec;13(12):1050-1054. doi: 10.1038/nmeth.4035. Epub 2016 Oct 17.,Chin CS,Nat Methods,2016,2016-11-08,PMC5503144,NIHMS874295,10.1038/nmeth.4035
27737935,Whole-genome analysis of the methylome and hydroxymethylome in normal and malignant lung and liver,"Li X, Liu Y, Salz T, Hansen KD, Feinberg A.",Genome Res. 2016 Dec;26(12):1730-1741. doi: 10.1101/gr.211854.116. Epub 2016 Oct 13.,Li X,Genome Res,2016,2016-10-15,PMC5131824,,10.1101/gr.211854.116
27725671,A continuum of admixture in the Western Hemisphere revealed by the African Diaspora genome,"Mathias RA, Taub MA, Gignoux CR, Fu W, Musharoff S, O'Connor TD, Vergara C, Torgerson DG, Pino-Yanes M, Shringarpure SS, Huang L, Rafaels N, Boorgula MP, Johnston HR, Ortega VE, Levin AM, Song W, Torres R, Padhukasahasram B, Eng C, Mejia-Mejia DA, Ferguson T, Qin ZS, Scott AF, Yazdanbakhsh M, Wilson JG, Marrugo J, Lange LA, Kumar R, Avila PC, Williams LK, Watson H, Ware LB, Olopade C, Olopade O, Oliveira R, Ober C, Nicolae DL, Meyers D, Mayorga A, Knight-Madden J, Hartert T, Hansel NN, Foreman MG, Ford JG, Faruque MU, Dunston GM, Caraballo L, Burchard EG, Bleecker E, Araujo MI, Herrera-Paz EF, Gietzen K, Grus WE, Bamshad M, Bustamante CD, Kenny EE, Hernandez RD, Beaty TH, Ruczinski I, Akey J; CAAPA; Barnes KC.",Nat Commun. 2016 Oct 11;7:12522. doi: 10.1038/ncomms12522.,Mathias RA,Nat Commun,2016,2016-10-12,PMC5062574,,10.1038/ncomms12522
27725664,Challenges and disparities in the application of personalized genomic medicine to populations with African ancestry,"Kessler MD, Yerges-Armstrong L, Taub MA, Shetty AC, Maloney K, Jeng LJB, Ruczinski I, Levin AM, Williams LK, Beaty TH, Mathias RA, Barnes KC; Consortium on Asthma among African-ancestry Populations in the Americas (CAAPA); O'Connor TD.",Nat Commun. 2016 Oct 11;7:12521. doi: 10.1038/ncomms12521.,Kessler MD,Nat Commun,2016,2016-10-12,PMC5062569,,10.1038/ncomms12521
27711239,Hemizygous Deletion on Chromosome 3p26.1 Is Associated with Heavy Smoking among African American Subjects in the COPDGene Study,"Begum F, Ruczinski I, Hokanson JE, Lutz SM, Parker MM, Cho MH, Hetmanski JB, Scharpf RB, Crapo JD, Silverman EK, Beaty TH.",PLoS One. 2016 Oct 6;11(10):e0164134. doi: 10.1371/journal.pone.0164134. eCollection 2016.,Begum F,PLoS One,2016,2016-10-07,PMC5053531,,10.1371/journal.pone.0164134
27708261,Genome sequence of the basal haplorrhine primate Tarsius syrichta reveals unusual insertions,"Schmitz J, Noll A, Raabe CA, Churakov G, Voss R, Kiefmann M, Rozhdestvensky T, Brosius J, Baertsch R, Clawson H, Roos C, Zimin A, Minx P, Montague MJ, Wilson RK, Warren WC.",Nat Commun. 2016 Oct 6;7:12997. doi: 10.1038/ncomms12997.,Schmitz J,Nat Commun,2016,2016-10-07,PMC5059674,,10.1038/ncomms12997
27697822,Notch-Mediated Epigenetic Regulation of Voltage-Gated Potassium Currents,"Khandekar A, Springer S, Wang W, Hicks S, Weinheimer C, Diaz-Trelles R, Nerbonne JM, Rentschler S.",Circ Res. 2016 Dec 9;119(12):1324-1338. doi: 10.1161/CIRCRESAHA.116.309877. Epub 2016 Oct 3.,Khandekar A,Circ Res,2016,2016-10-05,PMC5148677,NIHMS821182,10.1161/CIRCRESAHA.116.309877
29170766,Process Monitoring in the Intensive Care Unit: Assessing Patient Mobility Through Activity Analysis with a Non-Invasive Mobility Sensor,"Reiter A, Ma A, Rawat N, Shrock C, Saria S.",Med Image Comput Comput Assist Interv. 2016 Oct;9900:482-490. doi: 10.1007/978-3-319-46720-7_56. Epub 2016 Oct 2.,Reiter A,Med Image Comput Comput Assist Interv,2016,2017-11-25,PMC5697705,NIHMS917771,10.1007/978-3-319-46720-7_56
27684578,The NIH Protein Capture Reagents Program (PCRP): a standardized protein affinity reagent toolbox,"Blackshaw S, Venkataraman A, Irizarry J, Yang K, Anderson S, Campbell E, Gatlin CL, Freeman NL, Basavappa R, Stewart R, Loss MA, Pino I, Zhu H, Bader JS.",Nat Methods. 2016 Sep 29;13(10):805-6. doi: 10.1038/nmeth.4013.,Blackshaw S,Nat Methods,2016,2016-09-30,PMC5886368,NIHMS953770,10.1038/nmeth.4013
27659466,52 Genetic Loci Influencing Myocardial Mass,"van der Harst P, van Setten J, Verweij N, Vogler G, Franke L, Maurano MT, Wang X, Mateo Leach I, Eijgelsheim M, Sotoodehnia N, Hayward C, Sorice R, Meirelles O, Lyytikäinen LP, Polašek O, Tanaka T, Arking DE, Ulivi S, Trompet S, Müller-Nurasyid M, Smith AV, Dörr M, Kerr KF, Magnani JW, Del Greco M F, Zhang W, Nolte IM, Silva CT, Padmanabhan S, Tragante V, Esko T, Abecasis GR, Adriaens ME, Andersen K, Barnett P, Bis JC, Bodmer R, Buckley BM, Campbell H, Cannon MV, Chakravarti A, Chen LY, Delitala A, Devereux RB, Doevendans PA, Dominiczak AF, Ferrucci L, Ford I, Gieger C, Harris TB, Haugen E, Heinig M, Hernandez DG, Hillege HL, Hirschhorn JN, Hofman A, Hubner N, Hwang SJ, Iorio A, Kähönen M, Kellis M, Kolcic I, Kooner IK, Kooner JS, Kors JA, Lakatta EG, Lage K, Launer LJ, Levy D, Lundby A, Macfarlane PW, May D, Meitinger T, Metspalu A, Nappo S, Naitza S, Neph S, Nord AS, Nutile T, Okin PM, Olsen JV, Oostra BA, Penninger JM, Pennacchio LA, Pers TH, Perz S, Peters A, Pinto YM, Pfeufer A, Pilia MG, Pramstaller PP, Prins BP, Raitakari OT, Raychaudhuri S, Rice KM, Rossin EJ, Rotter JI, Schafer S, Schlessinger D, Schmidt CO, et al.",J Am Coll Cardiol. 2016 Sep 27;68(13):1435-1448. doi: 10.1016/j.jacc.2016.07.729.,van der Harst P,J Am Coll Cardiol,2016,2016-09-24,PMC5478167,NIHMS857607,10.1016/j.jacc.2016.07.729
27618452,"The genetics of blood pressure regulation and its target organs from association studies in 342,415 individuals","Ehret GB, Ferreira T, Chasman DI, Jackson AU, Schmidt EM, Johnson T, Thorleifsson G, Luan J, Donnelly LA, Kanoni S, Petersen AK, Pihur V, Strawbridge RJ, Shungin D, Hughes MF, Meirelles O, Kaakinen M, Bouatia-Naji N, Kristiansson K, Shah S, Kleber ME, Guo X, Lyytikäinen LP, Fava C, Eriksson N, Nolte IM, Magnusson PK, Salfati EL, Rallidis LS, Theusch E, Smith AJP, Folkersen L, Witkowska K, Pers TH, Joehanes R, Kim SK, Lataniotis L, Jansen R, Johnson AD, Warren H, Kim YJ, Zhao W, Wu Y, Tayo BO, Bochud M; CHARGE-EchoGen consortium; CHARGE-HF consortium; Wellcome Trust Case Control Consortium; Absher D, Adair LS, Amin N, Arking DE, Axelsson T, Baldassarre D, Balkau B, Bandinelli S, Barnes MR, Barroso I, Bevan S, Bis JC, Bjornsdottir G, Boehnke M, Boerwinkle E, Bonnycastle LL, Boomsma DI, Bornstein SR, Brown MJ, Burnier M, Cabrera CP, Chambers JC, Chang IS, Cheng CY, Chines PS, Chung RH, Collins FS, Connell JM, Döring A, Dallongeville J, Danesh J, de Faire U, Delgado G, Dominiczak AF, Doney ASF, Drenos F, Edkins S, Eicher JD, Elosua R, Enroth S, Erdmann J, Eriksson P, Esko T, Evangelou E, Evans A, Fall T, Farrall M, Felix JF, Ferrières J, Ferrucci L, Fornage M, Forrester T, et al.",Nat Genet. 2016 Oct;48(10):1171-1184. doi: 10.1038/ng.3667. Epub 2016 Sep 12.,Ehret GB,Nat Genet,2016,2016-09-13,PMC5042863,NIHMS810971,10.1038/ng.3667
27589061,Whole Exome Sequencing in Atrial Fibrillation,"Lubitz SA, Brody JA, Bihlmeyer NA, Roselli C, Weng LC, Christophersen IE, Alonso A, Boerwinkle E, Gibbs RA, Bis JC; NHLBI GO Exome Sequencing Project; Cupples LA, Mohler PJ, Nickerson DA, Muzny D, Perez MV, Psaty BM, Soliman EZ, Sotoodehnia N, Lunetta KL, Benjamin EJ, Heckbert SR, Arking DE, Ellinor PT, Lin H.",PLoS Genet. 2016 Sep 2;12(9):e1006284. doi: 10.1371/journal.pgen.1006284. eCollection 2016 Sep.,Lubitz SA,PLoS Genet,2016,2016-09-03,PMC5010214,,10.1371/journal.pgen.1006284
27577874,"Fine-mapping, novel loci identification, and SNP association transferability in a genome-wide association study of QRS duration in African Americans","Evans DS, Avery CL, Nalls MA, Li G, Barnard J, Smith EN, Tanaka T, Butler AM, Buxbaum SG, Alonso A, Arking DE, Berenson GS, Bis JC, Buyske S, Carty CL, Chen W, Chung MK, Cummings SR, Deo R, Eaton CB, Fox ER, Heckbert SR, Heiss G, Hindorff LA, Hsueh WC, Isaacs A, Jamshidi Y, Kerr KF, Liu F, Liu Y, Lohman KK, Magnani JW, Maher JF, Mehra R, Meng YA, Musani SK, Newton-Cheh C, North KE, Psaty BM, Redline S, Rotter JI, Schnabel RB, Schork NJ, Shohet RV, Singleton AB, Smith JD, Soliman EZ, Srinivasan SR, Taylor HA Jr, Van Wagoner DR, Wilson JG, Young T, Zhang ZM, Zonderman AB, Evans MK, Ferrucci L, Murray SS, Tranah GJ, Whitsel EA, Reiner AP; CHARGE QRS Consortium; Sotoodehnia N.",Hum Mol Genet. 2016 Oct 1;25(19):4350-4368. doi: 10.1093/hmg/ddw284. Epub 2016 Aug 29.,Evans DS,Hum Mol Genet,2016,2016-09-01,PMC5291202,,10.1093/hmg/ddw284
27565344,Cell-Type-Specific Alternative Splicing Governs Cell Fate in the Developing Cerebral Cortex,"Zhang X, Chen MH, Wu X, Kodani A, Fan J, Doan R, Ozawa M, Ma J, Yoshida N, Reiter JF, Black DL, Kharchenko PV, Sharp PA, Walsh CA.",Cell. 2016 Aug 25;166(5):1147-1162.e15. doi: 10.1016/j.cell.2016.07.025.,Zhang X,Cell,2016,2016-08-28,PMC5248659,NIHMS841227,10.1016/j.cell.2016.07.025
27536867,Genome Landscapes of Disease: Strategies to Predict the Phenotypic Consequences of Human Germline and Somatic Variation,"Karchin R, Nussinov R.",PLoS Comput Biol. 2016 Aug 18;12(8):e1005043. doi: 10.1371/journal.pcbi.1005043. eCollection 2016 Aug.,Karchin R,PLoS Comput Biol,2016,2016-08-19,PMC4990343,,10.1371/journal.pcbi.1005043
27560171,"Transcript-level expression analysis of RNA-seq experiments with HISAT, StringTie and Ballgown","Pertea M, Kim D, Pertea GM, Leek JT, Salzberg SL.",Nat Protoc. 2016 Sep;11(9):1650-67. doi: 10.1038/nprot.2016.095. Epub 2016 Aug 11.,Pertea M,Nat Protoc,2016,2016-08-26,PMC5032908,NIHMS816842,10.1038/nprot.2016.095
27479906,Genetic variation in MHC proteins is associated with T cell receptor expression biases,"Sharon E, Sibener LV, Battle A, Fraser HB, Garcia KC, Pritchard JK.",Nat Genet. 2016 Sep;48(9):995-1002. doi: 10.1038/ng.3625. Epub 2016 Aug 1.,Sharon E,Nat Genet,2016,2016-08-02,PMC5010864,NIHMS798263,10.1038/ng.3625
27295011,Association Between Maternal Prepregnancy Body Mass Index and Plasma Folate Concentrations With Child Metabolic Health,"Wang G, Hu FB, Mistry KB, Zhang C, Ren F, Huo Y, Paige D, Bartell T, Hong X, Caruso D, Ji Z, Chen Z, Ji Y, Pearson C, Ji H, Zuckerman B, Cheng TL, Wang X.",JAMA Pediatr. 2016 Aug 1;170(8):e160845. doi: 10.1001/jamapediatrics.2016.0845. Epub 2016 Aug 1.,Wang G,JAMA Pediatr,2016,2016-06-14,PMC5147730,NIHMS831533,10.1001/jamapediatrics.2016.0845
27412090,BioPartsDB: a synthetic biology workflow web-application for education and research,"Stracquadanio G, Yang K, Boeke JD, Bader JS.",Bioinformatics. 2016 Nov 15;32(22):3519-3521. doi: 10.1093/bioinformatics/btw394. Epub 2016 Jul 13.,Stracquadanio G,Bioinformatics,2016,2016-07-15,PMC5181553,,10.1093/bioinformatics/btw394
27438321,Genetic Investigation Into the Differential Risk of Atrial Fibrillation Among Black and White Individuals,"Roberts JD, Hu D, Heckbert SR, Alonso A, Dewland TA, Vittinghoff E, Liu Y, Psaty BM, Olgin JE, Magnani JW, Huntsman S, Burchard EG, Arking DE, Bibbins-Domingo K, Harris TB, Perez MV, Ziv E, Marcus GM.",JAMA Cardiol. 2016 Jul 1;1(4):442-50. doi: 10.1001/jamacardio.2016.1185.,Roberts JD,JAMA Cardiol,2016,2016-07-21,PMC5395094,NIHMS807087,10.1001/jamacardio.2016.1185
27345719,"Complete telomere-to-telomere de novo assembly of the Plasmodium falciparum genome through long-read (>11 kb), single molecule, real-time sequencing","Vembar SS, Seetin M, Lambert C, Nattestad M, Schatz MC, Baybayan P, Scherf A, Smith ML.",DNA Res. 2016 Aug;23(4):339-51. doi: 10.1093/dnares/dsw022. Epub 2016 Jun 26.,Vembar SS,DNA Res,2016,2016-06-28,PMC4991835,,10.1093/dnares/dsw022
27327646,Investigating the Causal Relationship of C-Reactive Protein with 32 Complex Somatic and Psychiatric Outcomes: A Large-Scale Cross-Consortium Mendelian Randomization Study,"Prins BP, Abbasi A, Wong A, Vaez A, Nolte I, Franceschini N, Stuart PE, Guterriez Achury J, Mistry V, Bradfield JP, Valdes AM, Bras J, Shatunov A; PAGE Consortium; International Stroke Genetics Consortium; Systemic Sclerosis consortium; Treat OA consortium; DIAGRAM Consortium; CARDIoGRAMplusC4D Consortium; ALS consortium; International Parkinson’s Disease Genomics Consortium; Autism Spectrum Disorder Working Group of the Psychiatric Genomics Consortium; CKDGen consortium; GERAD1 Consortium; International Consortium for Blood Pressure; Schizophrenia Working Group of the Psychiatric Genomics Consortium; Inflammation Working Group of the CHARGE Consortium; Lu C, Han B, Raychaudhuri S, Bevan S, Mayes MD, Tsoi LC, Evangelou E, Nair RP, Grant SF, Polychronakos C, Radstake TR, van Heel DA, Dunstan ML, Wood NW, Al-Chalabi A, Dehghan A, Hakonarson H, Markus HS, Elder JT, Knight J, Arking DE, Spector TD, Koeleman BP, van Duijn CM, Martin J, Morris AP, Weersma RK, Wijmenga C, Munroe PB, Perry JR, Pouget JG, Jamshidi Y, Snieder H, Alizadeh BZ.",PLoS Med. 2016 Jun 21;13(6):e1001976. doi: 10.1371/journal.pmed.1001976. eCollection 2016 Jun.,Prins BP,PLoS Med,2016,2016-06-22,PMC4915710,,10.1371/journal.pmed.1001976
27325353,GWAS analysis of handgrip and lower body strength in older adults in the CHARGE consortium,"Matteini AM, Tanaka T, Karasik D, Atzmon G, Chou WC, Eicher JD, Johnson AD, Arnold AM, Callisaya ML, Davies G, Evans DS, Holtfreter B, Lohman K, Lunetta KL, Mangino M, Smith AV, Smith JA, Teumer A, Yu L, Arking DE, Buchman AS, Chibinik LB, De Jager PL, Evans DA, Faul JD, Garcia ME, Gillham-Nasenya I, Gudnason V, Hofman A, Hsu YH, Ittermann T, Lahousse L, Liewald DC, Liu Y, Lopez L, Rivadeneira F, Rotter JI, Siggeirsdottir K, Starr JM, Thomson R, Tranah GJ, Uitterlinden AG, Völker U, Völzke H, Weir DR, Yaffe K, Zhao W, Zhuang WV, Zmuda JM, Bennett DA, Cummings SR, Deary IJ, Ferrucci L, Harris TB, Kardia SL, Kocher T, Kritchevsky SB, Psaty BM, Seshadri S, Spector TD, Srikanth VK, Windham BG, Zillikens MC, Newman AB, Walston JD, Kiel DP, Murabito JM.",Aging Cell. 2016 Oct;15(5):792-800. doi: 10.1111/acel.12468. Epub 2016 Jun 21.,Matteini AM,Aging Cell,2016,2016-06-22,PMC5013019,,10.1111/acel.12468
27321809,Rare coding TTN variants are associated with electrocardiographic QT interval in the general population,"Kapoor A, Bakshy K, Xu L, Nandakumar P, Lee D, Boerwinkle E, Grove ML, Arking DE, Chakravarti A.",Sci Rep. 2016 Jun 20;6:28356. doi: 10.1038/srep28356.,Kapoor A,Sci Rep,2016,2016-06-21,PMC4913250,,10.1038/srep28356
27318204,Assemblytics: a web analytics tool for the detection of variants from an assembly,"Nattestad M, Schatz MC.",Bioinformatics. 2016 Oct 1;32(19):3021-3. doi: 10.1093/bioinformatics/btw369. Epub 2016 Jun 17.,Nattestad M,Bioinformatics,2016,2016-06-19,PMC6191160,,10.1093/bioinformatics/btw369
27340685,Next-generation sequencing in neuropathologic diagnosis of infections of the nervous system,"Salzberg SL, Breitwieser FP, Kumar A, Hao H, Burger P, Rodriguez FJ, Lim M, Quiñones-Hinojosa A, Gallia GL, Tornheim JA, Melia MT, Sears CL, Pardo CA.",Neurol Neuroimmunol Neuroinflamm. 2016 Jun 13;3(4):e251. doi: 10.1212/NXI.0000000000000251. eCollection 2016 Aug.,Salzberg SL,Neurol Neuroimmunol Neuroinflamm,2016,2016-06-25,PMC4907805,,10.1212/NXI.0000000000000251
27298258,Boiler: lossy compression of RNA-seq alignments using coverage vectors,"Pritt J, Langmead B.",Nucleic Acids Res. 2016 Sep 19;44(16):e133. doi: 10.1093/nar/gkw540. Epub 2016 Jun 13.,Pritt J,Nucleic Acids Res,2016,2016-06-15,PMC5027496,,10.1093/nar/gkw540
27249958,The channel catfish genome sequence provides insights into the evolution of scale formation in teleosts,"Liu Z, Liu S, Yao J, Bao L, Zhang J, Li Y, Jiang C, Sun L, Wang R, Zhang Y, Zhou T, Zeng Q, Fu Q, Gao S, Li N, Koren S, Jiang Y, Zimin A, Xu P, Phillippy AM, Geng X, Song L, Sun F, Li C, Wang X, Chen A, Jin Y, Yuan Z, Yang Y, Tan S, Peatman E, Lu J, Qin Z, Dunham R, Li Z, Sonstegard T, Feng J, Danzmann RG, Schroeder S, Scheffler B, Duke MV, Ballard L, Kucuktas H, Kaltenboeck L, Liu H, Armbruster J, Xie Y, Kirby ML, Tian Y, Flanagan ME, Mu W, Waldbieser GC.",Nat Commun. 2016 Jun 2;7:11757. doi: 10.1038/ncomms11757.,Liu Z,Nat Commun,2016,2016-06-03,PMC4895719,,10.1038/ncomms11757
27172201,A High-Resolution SNP Array-Based Linkage Map Anchors a New Domestic Cat Draft Genome Assembly and Provides Detailed Patterns of Recombination,"Li G, Hillier LW, Grahn RA, Zimin AV, David VA, Menotti-Raymond M, Middleton R, Hannah S, Hendrickson S, Makunin A, O'Brien SJ, Minx P, Wilson RK, Lyons LA, Warren WC, Murphy WJ.",G3 (Bethesda). 2016 Jun 1;6(6):1607-16. doi: 10.1534/g3.116.028746.,Li G,G3 (Bethesda),2016,2016-05-13,PMC4889657,,10.1534/g3.116.028746
27120077,Exome Sequencing of Familial Bipolar Disorder,"Goes FS, Pirooznia M, Parla JS, Kramer M, Ghiban E, Mavruk S, Chen YC, Monson ET, Willour VL, Karchin R, Flickinger M, Locke AE, Levy SE, Scott LJ, Boehnke M, Stahl E, Moran JL, Hultman CM, Landén M, Purcell SM, Sklar P, Zandi PP, McCombie WR, Potash JB.",JAMA Psychiatry. 2016 Jun 1;73(6):590-7. doi: 10.1001/jamapsychiatry.2016.0251.,Goes FS,JAMA Psychiatry,2016,2016-04-28,PMC5600716,NIHMS843170,10.1001/jamapsychiatry.2016.0251
26906009,Pharmacogenetic characterization of naturally occurring germline NT5C1A variants to chemotherapeutic nucleoside analogs,"Saliba J, Zabriskie R, Ghosh R, Powell BC, Hicks S, Kimmel M, Meng Q, Ritter DI, Wheeler DA, Gibbs RA, Tsai FT, Plon SE.",Pharmacogenet Genomics. 2016 Jun;26(6):271-9. doi: 10.1097/FPC.0000000000000208.,Saliba J,Pharmacogenet Genomics,2016,2016-02-25,PMC4853247,NIHMS755133,10.1097/FPC.0000000000000208
27199251,Clonal evolution in patients with chronic lymphocytic leukaemia developing resistance to BTK inhibition,"Burger JA, Landau DA, Taylor-Weiner A, Bozic I, Zhang H, Sarosiek K, Wang L, Stewart C, Fan J, Hoellenriegel J, Sivina M, Dubuc AM, Fraser C, Han Y, Li S, Livak KJ, Zou L, Wan Y, Konoplev S, Sougnez C, Brown JR, Abruzzo LV, Carter SL, Keating MJ, Davids MS, Wierda WG, Cibulskis K, Zenz T, Werner L, Dal Cin P, Kharchencko P, Neuberg D, Kantarjian H, Lander E, Gabriel S, O'Brien S, Letai A, Weitz DA, Nowak MA, Getz G, Wu CJ.",Nat Commun. 2016 May 20;7:11589. doi: 10.1038/ncomms11589.,Burger JA,Nat Commun,2016,2016-05-21,PMC4876453,,10.1038/ncomms11589
27179027,TSCAN: Pseudo-time reconstruction and evaluation in single-cell RNA-seq analysis,"Ji Z, Ji H.",Nucleic Acids Res. 2016 Jul 27;44(13):e117. doi: 10.1093/nar/gkw430. Epub 2016 May 13.,Ji Z,Nucleic Acids Res,2016,2016-05-15,PMC4994863,,10.1093/nar/gkw430
27171182,Towards Increasing the Clinical Relevance of In Silico Methods to Predict Pathogenic Missense Variants,"Masica DL, Karchin R.",PLoS Comput Biol. 2016 May 12;12(5):e1004725. doi: 10.1371/journal.pcbi.1004725. eCollection 2016 May.,Masica DL,PLoS Comput Biol,2016,2016-05-13,PMC4865359,,10.1371/journal.pcbi.1004725
27074206,Association of DNA Methylation Differences With Schizophrenia in an Epigenome-Wide Association Study,"Montano C, Taub MA, Jaffe A, Briem E, Feinberg JI, Trygvadottir R, Idrizi A, Runarsson A, Berndsen B, Gur RC, Moore TM, Perry RT, Fugman D, Sabunciyan S, Yolken RH, Hyde TM, Kleinman JE, Sobell JL, Pato CN, Pato MT, Go RC, Nimgaonkar V, Weinberger DR, Braff D, Gur RE, Fallin MD, Feinberg AP.",JAMA Psychiatry. 2016 May 1;73(5):506-14. doi: 10.1001/jamapsychiatry.2016.0144.,Montano C,JAMA Psychiatry,2016,2016-04-14,PMC6353566,NIHMS995077,10.1001/jamapsychiatry.2016.0144
27197156,Exome-Scale Discovery of Hotspot Mutation Regions in Human Cancer Using 3D Protein Structure,"Tokheim C, Bhattacharya R, Niknafs N, Gygax DM, Kim R, Ryan M, Masica DL, Karchin R.",Cancer Res. 2016 Jul 1;76(13):3719-31. doi: 10.1158/0008-5472.CAN-15-3190. Epub 2016 Apr 28.,Tokheim C,Cancer Res,2016,2016-05-20,PMC4930736,NIHMS781856,10.1158/0008-5472.CAN-15-3190
27236499,Epigenome-wide association study links site-specific DNA methylation changes with cow's milk allergy,"Hong X, Ladd-Acosta C, Hao K, Sherwood B, Ji H, Keet CA, Kumar R, Caruso D, Liu X, Wang G, Chen Z, Ji Y, Mao G, Walker SO, Bartell TR, Ji Z, Sun Y, Tsai HJ, Pongracic JA, Weeks DE, Wang X.",J Allergy Clin Immunol. 2016 Sep;138(3):908-911.e9. doi: 10.1016/j.jaci.2016.01.056. Epub 2016 Apr 25.,Hong X,J Allergy Clin Immunol,2016,2016-05-30,PMC5392112,NIHMS781580,10.1016/j.jaci.2016.01.056
26975995,Multiscale Model of Mycobacterium tuberculosis Infection Maps Metabolite and Gene Perturbations to Granuloma Sterilization Predictions,"Pienaar E, Matern WM, Linderman JJ, Bader JS, Kirschner DE.",Infect Immun. 2016 Apr 22;84(5):1650-1669. doi: 10.1128/IAI.01438-15. Print 2016 May.,Pienaar E,Infect Immun,2016,2016-03-16,PMC4862722,,10.1128/IAI.01438-15
27197214,Impact of the X Chromosome and sex on regulatory variation,"Kukurba KR, Parsana P, Balliu B, Smith KS, Zappala Z, Knowles DA, Favé MJ, Davis JR, Li X, Zhu X, Potash JB, Weissman MM, Shi J, Kundaje A, Levinson DF, Awadalla P, Mostafavi S, Battle A, Montgomery SB.",Genome Res. 2016 Jun;26(6):768-77. doi: 10.1101/gr.197897.115. Epub 2016 Apr 21.,Kukurba KR,Genome Res,2016,2016-05-20,PMC4889977,,10.1101/gr.197897.115
27153614,Rail-dbGaP: analyzing dbGaP-protected data in the cloud with Amazon Elastic MapReduce,"Nellore A, Wilks C, Hansen KD, Leek JT, Langmead B.",Bioinformatics. 2016 Aug 15;32(16):2551-3. doi: 10.1093/bioinformatics/btw177. Epub 2016 Apr 21.,Nellore A,Bioinformatics,2016,2016-05-07,PMC4978928,,10.1093/bioinformatics/btw177
27102965,Artery Tertiary Lymphoid Organs Control Multilayered Territorialized Atherosclerosis B-Cell Responses in Aged ApoE-/- Mice,"Srikakulapu P, Hu D, Yin C, Mohanta SK, Bontha SV, Peng L, Beer M, Weber C, McNamara CA, Grassia G, Maffia P, Manz RA, Habenicht AJ.",Arterioscler Thromb Vasc Biol. 2016 Jun;36(6):1174-85. doi: 10.1161/ATVBAHA.115.306983. Epub 2016 Apr 21.,Srikakulapu P,Arterioscler Thromb Vasc Biol,2016,2016-04-23,PMC4894775,,10.1161/ATVBAHA.115.306983
27100869,"Single-Cell Co-expression Analysis Reveals Distinct Functional Modules, Co-regulation Mechanisms and Clinical Outcomes","Wang J, Xia S, Arand B, Zhu H, Machiraju R, Huang K, Ji H, Qian J.",PLoS Comput Biol. 2016 Apr 21;12(4):e1004892. doi: 10.1371/journal.pcbi.1004892. eCollection 2016 Apr.,Wang J,PLoS Comput Biol,2016,2016-04-22,PMC4839722,,10.1371/journal.pcbi.1004892
27153639,gkmSVM: an R package for gapped-kmer SVM,"Ghandi M, Mohammad-Noori M, Ghareghani N, Lee D, Garraway L, Beer MA.",Bioinformatics. 2016 Jul 15;32(14):2205-7. doi: 10.1093/bioinformatics/btw203. Epub 2016 Apr 19.,Ghandi M,Bioinformatics,2016,2016-05-07,PMC4937197,,10.1093/bioinformatics/btw203
27088604,The Atlantic salmon genome provides insights into rediploidization,"Lien S, Koop BF, Sandve SR, Miller JR, Kent MP, Nome T, Hvidsten TR, Leong JS, Minkley DR, Zimin A, Grammes F, Grove H, Gjuvsland A, Walenz B, Hermansen RA, von Schalburg K, Rondeau EB, Di Genova A, Samy JK, Olav Vik J, Vigeland MD, Caler L, Grimholt U, Jentoft S, Våge DI, de Jong P, Moen T, Baranski M, Palti Y, Smith DR, Yorke JA, Nederbragt AJ, Tooming-Klunderud A, Jakobsen KS, Jiang X, Fan D, Hu Y, Liberles DA, Vidal R, Iturra P, Jones SJ, Jonassen I, Maass A, Omholt SW, Davidson WS.",Nature. 2016 May 12;533(7602):200-5. doi: 10.1038/nature17164. Epub 2016 Apr 18.,Lien S,Nature,2016,2016-04-19,PMC8127823,,10.1038/nature17164
27082250,Chromosomal-Level Assembly of the Asian Seabass Genome Using Long Sequence Reads and Multi-layered Scaffolding,"Vij S, Kuhl H, Kuznetsova IS, Komissarov A, Yurchenko AA, Van Heusden P, Singh S, Thevasagayam NM, Prakki SR, Purushothaman K, Saju JM, Jiang J, Mbandi SK, Jonas M, Hin Yan Tong A, Mwangi S, Lau D, Ngoh SY, Liew WC, Shen X, Hon LS, Drake JP, Boitano M, Hall R, Chin CS, Lachumanan R, Korlach J, Trifonov V, Kabilov M, Tupikin A, Green D, Moxon S, Garvin T, Sedlazeck FJ, Vurture GW, Gopalapillai G, Kumar Katneni V, Noble TH, Scaria V, Sivasubbu S, Jerry DR, O'Brien SJ, Schatz MC, Dalmay T, Turner SW, Lok S, Christoffels A, Orbán L.",PLoS Genet. 2016 Apr 15;12(4):e1005954. doi: 10.1371/journal.pgen.1005954. eCollection 2016 Apr.,Vij S,PLoS Genet,2016,2016-04-16,PMC4833346,,10.1371/journal.pgen.1005954
27036123,Meta-analysis of 49 549 individuals imputed with the 1000 Genomes Project reveals an exonic damaging variant in ANGPTL4 determining fasting TG levels,"van Leeuwen EM, Sabo A, Bis JC, Huffman JE, Manichaikul A, Smith AV, Feitosa MF, Demissie S, Joshi PK, Duan Q, Marten J, van Klinken JB, Surakka I, Nolte IM, Zhang W, Mbarek H, Li-Gao R, Trompet S, Verweij N, Evangelou E, Lyytikäinen LP, Tayo BO, Deelen J, van der Most PJ, van der Laan SW, Arking DE, Morrison A, Dehghan A, Franco OH, Hofman A, Rivadeneira F, Sijbrands EJ, Uitterlinden AG, Mychaleckyj JC, Campbell A, Hocking LJ, Padmanabhan S, Brody JA, Rice KM, White CC, Harris T, Isaacs A, Campbell H, Lange LA, Rudan I, Kolcic I, Navarro P, Zemunik T, Salomaa V; LifeLines Cohort Study; Kooner AS, Kooner JS, Lehne B, Scott WR, Tan ST, de Geus EJ, Milaneschi Y, Penninx BW, Willemsen G, de Mutsert R, Ford I, Gansevoort RT, Segura-Lepe MP, Raitakari OT, Viikari JS, Nikus K, Forrester T, McKenzie CA, de Craen AJ, de Ruijter HM; CHARGE Lipids Working Group; Pasterkamp G, Snieder H, Oldehinkel AJ, Slagboom PE, Cooper RS, Kähönen M, Lehtimäki T, Elliott P, van der Harst P, Jukema JW, Mook-Kanamori DO, Boomsma DI, Chambers JC, Swertz M, Ripatti S, Willems van Dijk K, Vitart V, Polasek O, Hayward C, Wilson JG, Wilson JF, Gudnason V, Rich SS, Psaty BM, Borecki IB, Boerwinkle E, Rotter JI, Cupples LA, van Duijn CM.",J Med Genet. 2016 Jul;53(7):441-9. doi: 10.1136/jmedgenet-2015-103439. Epub 2016 Apr 1.,van Leeuwen EM,J Med Genet,2016,2016-04-03,PMC4941146,,10.1136/jmedgenet-2015-103439
26999784,Association of Lipid-Related Genetic Variants with the Incidence of Atrial Fibrillation: The AFGen Consortium,"Norby FL, Eryd SA, Niemeijer MN, Rose LM, Smith AV, Yin X, Agarwal SK, Arking DE, Chasman DL, Chen LY, Eijgelsheim M, Engström G, Franco OH, Heeringa J, Hindy G, Hofman A, Lutsey PL, Magnani JW, McManus DD, Orho-Melander M, Pankow JS, Rukh G, Schulz CA, Uitterlinden AG, Albert CM, Benjamin EJ, Gudnason V, Smith JG, Stricker BH, Alonso A.",PLoS One. 2016 Mar 21;11(3):e0151932. doi: 10.1371/journal.pone.0151932. eCollection 2016.,Norby FL,PLoS One,2016,2016-03-22,PMC4801208,,10.1371/journal.pone.0151932
26989198,Excavating Neandertal and Denisovan DNA from the genomes of Melanesian individuals,"Vernot B, Tucci S, Kelso J, Schraiber JG, Wolf AB, Gittelman RM, Dannemann M, Grote S, McCoy RC, Norton H, Scheinfeldt LB, Merriwether DA, Koki G, Friedlaender JS, Wakefield J, Pääbo S, Akey JM.",Science. 2016 Apr 8;352(6282):235-9. doi: 10.1126/science.aad9416. Epub 2016 Mar 17.,Vernot B,Science,2016,2016-03-19,PMC6743480,NIHMS1047860,10.1126/science.aad9416
26975657,CLASS2: accurate and efficient splice variant annotation from RNA-seq reads,"Song L, Sabunciyan S, Florea L.",Nucleic Acids Res. 2016 Jun 2;44(10):e98. doi: 10.1093/nar/gkw158. Epub 2016 Mar 14.,Song L,Nucleic Acids Res,2016,2016-03-16,PMC4889935,,10.1093/nar/gkw158
26962151,Twenty-eight genetic loci associated with ST-T-wave amplitudes of the electrocardiogram,"Verweij N, Mateo Leach I, Isaacs A, Arking DE, Bis JC, Pers TH, Van Den Berg ME, Lyytikäinen LP, Barnett P, Wang X; LifeLines Cohort Study; Soliman EZ, Van Duijn CM, Kähönen M, Van Veldhuisen DJ, Kors JA, Raitakari OT, Silva CT, Lehtimäki T, Hillege HL, Hirschhorn JN, Boyer LA, Van Gilst WH, Alonso A, Sotoodehnia N, Eijgelsheim M, De Boer RA, De Bakker PI, Franke L, Van Der Harst P.",Hum Mol Genet. 2016 May 15;25(10):2093-2103. doi: 10.1093/hmg/ddw058. Epub 2016 Mar 8.,Verweij N,Hum Mol Genet,2016,2016-03-11,PMC5062578,,10.1093/hmg/ddw058
27141516,Consensus Statement on Electronic Health Predictive Analytics: A Guiding Framework to Address Challenges,"Amarasingham R, Audet AM, Bates DW, Glenn Cohen I, Entwistle M, Escobar GJ, Liu V, Etheredge L, Lo B, Ohno-Machado L, Ram S, Saria S, Schilling LM, Shahi A, Stewart WF, Steyerberg EW, Xie B.",EGEMS (Wash DC). 2016 Mar 7;4(1):1163. doi: 10.13063/2327-9214.1163. eCollection 2016.,Amarasingham R,EGEMS (Wash DC),2016,2016-05-04,PMC4837887,,10.13063/2327-9214.1163
26949250,Epigenomic landscapes of retinal rods and cones,"Mo A, Luo C, Davis FP, Mukamel EA, Henry GL, Nery JR, Urich MA, Picard S, Lister R, Eddy SR, Beer MA, Ecker JR, Nathans J.",Elife. 2016 Mar 7;5:e11613. doi: 10.7554/eLife.11613.,Mo A,Elife,2016,2016-03-08,PMC4798964,,10.7554/eLife.11613
27179719,Impact of genetic variants on the upstream efficacy of renin-angiotensin system inhibitors for the prevention of atrial fibrillation,"Roberts JD, Dewland TA, Glidden DV, Hoffmann TJ, Arking DE, Chen LY, Psaty BM, Olgin JE, Alonso A, Heckbert SR, Marcus GM.",Am Heart J. 2016 May;175:9-17. doi: 10.1016/j.ahj.2016.02.002. Epub 2016 Feb 13.,Roberts JD,Am Heart J,2016,2016-05-16,PMC4873713,NIHMS766820,10.1016/j.ahj.2016.02.002
26791113,Pathogenicity Interpretation in the Age of Precision Medicine: The 2015 Annual Scientific Meeting of the Human Genome Variation Society,"Oetting WS, Brenner SE, Brookes AJ, Greenblatt MS, Hart RK, Karchin R, Sunyaev SR, Taschner PE.",Hum Mutat. 2016 Apr;37(4):406-11. doi: 10.1002/humu.22958. Epub 2016 Feb 12.,Oetting WS,Hum Mutat,2016,2016-01-22,PMC4783187,NIHMS753606,10.1002/humu.22958
26862087,Whole-Genome Sequencing of Salivary Gland Adenoid Cystic Carcinoma,"Rettig EM, Talbot CC Jr, Sausen M, Jones S, Bishop JA, Wood LD, Tokheim C, Niknafs N, Karchin R, Fertig EJ, Wheelan SJ, Marchionni L, Considine M, Ling S, Fakhry C, Papadopoulos N, Kinzler KW, Vogelstein B, Ha PK, Agrawal N.",Cancer Prev Res (Phila). 2016 Apr;9(4):265-74. doi: 10.1158/1940-6207.CAPR-15-0316. Epub 2016 Feb 9.,Rettig EM,Cancer Prev Res (Phila),2016,2016-02-11,PMC4818686,NIHMS759794,10.1158/1940-6207.CAPR-15-0316
26836631,Genome assembly and geospatial phylogenomics of the bed bug Cimex lectularius,"Rosenfeld JA, Reeves D, Brugler MR, Narechania A, Simon S, Durrett R, Foox J, Shianna K, Schatz MC, Gandara J, Afshinnekoo E, Lam ET, Hastie AR, Chan S, Cao H, Saghbini M, Kentsis A, Planet PJ, Kholodovych V, Tessler M, Baker R, DeSalle R, Sorkin LN, Kolokotronis SO, Siddall ME, Amato G, Mason CE.",Nat Commun. 2016 Feb 2;7:10164. doi: 10.1038/ncomms10164.,Rosenfeld JA,Nat Commun,2016,2016-02-03,PMC4740774,,10.1038/ncomms10164
26831077,Polyclonal breast cancer metastases arise from collective dissemination of keratin 14-expressing tumor cell clusters,"Cheung KJ, Padmanaban V, Silvestri V, Schipper K, Cohen JD, Fairchild AN, Gorin MA, Verdone JE, Pienta KJ, Bader JS, Ewald AJ.",Proc Natl Acad Sci U S A. 2016 Feb 16;113(7):E854-63. doi: 10.1073/pnas.1508541113. Epub 2016 Feb 1.,Cheung KJ,Proc Natl Acad Sci U S A,2016,2016-02-03,PMC4763783,,10.1073/pnas.1508541113
26813209,Effect of Prenatal Supplementation With Vitamin D on Asthma or Recurrent Wheezing in Offspring by Age 3 Years: The VDAART Randomized Clinical Trial,"Litonjua AA, Carey VJ, Laranjo N, Harshfield BJ, McElrath TF, O'Connor GT, Sandel M, Iverson RE Jr, Lee-Paritz A, Strunk RC, Bacharier LB, Macones GA, Zeiger RS, Schatz M, Hollis BW, Hornsby E, Hawrylowicz C, Wu AC, Weiss ST.",JAMA. 2016 Jan 26;315(4):362-70. doi: 10.1001/jama.2015.18589.,Litonjua AA,JAMA,2016,2016-01-28,PMC7479967,NIHMS1623286,10.1001/jama.2015.18589
26797124,The Pluripotency Factor NANOG Binds to GLI Proteins and Represses Hedgehog-mediated Transcription,"Li Q, Lex RK, Chung H, Giovanetti SM, Ji Z, Ji H, Person MD, Kim J, Vokes SA.",J Biol Chem. 2016 Mar 25;291(13):7171-82. doi: 10.1074/jbc.M116.714857. Epub 2016 Jan 21.,Li Q,J Biol Chem,2016,2016-01-23,PMC4807297,,10.1074/jbc.M116.714857
26794963,Association between Mitochondrial DNA Copy Number in Peripheral Blood and Incident CKD in the Atherosclerosis Risk in Communities Study,"Tin A, Grams ME, Ashar FN, Lane JA, Rosenberg AZ, Grove ML, Boerwinkle E, Selvin E, Coresh J, Pankratz N, Arking DE.",J Am Soc Nephrol. 2016 Aug;27(8):2467-73. doi: 10.1681/ASN.2015060661. Epub 2016 Jan 21.,Tin A,J Am Soc Nephrol,2016,2016-01-23,PMC4978050,,10.1681/ASN.2015060661
26787891,Patterns of deleterious variation between human populations reveal an unbalanced load,"McCoy RC, Akey JM.",Proc Natl Acad Sci U S A. 2016 Jan 26;113(4):809-11. doi: 10.1073/pnas.1524016113. Epub 2016 Jan 19.,McCoy RC,Proc Natl Acad Sci U S A,2016,2016-01-21,PMC4743776,,10.1073/pnas.1524016113
26787508,Nanopore sequencing detects structural variants in cancer,"Norris AL, Workman RE, Fan Y, Eshleman JR, Timp W.",Cancer Biol Ther. 2016;17(3):246-53. doi: 10.1080/15384047.2016.1139236. Epub 2016 Jan 19.,Norris AL,Cancer Biol Ther,2016,2016-01-21,PMC4848001,,10.1080/15384047.2016.1139236
26780092,Characterizing transcriptional heterogeneity through pathway and gene set overdispersion analysis,"Fan J, Salathia N, Liu R, Kaeser GE, Yung YC, Herman JL, Kaper F, Fan JB, Zhang K, Chun J, Kharchenko PV.",Nat Methods. 2016 Mar;13(3):241-4. doi: 10.1038/nmeth.3734. Epub 2016 Jan 18.,Fan J,Nat Methods,2016,2016-01-19,PMC4772672,NIHMS746594,10.1038/nmeth.3734
26992676,Correlation of preterm infant illness severity with placental histology,"Chisholm KM, Heerema-McKenney A, Tian L, Rajani AK, Saria S, Koller D, Penn AA.",Placenta. 2016 Mar;39:61-9. doi: 10.1016/j.placenta.2016.01.012. Epub 2016 Jan 16.,Chisholm KM,Placenta,2016,2016-03-20,PMC4819396,NIHMS754363,10.1016/j.placenta.2016.01.012
26776373,Validation of the Pregnancy Asthma Control Test,"Palmsten K, Schatz M, Chan PH, Johnson DL, Chambers CD.",J Allergy Clin Immunol Pract. 2016 Mar-Apr;4(2):310-5.e1. doi: 10.1016/j.jaip.2015.11.019. Epub 2016 Jan 5.,Palmsten K,J Allergy Clin Immunol Pract,2016,2016-01-19,PMC4789157,NIHMS740434,10.1016/j.jaip.2015.11.019
26473621,Identification of Rare Variants in ATP8B4 as a Risk Factor for Systemic Sclerosis by Whole-Exome Sequencing,"Gao L, Emond MJ, Louie T, Cheadle C, Berger AE, Rafaels N, Vergara C, Kim Y, Taub MA, Ruczinski I, Mathai SC, Rich SS, Nickerson DA, Hummers LK, Bamshad MJ, Hassoun PM, Mathias RA; National Heart, Lung, and Blood Institute GO Exome Sequencing Project; Barnes KC.",Arthritis Rheumatol. 2016 Jan;68(1):191-200. doi: 10.1002/art.39449.,Gao L,Arthritis Rheumatol,2016,2015-10-17,PMC4690763,NIHMS730492,10.1002/art.39449
26749306,An Efficient Multiple-Testing Adjustment for eQTL Studies that Accounts for Linkage Disequilibrium between Variants,"Davis JR, Fresard L, Knowles DA, Pala M, Bustamante CD, Battle A, Montgomery SB.",Am J Hum Genet. 2016 Jan 7;98(1):216-24. doi: 10.1016/j.ajhg.2015.11.021. Epub 2015 Dec 31.,Davis JR,Am J Hum Genet,2016,2016-01-11,PMC4716687,,10.1016/j.ajhg.2015.11.021
26658419,Whole Genome Sequencing Defines the Genetic Heterogeneity of Familial Pancreatic Cancer,"Roberts NJ, Norris AL, Petersen GM, Bondy ML, Brand R, Gallinger S, Kurtz RC, Olson SH, Rustgi AK, Schwartz AG, Stoffel E, Syngal S, Zogopoulos G, Ali SZ, Axilbund J, Chaffee KG, Chen YC, Cote ML, Childs EJ, Douville C, Goes FS, Herman JM, Iacobuzio-Donahue C, Kramer M, Makohon-Moore A, McCombie RW, McMahon KW, Niknafs N, Parla J, Pirooznia M, Potash JB, Rhim AD, Smith AL, Wang Y, Wolfgang CL, Wood LD, Zandi PP, Goggins M, Karchin R, Eshleman JR, Papadopoulos N, Kinzler KW, Vogelstein B, Hruban RH, Klein AP.",Cancer Discov. 2016 Feb;6(2):166-75. doi: 10.1158/2159-8290.CD-15-0402. Epub 2015 Dec 9.,Roberts NJ,Cancer Discov,2016,2015-12-15,PMC4744563,NIHMS743706,10.1158/2159-8290.CD-15-0402
26643968,Identifying a Deletion Affecting Total Lung Capacity Among Subjects in the COPDGene Study Cohort,"Begum F, Ruczinski I, Li S, Silverman EK, Cho MH, Lynch DA, Curran-Everett D, Crapo J, Scharpf RB, Parker MM, Hetmanski JB, Beaty TH.",Genet Epidemiol. 2016 Jan;40(1):81-8. doi: 10.1002/gepi.21943. Epub 2015 Dec 7.,Begum F,Genet Epidemiol,2016,2015-12-09,PMC4679532,NIHMS734156,10.1002/gepi.21943
26549429,Testing and Validation of Computational Methods for Mass Spectrometry,"Gatto L, Hansen KD, Hoopmann MR, Hermjakob H, Kohlbacher O, Beyer A.",J Proteome Res. 2016 Mar 4;15(3):809-14. doi: 10.1021/acs.jproteome.5b00852. Epub 2015 Nov 17.,Gatto L,J Proteome Res,2016,2015-11-10,PMC4804830,NIHMS761553,10.1021/acs.jproteome.5b00852
26568632,BioPartsBuilder: a synthetic biology tool for combinatorial assembly of biological parts,"Yang K, Stracquadanio G, Luo J, Boeke JD, Bader JS.",Bioinformatics. 2016 Mar 15;32(6):937-9. doi: 10.1093/bioinformatics/btv664. Epub 2015 Nov 14.,Yang K,Bioinformatics,2016,2015-11-17,PMC4803390,,10.1093/bioinformatics/btv664
26566658,SCRaMbLE generates designed combinatorial stochastic diversity in synthetic chromosomes,"Shen Y, Stracquadanio G, Wang Y, Yang K, Mitchell LA, Xue Y, Cai Y, Chen T, Dymond JS, Kang K, Gong J, Zeng X, Zhang Y, Li Y, Feng Q, Xu X, Wang J, Wang J, Yang H, Boeke JD, Bader JS.",Genome Res. 2016 Jan;26(1):36-49. doi: 10.1101/gr.193433.115. Epub 2015 Nov 13.,Shen Y,Genome Res,2016,2015-11-15,PMC4691749,,10.1101/gr.193433.115
26442818,Assessing the Pathogenicity of Insertion and Deletion Variants with the Variant Effect Scoring Tool (VEST-Indel),"Douville C, Masica DL, Stenson PD, Cooper DN, Gygax DM, Kim R, Ryan M, Karchin R.",Hum Mutat. 2016 Jan;37(1):28-35. doi: 10.1002/humu.22911. Epub 2015 Oct 26.,Douville C,Hum Mutat,2016,2015-10-08,PMC5057310,,10.1002/humu.22911
26463000,Public data and open source tools for multi-assay genomic investigation of disease,"Kannan L, Ramos M, Re A, El-Hachem N, Safikhani Z, Gendoo DM, Davis S, Gomez-Cabrero D, Castelo R, Hansen KD, Carey VJ, Morgan M, Culhane AC, Haibe-Kains B, Waldron L.",Brief Bioinform. 2016 Jul;17(4):603-15. doi: 10.1093/bib/bbv080. Epub 2015 Oct 12.,Kannan L,Brief Bioinform,2016,2015-10-15,PMC4945830,,10.1093/bib/bbv080
26350211,Turning publicly available gene expression data into discoveries using gene set context analysis,"Ji Z, Vokes SA, Dang CV, Ji H.",Nucleic Acids Res. 2016 Jan 8;44(1):e8. doi: 10.1093/nar/gkv873. Epub 2015 Sep 8.,Ji Z,Nucleic Acids Res,2016,2015-09-10,PMC4705686,,10.1093/nar/gkv873
26648411,DNA methylation is stable during replication and cell cycle arrest,"Vandiver AR, Idrizi A, Rizzardi L, Feinberg AP, Hansen KD.",Sci Rep. 2015 Dec 9;5:17911. doi: 10.1038/srep17911.,Vandiver AR,Sci Rep,2015,2015-12-10,PMC4673417,,10.1038/srep17911
26653201,"American Thoracic Society and National Heart, Lung, and Blood Institute Implementation Research Workshop Report","Bender BG, Krishnan JA, Chambers DA, Cloutier MM, Riekert KA, Rand CS, Schatz M, Thomson CC, Wilson SR, Apter A, Carson SS, George M, Gerald JK, Gerald L, Goss CH, Okelo SO, Mularski RA, Nguyen HQ, Patel MR, Szefler SJ, Weiss CH, Wilson KC, Freemer M.",Ann Am Thorac Soc. 2015 Dec;12(12):S213-21. doi: 10.1513/AnnalsATS.201506-367OT.,Bender BG,Ann Am Thorac Soc,2015,2015-12-15,PMC5467083,,10.1513/AnnalsATS.201506-367OT
28721259,Fine mapping the CETP region reveals a common intronic insertion associated to HDL-C,"van Leeuwen EM, Huffman JE, Bis JC, Isaacs A, Mulder M, Sabo A, Smith AV, Demissie S, Manichaikul A, Brody JA, Feitosa MF, Duan Q, Schraut KE, Navarro P, van Vliet-Ostaptchouk JV, Zhu G, Mbarek H, Trompet S, Verweij N, Lyytikäinen LP, Deelen J, Nolte IM, van der Laan SW, Davies G, Vermeij-Verdoold AJ, van Oosterhout AA, Vergeer-Drop JM, Arking DE, Trochet H; Generation Scotland; Medina-Gomez C, Rivadeneira F, Uitterlinden AG, Dehghan A, Franco OH, Sijbrands EJ, Hofman A, White CC, Mychaleckyj JC, Peloso GM, Swertz MA; LifeLines Cohort Study; Willemsen G, de Geus EJ, Milaneschi Y, Penninx BW, Ford I, Buckley BM, de Craen AJ, Starr JM, Deary IJ, Pasterkamp G, Oldehinkel AJ, Snieder H, Slagboom PE, Nikus K, Kähönen M, Lehtimäki T, Viikari JS, Raitakari OT, van der Harst P, Jukema JW, Hottenga JJ, Boomsma DI, Whitfield JB, Montgomery G, Martin NG; CHARGE Lipids Working Group; Polasek O, Vitart V, Hayward C, Kolcic I, Wright AF, Rudan I, Joshi PK, Wilson JF, Lange LA, Wilson JG, Gudnason V, Harris TB, Morrison AC, Borecki IB, Rich SS, Padmanabhan S, Psaty BM, Rotter JI, Smith BH, Boerwinkle E, Cupples LA, van Duijn C.",NPJ Aging Mech Dis. 2015 Nov 12;1:15011. doi: 10.1038/npjamd.2015.11. eCollection 2015.,van Leeuwen EM,NPJ Aging Mech Dis,2015,2017-07-20,PMC5514988,,10.1038/npjamd.2015.11
26958288,Learning a Severity Score for Sepsis: A Novel Approach based on Clinical Comparisons,"Dyagilev K, Saria S.",AMIA Annu Symp Proc. 2015 Nov 5;2015:1890-8. eCollection 2015.,Dyagilev K,AMIA Annu Symp Proc,2015,2016-03-10,PMC4765650,,
26958157,"A Probabilistic Graphical Model for Individualizing Prognosis in Chronic, Complex Diseases","Schulam P, Saria S.",AMIA Annu Symp Proc. 2015 Nov 5;2015:143-4. eCollection 2015.,Schulam P,AMIA Annu Symp Proc,2015,2016-03-10,PMC4765693,,
26525146,Use and mis-use of supplementary material in science publications,"Pop M, Salzberg SL.",BMC Bioinformatics. 2015 Nov 3;16:237. doi: 10.1186/s12859-015-0668-z.,Pop M,BMC Bioinformatics,2015,2015-11-04,PMC4630891,,10.1186/s12859-015-0668-z
26523774,The pineapple genome and the evolution of CAM photosynthesis,"Ming R, VanBuren R, Wai CM, Tang H, Schatz MC, Bowers JE, Lyons E, Wang ML, Chen J, Biggers E, Zhang J, Huang L, Zhang L, Miao W, Zhang J, Ye Z, Miao C, Lin Z, Wang H, Zhou H, Yim WC, Priest HD, Zheng C, Woodhouse M, Edger PP, Guyot R, Guo HB, Guo H, Zheng G, Singh R, Sharma A, Min X, Zheng Y, Lee H, Gurtowski J, Sedlazeck FJ, Harkess A, McKain MR, Liao Z, Fang J, Liu J, Zhang X, Zhang Q, Hu W, Qin Y, Wang K, Chen LY, Shirley N, Lin YR, Liu LY, Hernandez AG, Wright CL, Bulone V, Tuskan GA, Heath K, Zee F, Moore PH, Sunkar R, Leebens-Mack JH, Mockler T, Bennetzen JL, Freeling M, Sankoff D, Paterson AH, Zhu X, Yang X, Smith JA, Cushman JC, Paull RE, Yu Q.",Nat Genet. 2015 Dec;47(12):1435-42. doi: 10.1038/ng.3435. Epub 2015 Nov 2.,Ming R,Nat Genet,2015,2015-11-03,PMC4867222,NIHMS784544,10.1038/ng.3435
26494581,Teaser: Individualized benchmarking and optimization of read mapping results for NGS data,"Smolka M, Rescheneder P, Schatz MC, von Haeseler A, Sedlazeck FJ.",Genome Biol. 2015 Oct 22;16:235. doi: 10.1186/s13059-015-0803-1.,Smolka M,Genome Biol,2015,2015-10-24,PMC4618857,,10.1186/s13059-015-0803-1
26491874,Evidence of Selection against Complex Mitotic-Origin Aneuploidy during Preimplantation Development,"McCoy RC, Demko ZP, Ryan A, Banjevic M, Hill M, Sigurjonsson S, Rabinowitz M, Petrov DA.",PLoS Genet. 2015 Oct 22;11(10):e1005601. doi: 10.1371/journal.pgen.1005601. eCollection 2015 Oct.,McCoy RC,PLoS Genet,2015,2015-10-23,PMC4619652,,10.1371/journal.pgen.1005601
26500767,Rcorrector: efficient and accurate error correction for Illumina RNA-seq reads,"Song L, Florea L.",Gigascience. 2015 Oct 19;4:48. doi: 10.1186/s13742-015-0089-y. eCollection 2015.,Song L,Gigascience,2015,2015-10-27,PMC4615873,,10.1186/s13742-015-0089-y
26480475,Tissue matrix arrays for high-throughput screening and systems analysis of cell function,"Beachley VZ, Wolf MT, Sadtler K, Manda SS, Jacobs H, Blatchley MR, Bader JS, Pandey A, Pardoll D, Elisseeff JH.",Nat Methods. 2015 Dec;12(12):1197-204. doi: 10.1038/nmeth.3619. Epub 2015 Oct 19.,Beachley VZ,Nat Methods,2015,2015-10-20,PMC4666781,NIHMS724507,10.1038/nmeth.3619
26465884,Identification of Predictive Cis-Regulatory Elements Using a Discriminative Objective Function and a Dynamic Search Space,"Karnik R, Beer MA.",PLoS One. 2015 Oct 14;10(10):e0140557. doi: 10.1371/journal.pone.0140557. eCollection 2015.,Karnik R,PLoS One,2015,2015-10-15,PMC4605740,,10.1371/journal.pone.0140557
26447147,"Oxford Nanopore sequencing, hybrid error correction, and de novo assembly of a eukaryotic genome","Goodwin S, Gurtowski J, Ethe-Sayers S, Deshpande P, Schatz MC, McCombie WR.",Genome Res. 2015 Nov;25(11):1750-6. doi: 10.1101/gr.191395.115. Epub 2015 Oct 7.,Goodwin S,Genome Res,2015,2015-10-09,PMC4617970,,10.1101/gr.191395.115
26436540,SubClonal Hierarchy Inference from Somatic Mutations: Automatic Reconstruction of Cancer Evolutionary Trees from Multi-region Next Generation Sequencing,"Niknafs N, Beleva-Guthrie V, Naiman DQ, Karchin R.",PLoS Comput Biol. 2015 Oct 5;11(10):e1004416. doi: 10.1371/journal.pcbi.1004416. eCollection 2015 Oct.,Niknafs N,PLoS Comput Biol,2015,2015-10-06,PMC4593588,,10.1371/journal.pcbi.1004416
27148456,Single molecule real-time sequencing of Xanthomonas oryzae genomes reveals a dynamic structure and complex TAL (transcription activator-like) effector gene relationships,"Booher NJ, Carpenter SCD, Sebra RP, Wang L, Salzberg SL, Leach JE, Bogdanove AJ.",Microb Genom. 2015 Oct;1(4):e000032. doi: 10.1099/mgen.0.000032.,Booher NJ,Microb Genom,2015,2016-05-06,PMC4853030,NIHMS781119,10.1099/mgen.0.000032
26430150,Biological data sciences in genome research,Schatz MC.,Genome Res. 2015 Oct;25(10):1417-22. doi: 10.1101/gr.191684.115.,Schatz MC,Genome Res,2015,2015-10-03,PMC4579325,,10.1101/gr.191684.115
26416732,The genomic landscape of response to EGFR blockade in colorectal cancer,"Bertotti A, Papp E, Jones S, Adleff V, Anagnostou V, Lupo B, Sausen M, Phallen J, Hruban CA, Tokheim C, Niknafs N, Nesselbush M, Lytle K, Sassi F, Cottino F, Migliardi G, Zanella ER, Ribero D, Russolillo N, Mellano A, Muratore A, Paraluppi G, Salizzoni M, Marsoni S, Kragh M, Lantto J, Cassingena A, Li QK, Karchin R, Scharpf R, Sartore-Bianchi A, Siena S, Diaz LA Jr, Trusolino L, Velculescu VE.",Nature. 2015 Oct 8;526(7572):263-7. doi: 10.1038/nature14969. Epub 2015 Sep 30.,Bertotti A,Nature,2015,2015-09-30,PMC4878148,NIHMS710492,10.1038/nature14969
26403281,Metassembler: merging and optimizing de novo genome assemblies,"Wences AH, Schatz MC.",Genome Biol. 2015 Sep 24;16:207. doi: 10.1186/s13059-015-0764-4.,Wences AH,Genome Biol,2015,2015-09-26,PMC4581417,,10.1186/s13059-015-0764-4
26392545,"Genome and transcriptome of the regeneration-competent flatworm, Macrostomum lignano","Wasik K, Gurtowski J, Zhou X, Ramos OM, Delás MJ, Battistoni G, El Demerdash O, Falciatori I, Vizoso DB, Smith AD, Ladurner P, Schärer L, McCombie WR, Hannon GJ, Schatz M.",Proc Natl Acad Sci U S A. 2015 Oct 6;112(40):12462-7. doi: 10.1073/pnas.1516718112. Epub 2015 Sep 21.,Wasik K,Proc Natl Acad Sci U S A,2015,2015-09-23,PMC4603488,,10.1073/pnas.1516718112
26392366,Bacterial infection remodels the DNA methylation landscape of human dendritic cells,"Pacis A, Tailleux L, Morin AM, Lambourne J, MacIsaac JL, Yotova V, Dumaine A, Danckaert A, Luca F, Grenier JC, Hansen KD, Gicquel B, Yu M, Pai A, He C, Tung J, Pastinen T, Kobor MS, Pique-Regi R, Gilad Y, Barreiro LB.",Genome Res. 2015 Dec;25(12):1801-11. doi: 10.1101/gr.192005.115. Epub 2015 Sep 21.,Pacis A,Genome Res,2015,2015-09-23,PMC4665002,,10.1101/gr.192005.115
26344043,Interactive analysis and assessment of single-cell copy-number variations,"Garvin T, Aboukhalil R, Kendall J, Baslan T, Atwal GS, Hicks J, Wigler M, Schatz MC.",Nat Methods. 2015 Nov;12(11):1058-60. doi: 10.1038/nmeth.3578. Epub 2015 Sep 7.,Garvin T,Nat Methods,2015,2015-09-08,PMC4775251,NIHMS715870,10.1038/nmeth.3578
26290535,Genome-wide annotation of microRNA primary transcript structures reveals novel regulatory mechanisms,"Chang TC, Pertea M, Lee S, Salzberg SL, Mendell JT.",Genome Res. 2015 Sep;25(9):1401-9. doi: 10.1101/gr.193607.115.,Chang TC,Genome Res,2015,2015-08-21,PMC4561498,,10.1101/gr.193607.115
26324937,NDRG1 links p53 with proliferation-mediated centrosome homeostasis and genome stability,"Croessmann S, Wong HY, Zabransky DJ, Chu D, Mendonca J, Sharma A, Mohseni M, Rosen DM, Scharpf RB, Cidado J, Cochran RL, Parsons HA, Dalton WB, Erlanger B, Button B, Cravero K, Kyker-Snowman K, Beaver JA, Kachhap S, Hurley PJ, Lauring J, Park BH.",Proc Natl Acad Sci U S A. 2015 Sep 15;112(37):11583-8. doi: 10.1073/pnas.1503683112. Epub 2015 Aug 31.,Croessmann S,Proc Natl Acad Sci U S A,2015,2015-09-02,PMC4577188,,10.1073/pnas.1503683112
26323280,Dual functions of Macpiwi1 in transposon silencing and stem cell maintenance in the flatworm Macrostomum lignano,"Zhou X, Battistoni G, El Demerdash O, Gurtowski J, Wunderer J, Falciatori I, Ladurner P, Schatz MC, Hannon GJ, Wasik KA.",RNA. 2015 Nov;21(11):1885-97. doi: 10.1261/rna.052456.115. Epub 2015 Aug 31.,Zhou X,RNA,2015,2015-09-02,PMC4604429,,10.1261/rna.052456.115
26316348,Reconstructing A/B compartments as revealed by Hi-C using long-range correlations in epigenetic data,"Fortin JP, Hansen KD.",Genome Biol. 2015 Aug 28;16(1):180. doi: 10.1186/s13059-015-0741-y.,Fortin JP,Genome Biol,2015,2015-08-29,PMC4574526,,10.1186/s13059-015-0741-y
26292216,Functional equivalence of an evolutionarily conserved RNA binding module,"Wells ML, Hicks SN, Perera L, Blackshear PJ.",J Biol Chem. 2015 Oct 2;290(40):24413-23. doi: 10.1074/jbc.M115.673012. Epub 2015 Aug 19.,Wells ML,J Biol Chem,2015,2015-08-21,PMC4591824,,10.1074/jbc.M115.673012
26246501,Proteins linked to autosomal dominant and autosomal recessive disorders harbor characteristic rare missense mutation distribution patterns,"Turner TN, Douville C, Kim D, Stenson PD, Cooper DN, Chakravarti A, Karchin R.",Hum Mol Genet. 2015 Nov 1;24(21):5995-6002. doi: 10.1093/hmg/ddv309. Epub 2015 Aug 5.,Turner TN,Hum Mol Genet,2015,2015-08-07,PMC6354780,,10.1093/hmg/ddv309
26253305,A combination of molecular markers and clinical features improve the classification of pancreatic cysts,"Springer S, Wang Y, Dal Molin M, Masica DL, Jiao Y, Kinde I, Blackford A, Raman SP, Wolfgang CL, Tomita T, Niknafs N, Douville C, Ptak J, Dobbyn L, Allen PJ, Klimstra DS, Schattner MA, Schmidt CM, Yip-Schneider M, Cummings OW, Brand RE, Zeh HJ, Singhi AD, Scarpa A, Salvia R, Malleo G, Zamboni G, Falconi M, Jang JY, Kim SW, Kwon W, Hong SM, Song KB, Kim SC, Swan N, Murphy J, Geoghegan J, Brugge W, Fernandez-Del Castillo C, Mino-Kenudson M, Schulick R, Edil BH, Adsay V, Paulino J, van Hooft J, Yachida S, Nara S, Hiraoka N, Yamao K, Hijioka S, van der Merwe S, Goggins M, Canto MI, Ahuja N, Hirose K, Makary M, Weiss MJ, Cameron J, Pittman M, Eshleman JR, Diaz LA Jr, Papadopoulos N, Kinzler KW, Karchin R, Hruban RH, Vogelstein B, Lennon AM.",Gastroenterology. 2015 Nov;149(6):1501-10. doi: 10.1053/j.gastro.2015.07.041. Epub 2015 Aug 4.,Springer S,Gastroenterology,2015,2015-08-09,PMC4782782,NIHMS713178,10.1053/j.gastro.2015.07.041
26238476,Spatiotemporal regulation of GLI target genes in the mammalian limb bud,"Lewandowski JP, Du F, Zhang S, Powell MB, Falkenstein KN, Ji H, Vokes SA.",Dev Biol. 2015 Oct 1;406(1):92-103. doi: 10.1016/j.ydbio.2015.07.022. Epub 2015 Jul 31.,Lewandowski JP,Dev Biol,2015,2015-08-05,PMC4587286,NIHMS714455,10.1016/j.ydbio.2015.07.022
26180042,HOXB7 Is an ERα Cofactor in the Activation of HER2 and Multiple ER Target Genes Leading to Endocrine Resistance,"Jin K, Park S, Teo WW, Korangath P, Cho SS, Yoshida T, Győrffy B, Goswami CP, Nakshatri H, Cruz LA, Zhou W, Ji H, Su Y, Ekram M, Wu Z, Zhu T, Polyak K, Sukumar S.",Cancer Discov. 2015 Sep;5(9):944-59. doi: 10.1158/2159-8290.CD-15-0090. Epub 2015 Jul 15.,Jin K,Cancer Discov,2015,2015-07-17,PMC4560624,NIHMS706808,10.1158/2159-8290.CD-15-0090
26998224,The Bioconductor channel in F1000Research,"Huber W, Carey V, Davis S, Hansen KD, Morgan M.",F1000Res. 2015 Jul 10;4:217. doi: 10.12688/f1000research.6758.2. eCollection 2015.,Huber W,F1000Res,2015,2016-05-03,PMC4786899,,10.12688/f1000research.6758.2
26157476,Viral non-coding RNA inhibits HNF4α expression in HCV associated hepatocellular carcinoma,"Wang Z, Ceniccola K, Florea L, Wang BD, Lee NH, Kumar A.",Infect Agent Cancer. 2015 Jul 8;10:19. doi: 10.1186/s13027-015-0014-0. eCollection 2015.,Wang Z,Infect Agent Cancer,2015,2015-07-10,PMC4495692,,10.1186/s13027-015-0014-0
26151137,Big Data: Astronomical or Genomical?,"Stephens ZD, Lee SY, Faghri F, Campbell RH, Zhai C, Efron MJ, Iyer R, Schatz MC, Sinha S, Robinson GE.",PLoS Biol. 2015 Jul 7;13(7):e1002195. doi: 10.1371/journal.pbio.1002195. eCollection 2015 Jul.,Stephens ZD,PLoS Biol,2015,2015-07-08,PMC4494865,,10.1371/journal.pbio.1002195
26309730,Re-analysis of metagenomic sequences from acute flaccid myelitis patients reveals alternatives to enterovirus D68 infection,"Breitwieser FP, Pardo CA, Salzberg SL.",F1000Res. 2015 Jul 2;4:180. doi: 10.12688/f1000research.6743.2. eCollection 2015.,Breitwieser FP,F1000Res,2015,2015-08-29,PMC4536609,,10.12688/f1000research.6743.2
26133981,Lesion-Specific Immune Response in Granulomas of Patients with Pulmonary Tuberculosis: A Pilot Study,"Subbian S, Tsenova L, Kim MJ, Wainwright HC, Visser A, Bandyopadhyay N, Bader JS, Karakousis PC, Murrmann GB, Bekker LG, Russell DG, Kaplan G.",PLoS One. 2015 Jul 2;10(7):e0132249. doi: 10.1371/journal.pone.0132249. eCollection 2015.,Subbian S,PLoS One,2015,2015-07-03,PMC4489805,,10.1371/journal.pone.0132249
26083032,QuorUM: An Error Corrector for Illumina Reads,"Marçais G, Yorke JA, Zimin A.",PLoS One. 2015 Jun 17;10(6):e0130821. doi: 10.1371/journal.pone.0130821. eCollection 2015.,Marçais G,PLoS One,2015,2015-06-18,PMC4471408,,10.1371/journal.pone.0130821
26084025,Artery Tertiary Lymphoid Organs Control Aorta Immunity and Protect against Atherosclerosis via Vascular Smooth Muscle Cell Lymphotoxin β Receptors,"Hu D, Mohanta SK, Yin C, Peng L, Ma Z, Srikakulapu P, Grassia G, MacRitchie N, Dever G, Gordon P, Burton FL, Ialenti A, Sabir SR, McInnes IB, Brewer JM, Garside P, Weber C, Lehmann T, Teupser D, Habenicht L, Beer M, Grabner R, Maffia P, Weih F, Habenicht AJ.",Immunity. 2015 Jun 16;42(6):1100-15. doi: 10.1016/j.immuni.2015.05.015.,Hu D,Immunity,2015,2015-06-18,PMC4678289,,10.1016/j.immuni.2015.05.015
26109048,Gata6 potently initiates reprograming of pluripotent and differentiated cells to extraembryonic endoderm stem cells,"Wamaitha SE, del Valle I, Cho LT, Wei Y, Fogarty NM, Blakeley P, Sherwood RI, Ji H, Niakan KK.",Genes Dev. 2015 Jun 15;29(12):1239-55. doi: 10.1101/gad.257071.114.,Wamaitha SE,Genes Dev,2015,2015-06-26,PMC4495396,,10.1101/gad.257071.114
26075791,A method to predict the impact of regulatory variants from DNA sequence,"Lee D, Gorkin DU, Baker M, Strober BJ, Asoni AL, McCallion AS, Beer MA.",Nat Genet. 2015 Aug;47(8):955-61. doi: 10.1038/ng.3331. Epub 2015 Jun 15.,Lee D,Nat Genet,2015,2015-06-16,PMC4520745,NIHMS689528,10.1038/ng.3331
26068909,A posteriori correction of camera characteristics from large image data sets,"Afanasyev P, Ravelli RB, Matadeen R, De Carlo S, van Duinen G, Alewijnse B, Peters PJ, Abrahams JP, Portugal RV, Schatz M, van Heel M.",Sci Rep. 2015 Jun 11;5:10317. doi: 10.1038/srep10317.,Afanasyev P,Sci Rep,2015,2015-06-13,PMC4464200,,10.1038/srep10317
26058837,"PADPIN: protein-protein interaction networks of angiogenesis, arteriogenesis, and inflammation in peripheral arterial disease","Chu LH, Vijay CG, Annex BH, Bader JS, Popel AS.",Physiol Genomics. 2015 Aug;47(8):331-43. doi: 10.1152/physiolgenomics.00125.2014. Epub 2015 Jun 9.,Chu LH,Physiol Genomics,2015,2015-06-11,PMC4525078,,10.1152/physiolgenomics.00125.2014
26040460,quantro: a data-driven approach to guide the choice of an appropriate normalization method,"Hicks SC, Irizarry RA.",Genome Biol. 2015 Jun 4;16(1):117. doi: 10.1186/s13059-015-0679-0.,Hicks SC,Genome Biol,2015,2015-06-05,PMC4495646,,10.1186/s13059-015-0679-0
25990515,A novel DNA sequence motif in human and mouse genomes,"Zhang S, Du F, Ji H.",Sci Rep. 2015 May 20;5:10444. doi: 10.1038/srep10444.,Zhang S,Sci Rep,2015,2015-05-21,PMC4438489,,10.1038/srep10444
25977371,Social evolution. Genomic signatures of evolutionary transitions from solitary to group living,"Kapheim KM, Pan H, Li C, Salzberg SL, Puiu D, Magoc T, Robertson HM, Hudson ME, Venkat A, Fischman BJ, Hernandez A, Yandell M, Ence D, Holt C, Yocum GD, Kemp WP, Bosch J, Waterhouse RM, Zdobnov EM, Stolle E, Kraus FB, Helbing S, Moritz RF, Glastad KM, Hunt BG, Goodisman MA, Hauser F, Grimmelikhuijzen CJ, Pinheiro DG, Nunes FM, Soares MP, Tanaka ÉD, Simões ZL, Hartfelder K, Evans JD, Barribeau SM, Johnson RM, Massey JH, Southey BR, Hasselmann M, Hamacher D, Biewer M, Kent CF, Zayed A, Blatti C 3rd, Sinha S, Johnston JS, Hanrahan SJ, Kocher SD, Wang J, Robinson GE, Zhang G.",Science. 2015 Jun 5;348(6239):1139-43. doi: 10.1126/science.aaa4788. Epub 2015 May 14.,Kapheim KM,Science,2015,2015-05-16,PMC5471836,NIHMS865418,10.1126/science.aaa4788
25970446,Sharing and Specificity of Co-expression Networks across 35 Human Tissues,"Pierson E; GTEx Consortium; Koller D, Battle A, Mostafavi S, Ardlie KG, Getz G, Wright FA, Kellis M, Volpi S, Dermitzakis ET.",PLoS Comput Biol. 2015 May 13;11(5):e1004220. doi: 10.1371/journal.pcbi.1004220. eCollection 2015 May.,Pierson E,PLoS Comput Biol,2015,2015-05-14,PMC4430528,,10.1371/journal.pcbi.1004220
25963331,Common genetic variation and schizophrenia polygenic risk influence neurocognitive performance in young adulthood,"Hatzimanolis A, Bhatnagar P, Moes A, Wang R, Roussos P, Bitsios P, Stefanis CN, Pulver AE, Arking DE, Smyrnis N, Stefanis NC, Avramopoulos D.",Am J Med Genet B Neuropsychiatr Genet. 2015 Jul;168B(5):392-401. doi: 10.1002/ajmg.b.32323. Epub 2015 May 12.,Hatzimanolis A,Am J Med Genet B Neuropsychiatr Genet,2015,2015-05-13,PMC5008149,,10.1002/ajmg.b.32323
25805167,Human genetics special issue on computational molecular medicine,"Karchin R, Cline MS.",Hum Genet. 2015 May;134(5):455-7. doi: 10.1007/s00439-015-1545-6.,Karchin R,Hum Genet,2015,2015-03-26,PMC4405483,NIHMS675200,10.1007/s00439-015-1545-6
25926345,Polyester: simulating RNA-seq datasets with differential transcript expression,"Frazee AC, Jaffe AE, Langmead B, Leek JT.",Bioinformatics. 2015 Sep 1;31(17):2778-84. doi: 10.1093/bioinformatics/btv272. Epub 2015 Apr 28.,Frazee AC,Bioinformatics,2015,2015-05-01,PMC4635655,,10.1093/bioinformatics/btv272
25908251,The genomes of two key bumblebee species with primitive eusocial organization,"Sadd BM, Barribeau SM, Bloch G, de Graaf DC, Dearden P, Elsik CG, Gadau J, Grimmelikhuijzen CJ, Hasselmann M, Lozier JD, Robertson HM, Smagghe G, Stolle E, Van Vaerenbergh M, Waterhouse RM, Bornberg-Bauer E, Klasberg S, Bennett AK, Câmara F, Guigó R, Hoff K, Mariotti M, Munoz-Torres M, Murphy T, Santesmasses D, Amdam GV, Beckers M, Beye M, Biewer M, Bitondi MM, Blaxter ML, Bourke AF, Brown MJ, Buechel SD, Cameron R, Cappelle K, Carolan JC, Christiaens O, Ciborowski KL, Clarke DF, Colgan TJ, Collins DH, Cridge AG, Dalmay T, Dreier S, du Plessis L, Duncan E, Erler S, Evans J, Falcon T, Flores K, Freitas FC, Fuchikawa T, Gempe T, Hartfelder K, Hauser F, Helbing S, Humann FC, Irvine F, Jermiin LS, Johnson CE, Johnson RM, Jones AK, Kadowaki T, Kidner JH, Koch V, Köhler A, Kraus FB, Lattorff HM, Leask M, Lockett GA, Mallon EB, Antonio DS, Marxer M, Meeus I, Moritz RF, Nair A, Näpflin K, Nissen I, Niu J, Nunes FM, Oakeshott JG, Osborne A, Otte M, Pinheiro DG, Rossié N, Rueppell O, Santos CG, Schmid-Hempel R, Schmitt BD, Schulte C, Simões ZL, Soares MP, Swevers L, Winnebeck EC, Wolschin F, Yu N, Zdobnov EM, Aqrawi PK, Blankenburg KP, et al.",Genome Biol. 2015 Apr 24;16(1):76. doi: 10.1186/s13059-015-0623-3.,Sadd BM,Genome Biol,2015,2015-04-25,PMC4414376,,10.1186/s13059-015-0623-3
25886480,Age and sun exposure-related widespread genomic blocks of hypomethylation in nonmalignant skin,"Vandiver AR, Irizarry RA, Hansen KD, Garza LA, Runarsson A, Li X, Chien AL, Wang TS, Leung SG, Kang S, Feinberg AP.",Genome Biol. 2015 Apr 16;16(1):80. doi: 10.1186/s13059-015-0644-y.,Vandiver AR,Genome Biol,2015,2015-04-18,PMC4423110,,10.1186/s13059-015-0644-y
25859044,Common variants spanning PLK4 are associated with mitotic-origin aneuploidy in human embryos,"McCoy RC, Demko Z, Ryan A, Banjevic M, Hill M, Sigurjonsson S, Rabinowitz M, Fraser HB, Petrov DA.",Science. 2015 Apr 10;348(6231):235-8. doi: 10.1126/science.aaa3337.,McCoy RC,Science,2015,2015-04-11,PMC5519344,NIHMS872125,10.1126/science.aaa3337
25784702,Deficiency of the novel exopolyphosphatase Rv1026/PPX2 leads to metabolic downshift and altered cell wall permeability in Mycobacterium tuberculosis,"Chuang YM, Bandyopadhyay N, Rifat D, Rubin H, Bader JS, Karakousis PC.",mBio. 2015 Mar 17;6(2):e02428. doi: 10.1128/mBio.02428-14.,Chuang YM,mBio,2015,2015-03-19,PMC4453511,,10.1128/mBio.02428-14
25776870,A genome-wide study of inherited deletions identified two regions associated with nonsyndromic isolated oral clefts,"Younkin SG, Scharpf RB, Schwender H, Parker MM, Scott AF, Marazita ML, Beaty TH, Ruczinski I.",Birth Defects Res A Clin Mol Teratol. 2015 Apr;103(4):276-83. doi: 10.1002/bdra.23362. Epub 2015 Mar 16.,Younkin SG,Birth Defects Res A Clin Mol Teratol,2015,2015-03-18,PMC4415613,NIHMS660875,10.1002/bdra.23362
25751142,HISAT: a fast spliced aligner with low memory requirements,"Kim D, Langmead B, Salzberg SL.",Nat Methods. 2015 Apr;12(4):357-60. doi: 10.1038/nmeth.3317. Epub 2015 Mar 9.,Kim D,Nat Methods,2015,2015-03-10,PMC4655817,NIHMS736708,10.1038/nmeth.3317
25780763,Arioc: high-throughput read alignment with GPU-accelerated exploration of the seed-and-extend search space,"Wilton R, Budavari T, Langmead B, Wheelan SJ, Salzberg SL, Szalay AS.",PeerJ. 2015 Mar 3;3:e808. doi: 10.7717/peerj.808. eCollection 2015.,Wilton R,PeerJ,2015,2015-03-18,PMC4358639,,10.7717/peerj.808
25748911,Ballgown bridges the gap between transcriptome assembly and expression analysis,"Frazee AC, Pertea G, Jaffe AE, Langmead B, Salzberg SL, Leek JT.",Nat Biotechnol. 2015 Mar;33(3):243-6. doi: 10.1038/nbt.3172.,Frazee AC,Nat Biotechnol,2015,2015-03-10,PMC4792117,NIHMS764978,10.1038/nbt.3172
26528484,Identification and functional studies of regulatory variants responsible for the association of NRG3 with a delusion phenotype in schizophrenia,"Zeledón M, Eckart N, Taub M, Vernon H, Szymanksi M, Wang R, Chen PL, Nestadt G, McGrath JA, Sawa A, Pulver AE, Avramopoulos D, Valle D.",Mol Neuropsychiatry. 2015 May;1(1):36-46. doi: 10.1159/000371518. Epub 2015 Feb 27.,Zeledón M,Mol Neuropsychiatry,2015,2015-11-04,PMC4627703,NIHMS650561,10.1159/000371518
25710614,Genome-wide association study identifies peanut allergy-specific loci and evidence of epigenetic mediation in US children,"Hong X, Hao K, Ladd-Acosta C, Hansen KD, Tsai HJ, Liu X, Xu X, Thornton TA, Caruso D, Keet CA, Sun Y, Wang G, Luo W, Kumar R, Fuleihan R, Singh AM, Kim JS, Story RE, Gupta RS, Gao P, Chen Z, Walker SO, Bartell TR, Beaty TH, Fallin MD, Schleimer R, Holt PG, Nadeau KC, Wood RA, Pongracic JA, Weeks DE, Wang X.",Nat Commun. 2015 Feb 24;6:6304. doi: 10.1038/ncomms7304.,Hong X,Nat Commun,2015,2015-02-25,PMC4340086,NIHMS656780,10.1038/ncomms7304
25704602,"Identification of functional variants for cleft lip with or without cleft palate in or near PAX7, FGFR2, and NOG by targeted sequencing of GWAS loci","Leslie EJ, Taub MA, Liu H, Steinberg KM, Koboldt DC, Zhang Q, Carlson JC, Hetmanski JB, Wang H, Larson DE, Fulton RS, Kousa YA, Fakhouri WD, Naji A, Ruczinski I, Begum F, Parker MM, Busch T, Standley J, Rigdon J, Hecht JT, Scott AF, Wehby GL, Christensen K, Czeizel AE, Deleyiannis FW, Schutte BC, Wilson RK, Cornell RA, Lidral AC, Weinstock GM, Beaty TH, Marazita ML, Murray JC.",Am J Hum Genet. 2015 Mar 5;96(3):397-411. doi: 10.1016/j.ajhg.2015.01.004. Epub 2015 Feb 19.,Leslie EJ,Am J Hum Genet,2015,2015-02-24,PMC4375420,,10.1016/j.ajhg.2015.01.004
25690850,StringTie enables improved reconstruction of a transcriptome from RNA-seq reads,"Pertea M, Pertea GM, Antonescu CM, Chang TC, Mendell JT, Salzberg SL.",Nat Biotechnol. 2015 Mar;33(3):290-5. doi: 10.1038/nbt.3122. Epub 2015 Feb 18.,Pertea M,Nat Biotechnol,2015,2015-02-19,PMC4643835,NIHMS736717,10.1038/nbt.3122
25691460,Evolutionary Action Score of TP53 Coding Variants Is Predictive of Platinum Response in Head and Neck Cancer Patients,"Osman AA, Neskey DM, Katsonis P, Patel AA, Ward AM, Hsu TK, Hicks SC, McDonald TO, Ow TJ, Alves MO, Pickering CR, Skinner HD, Zhao M, Sturgis EM, Kies MS, El-Naggar A, Perrone F, Licitra L, Bossi P, Kimmel M, Frederick MJ, Lichtarge O, Myers JN.",Cancer Res. 2015 Apr 1;75(7):1205-15. doi: 10.1158/0008-5472.CAN-14-2729. Epub 2015 Feb 17.,Osman AA,Cancer Res,2015,2015-02-19,PMC4615655,NIHMS727784,10.1158/0008-5472.CAN-14-2729
25879643,Symptoms and markers of symptom severity in asthma--content validity of the asthma symptom diary,"Globe G, Martin M, Schatz M, Wiklund I, Lin J, von Maltzahn R, Mattera MS.",Health Qual Life Outcomes. 2015 Feb 13;13:21. doi: 10.1186/s12955-015-0217-5.,Globe G,Health Qual Life Outcomes,2015,2015-04-17,PMC4336744,,10.1186/s12955-015-0217-5
25669430,EIF3G is associated with narcolepsy across ethnicities,"Holm A, Lin L, Faraco J, Mostafavi S, Battle A, Zhu X, Levinson DF, Han F, Gammeltoft S, Jennum P, Mignot E, Kornum BR.",Eur J Hum Genet. 2015 Nov;23(11):1573-80. doi: 10.1038/ejhg.2015.4. Epub 2015 Feb 11.,Holm A,Eur J Hum Genet,2015,2015-02-12,PMC4613472,,10.1038/ejhg.2015.4
25633503,Orchestrating high-throughput genomic analysis with Bioconductor,"Huber W, Carey VJ, Gentleman R, Anders S, Carlson M, Carvalho BS, Bravo HC, Davis S, Gatto L, Girke T, Gottardo R, Hahne F, Hansen KD, Irizarry RA, Lawrence M, Love MI, MacDonald J, Obenchain V, Oleś AK, Pagès H, Reyes A, Shannon P, Smyth GK, Tenenbaum D, Waldron L, Morgan M.",Nat Methods. 2015 Feb;12(2):115-21. doi: 10.1038/nmeth.3252.,Huber W,Nat Methods,2015,2015-01-31,PMC4509590,NIHMS661499,10.1038/nmeth.3252
25524641,Post-transcriptional regulation of transcript abundance by a conserved member of the tristetraprolin family in Candida albicans,"Wells ML, Washington OL, Hicks SN, Nobile CJ, Hartooni N, Wilson GM, Zucconi BE, Huang W, Li L, Fargo DC, Blackshear PJ.",Mol Microbiol. 2015 Mar;95(6):1036-53. doi: 10.1111/mmi.12913. Epub 2015 Jan 30.,Wells ML,Mol Microbiol,2015,2014-12-20,PMC4557868,NIHMS718791,10.1111/mmi.12913
25634208,Evolutionary Action Score of TP53 Identifies High-Risk Mutations Associated with Decreased Survival and Increased Distant Metastases in Head and Neck Cancer,"Neskey DM, Osman AA, Ow TJ, Katsonis P, McDonald T, Hicks SC, Hsu TK, Pickering CR, Ward A, Patel A, Yordy JS, Skinner HD, Giri U, Sano D, Story MD, Beadle BM, El-Naggar AK, Kies MS, William WN, Caulin C, Frederick M, Kimmel M, Myers JN, Lichtarge O.",Cancer Res. 2015 Apr 1;75(7):1527-36. doi: 10.1158/0008-5472.CAN-14-2735. Epub 2015 Jan 29.,Neskey DM,Cancer Res,2015,2015-01-31,PMC4383697,NIHMS658404,10.1158/0008-5472.CAN-14-2735
25633867,"Cleaved NOTCH1 Expression Pattern in Head and Neck Squamous Cell Carcinoma Is Associated with NOTCH1 Mutation, HPV Status, and High-Risk Features","Rettig EM, Chung CH, Bishop JA, Howard JD, Sharma R, Li RJ, Douville C, Karchin R, Izumchenko E, Sidransky D, Koch W, Califano J, Agrawal N, Fakhry C.",Cancer Prev Res (Phila). 2015 Apr;8(4):287-95. doi: 10.1158/1940-6207.CAPR-14-0366. Epub 2015 Jan 29.,Rettig EM,Cancer Prev Res (Phila),2015,2015-01-31,PMC4383699,NIHMS660775,10.1158/1940-6207.CAPR-14-0366
25674564,The challenge of small-scale repeats for indel discovery,"Narzisi G, Schatz MC.",Front Bioeng Biotechnol. 2015 Jan 26;3:8. doi: 10.3389/fbioe.2015.00008. eCollection 2015.,Narzisi G,Front Bioeng Biotechnol,2015,2015-02-13,PMC4306302,,10.3389/fbioe.2015.00008
25624482,Intrinsic biocontainment: multiplex genome safeguards combine transcriptional and recombinational control of essential yeast genes,"Cai Y, Agmon N, Choi WJ, Ubide A, Stracquadanio G, Caravelli K, Hao H, Bader JS, Boeke JD.",Proc Natl Acad Sci U S A. 2015 Feb 10;112(6):1803-8. doi: 10.1073/pnas.1424704112. Epub 2015 Jan 26.,Cai Y,Proc Natl Acad Sci U S A,2015,2015-01-28,PMC4330768,,10.1073/pnas.1424704112
25651527,Extending reference assembly models,"Church DM, Schneider VA, Steinberg KM, Schatz MC, Quinlan AR, Chin CS, Kitts PA, Aken B, Marth GT, Hoffman MM, Herrero J, Mendoza ML, Durbin R, Flicek P.",Genome Biol. 2015 Jan 24;16(1):13. doi: 10.1186/s13059-015-0587-3.,Church DM,Genome Biol,2015,2015-02-05,PMC4305238,,10.1186/s13059-015-0587-3
25600143,Beat-to-beat spatiotemporal variability in the T vector is associated with sudden cardiac death in participants without left ventricular hypertrophy: the Atherosclerosis Risk in Communities (ARIC) Study,"Waks JW, Soliman EZ, Henrikson CA, Sotoodehnia N, Han L, Agarwal SK, Arking DE, Siscovick DS, Solomon SD, Post WS, Josephson ME, Coresh J, Tereshchenko LG.",J Am Heart Assoc. 2015 Jan 19;4(1):e001357. doi: 10.1161/JAHA.114.001357.,Waks JW,J Am Heart Assoc,2015,2015-01-21,PMC4330061,,10.1161/JAHA.114.001357
25582907,Enhanced transcriptome maps from multiple mouse tissues reveal evolutionary constraint in gene expression,"Pervouchine DD, Djebali S, Breschi A, Davis CA, Barja PP, Dobin A, Tanzer A, Lagarde J, Zaleski C, See LH, Fastuca M, Drenkow J, Wang H, Bussotti G, Pei B, Balasubramanian S, Monlong J, Harmanci A, Gerstein M, Beer MA, Notredame C, Guigó R, Gingeras TR.",Nat Commun. 2015 Jan 13;6:5903. doi: 10.1038/ncomms6903.,Pervouchine DD,Nat Commun,2015,2015-01-14,PMC4308717,,10.1038/ncomms6903
25561180,Broad CTL response is required to clear latent HIV-1 due to dominance of escape mutations,"Deng K, Pertea M, Rongvaux A, Wang L, Durand CM, Ghiaur G, Lai J, McHugh HL, Hao H, Zhang H, Margolick JB, Gurer C, Murphy AJ, Valenzuela DM, Yancopoulos GD, Deeks SG, Strowig T, Kumar P, Siliciano JD, Salzberg SL, Flavell RA, Shan L, Siliciano RF.",Nature. 2015 Jan 15;517(7534):381-5. doi: 10.1038/nature14053. Epub 2015 Jan 7.,Deng K,Nature,2015,2015-01-07,PMC4406054,NIHMS642156,10.1038/nature14053
25657249,Genomic variation. Impact of regulatory variation from RNA to protein,"Battle A, Khan Z, Wang SH, Mitrano A, Ford MJ, Pritchard JK, Gilad Y.",Science. 2015 Feb 6;347(6222):664-7. doi: 10.1126/science.1260793. Epub 2014 Dec 18.,Battle A,Science,2015,2015-02-07,PMC4507520,NIHMS706680,10.1126/science.1260793
25489051,Missense variants in CFTR nucleotide-binding domains predict quantitative phenotypes associated with cystic fibrosis disease severity,"Masica DL, Sosnay PR, Raraigh KS, Cutting GR, Karchin R.",Hum Mol Genet. 2015 Apr 1;24(7):1908-17. doi: 10.1093/hmg/ddu607. Epub 2014 Dec 8.,Masica DL,Hum Mol Genet,2015,2014-12-10,PMC4366609,,10.1093/hmg/ddu607
25471480,Association of mitochondrial DNA levels with frailty and all-cause mortality,"Ashar FN, Moes A, Moore AZ, Grove ML, Chaves PHM, Coresh J, Newman AB, Matteini AM, Bandeen-Roche K, Boerwinkle E, Walston JD, Arking DE.",J Mol Med (Berl). 2015 Feb;93(2):177-186. doi: 10.1007/s00109-014-1233-3. Epub 2014 Dec 4.,Ashar FN,J Mol Med (Berl),2015,2014-12-05,PMC4319988,NIHMS646640,10.1007/s00109-014-1233-3
25362363,Coverage recommendations for methylation analysis by whole-genome bisulfite sequencing,"Ziller MJ, Hansen KD, Meissner A, Aryee MJ.","Nat Methods. 2015 Mar;12(3):230-2, 1 p following 232. doi: 10.1038/nmeth.3152. Epub 2014 Nov 2.",Ziller MJ,Nat Methods,2015,2014-11-03,PMC4344394,NIHMS634114,10.1038/nmeth.3152
26097795,Effects of Ketoconazole on the Pharmacokinetics of Lenvatinib (E7080) in Healthy Participants,"Shumaker R, Aluri J, Fan J, Martinez G, Thompson GA, Ren M.",Clin Pharmacol Drug Dev. 2015 Mar;4(2):155-160. doi: 10.1002/cpdd.140. Epub 2014 Aug 28.,Shumaker R,Clin Pharmacol Drug Dev,2015,2015-06-23,PMC4467237,,10.1002/cpdd.140
25143368,Joint analysis of differential gene expression in multiple studies using correlation motifs,"Wei Y, Tenzen T, Ji H.",Biostatistics. 2015 Jan;16(1):31-46. doi: 10.1093/biostatistics/kxu038. Epub 2014 Aug 19.,Wei Y,Biostatistics,2015,2014-08-22,PMC4263229,,10.1093/biostatistics/kxu038
25108461,Predicting survival in head and neck squamous cell carcinoma from TP53 mutation,"Masica DL, Li S, Douville C, Manola J, Ferris RL, Burtness B, Forastiere AA, Koch WM, Chung CH, Karchin R.",Hum Genet. 2015 May;134(5):497-507. doi: 10.1007/s00439-014-1470-0. Epub 2014 Aug 10.,Masica DL,Hum Genet,2015,2014-08-11,PMC4324386,NIHMS659004,10.1007/s00439-014-1470-0
25543667,Genetic diversity is a predictor of mortality in humans,"Bihlmeyer NA, Brody JA, Smith AV, Lunetta KL, Nalls M, Smith JA, Tanaka T, Davies G, Yu L, Mirza SS, Teumer A, Coresh J, Pankow JS, Franceschini N, Scaria A, Oshima J, Psaty BM, Gudnason V, Eiriksdottir G, Harris TB, Li H, Karasik D, Kiel DP, Garcia M, Liu Y, Faul JD, Kardia SL, Zhao W, Ferrucci L, Allerhand M, Liewald DC, Redmond P, Starr JM, De Jager PL, Evans DA, Direk N, Ikram MA, Uitterlinden A, Homuth G, Lorbeer R, Grabe HJ, Launer L, Murabito JM, Singleton AB, Weir DR, Bandinelli S, Deary IJ, Bennett DA, Tiemeier H, Kocher T, Lumley T, Arking DE.",BMC Genet. 2014 Dec 29;15:159. doi: 10.1186/s12863-014-0159-7.,Bihlmeyer NA,BMC Genet,2014,2014-12-30,PMC4301661,,10.1186/s12863-014-0159-7
25510865,Transposable element islands facilitate adaptation to novel environments in an invasive species,"Schrader L, Kim JW, Ence D, Zimin A, Klein A, Wyschetzki K, Weichselgartner T, Kemena C, Stökl J, Schultner E, Wurm Y, Smith CD, Yandell M, Heinze J, Gadau J, Oettler J.",Nat Commun. 2014 Dec 16;5:5495. doi: 10.1038/ncomms6495.,Schrader L,Nat Commun,2014,2014-12-17,PMC4284661,,10.1038/ncomms6495
25494366,Transcriptome analysis reveals dysregulation of innate immune response genes and neuronal activity-dependent genes in autism,"Gupta S, Ellis SE, Ashar FN, Moes A, Bader JS, Zhan J, West AB, Arking DE.",Nat Commun. 2014 Dec 10;5:5748. doi: 10.1038/ncomms6748.,Gupta S,Nat Commun,2014,2014-12-11,PMC4270294,NIHMS640094,10.1038/ncomms6748
25490447,Locally disordered methylation forms the basis of intratumor methylome variation in chronic lymphocytic leukemia,"Landau DA, Clement K, Ziller MJ, Boyle P, Fan J, Gu H, Stevenson K, Sougnez C, Wang L, Li S, Kotliar D, Zhang W, Ghandi M, Garraway L, Fernandes SM, Livak KJ, Gabriel S, Gnirke A, Lander ES, Brown JR, Neuberg D, Kharchenko PV, Hacohen N, Getz G, Meissner A, Wu CJ.",Cancer Cell. 2014 Dec 8;26(6):813-825. doi: 10.1016/j.ccell.2014.10.012.,Landau DA,Cancer Cell,2014,2014-12-10,PMC4302418,NIHMS638987,10.1016/j.ccell.2014.10.012
25599564,Functional normalization of 450k methylation array data improves replication in large cancer studies,"Fortin JP, Labbe A, Lemire M, Zanke BW, Hudson TJ, Fertig EJ, Greenwood CM, Hansen KD.",Genome Biol. 2014 Dec 3;15(12):503. doi: 10.1186/s13059-014-0503-2.,Fortin JP,Genome Biol,2014,2015-01-20,PMC4283580,,10.1186/s13059-014-0503-2
25416036,Electrocardiographic deep terminal negativity of the P wave in V(1) and risk of sudden cardiac death: the Atherosclerosis Risk in Communities (ARIC) study,"Tereshchenko LG, Henrikson CA, Sotoodehnia N, Arking DE, Agarwal SK, Siscovick DS, Post WS, Solomon SD, Coresh J, Josephson ME, Soliman EZ.",J Am Heart Assoc. 2014 Nov 21;3(6):e001387. doi: 10.1161/JAHA.114.001387.,Tereshchenko LG,J Am Heart Assoc,2014,2014-11-23,PMC4338733,,10.1161/JAHA.114.001387
25426337,Unexpected cross-species contamination in genome sequencing projects,"Merchant S, Wood DE, Salzberg SL.",PeerJ. 2014 Nov 20;2:e675. doi: 10.7717/peerj.675. eCollection 2014.,Merchant S,PeerJ,2014,2014-11-27,PMC4243333,,10.7717/peerj.675
25413365,Comparison of the transcriptional landscapes between human and mouse tissues,"Lin S, Lin Y, Nery JR, Urich MA, Breschi A, Davis CA, Dobin A, Zaleski C, Beer MA, Chapman WC, Gingeras TR, Ecker JR, Snyder MP.",Proc Natl Acad Sci U S A. 2014 Dec 2;111(48):17224-9. doi: 10.1073/pnas.1413624111. Epub 2014 Nov 20.,Lin S,Proc Natl Acad Sci U S A,2014,2014-11-22,PMC4260565,,10.1073/pnas.1413624111
25409824,A comparative encyclopedia of DNA elements in the mouse genome,"Yue F, Cheng Y, Breschi A, Vierstra J, Wu W, Ryba T, Sandstrom R, Ma Z, Davis C, Pope BD, Shen Y, Pervouchine DD, Djebali S, Thurman RE, Kaul R, Rynes E, Kirilusha A, Marinov GK, Williams BA, Trout D, Amrhein H, Fisher-Aylor K, Antoshechkin I, DeSalvo G, See LH, Fastuca M, Drenkow J, Zaleski C, Dobin A, Prieto P, Lagarde J, Bussotti G, Tanzer A, Denas O, Li K, Bender MA, Zhang M, Byron R, Groudine MT, McCleary D, Pham L, Ye Z, Kuan S, Edsall L, Wu YC, Rasmussen MD, Bansal MS, Kellis M, Keller CA, Morrissey CS, Mishra T, Jain D, Dogan N, Harris RS, Cayting P, Kawli T, Boyle AP, Euskirchen G, Kundaje A, Lin S, Lin Y, Jansen C, Malladi VS, Cline MS, Erickson DT, Kirkup VM, Learned K, Sloan CA, Rosenbloom KR, Lacerda de Sousa B, Beal K, Pignatelli M, Flicek P, Lian J, Kahveci T, Lee D, Kent WJ, Ramalho Santos M, Herrero J, Notredame C, Johnson A, Vong S, Lee K, Bates D, Neri F, Diegel M, Canfield T, Sabo PJ, Wilken MS, Reh TA, Giste E, Shafer A, Kutyavin T, Haugen E, Dunn D, Reynolds AP, Neph S, Humbert R, Hansen RS, De Bruijn M, et al.",Nature. 2014 Nov 20;515(7527):355-64. doi: 10.1038/nature13992.,Yue F,Nature,2014,2014-11-21,PMC4266106,NIHMS638072,10.1038/nature13992
25398610,SplitMEM: a graphical algorithm for pan-genome analysis with suffix skips,"Marcus S, Lee H, Schatz MC.",Bioinformatics. 2014 Dec 15;30(24):3476-83. doi: 10.1093/bioinformatics/btu756. Epub 2014 Nov 13.,Marcus S,Bioinformatics,2014,2014-11-16,PMC4253837,,10.1093/bioinformatics/btu756
25363768,The contribution of de novo coding mutations to autism spectrum disorder,"Iossifov I, O'Roak BJ, Sanders SJ, Ronemus M, Krumm N, Levy D, Stessman HA, Witherspoon KT, Vives L, Patterson KE, Smith JD, Paeper B, Nickerson DA, Dea J, Dong S, Gonzalez LE, Mandell JD, Mane SM, Murtha MT, Sullivan CA, Walker MF, Waqar Z, Wei L, Willsey AJ, Yamrom B, Lee YH, Grabowska E, Dalkic E, Wang Z, Marks S, Andrews P, Leotta A, Kendall J, Hakker I, Rosenbaum J, Ma B, Rodgers L, Troge J, Narzisi G, Yoon S, Schatz MC, Ye K, McCombie WR, Shendure J, Eichler EE, State MW, Wigler M.",Nature. 2014 Nov 13;515(7526):216-21. doi: 10.1038/nature13908. Epub 2014 Oct 29.,Iossifov I,Nature,2014,2014-11-04,PMC4313871,NIHMS659757,10.1038/nature13908
25426171,Reducing INDEL calling errors in whole genome and exome sequencing data,"Fang H, Wu Y, Narzisi G, O'Rawe JA, Barrón LT, Rosenbaum J, Ronemus M, Iossifov I, Schatz MC, Lyon GJ.",Genome Med. 2014 Oct 28;6(10):89. doi: 10.1186/s13073-014-0089-z. eCollection 2014.,Fang H,Genome Med,2014,2014-11-27,PMC4240813,,10.1186/s13073-014-0089-z
25329517,Angiogenesis interactome and time course microarray data reveal the distinct activation patterns in endothelial cells,"Chu LH, Lee E, Bader JS, Popel AS.",PLoS One. 2014 Oct 16;9(10):e110871. doi: 10.1371/journal.pone.0110871. eCollection 2014.,Chu LH,PLoS One,2014,2014-10-21,PMC4199761,,10.1371/journal.pone.0110871
25319996,Divergent functions of hematopoietic transcription factors in lineage priming and differentiation during erythro-megakaryopoiesis,"Pimkin M, Kossenkov AV, Mishra T, Morrissey CS, Wu W, Keller CA, Blobel GA, Lee D, Beer MA, Hardison RC, Weiss MJ.",Genome Res. 2014 Dec;24(12):1932-44. doi: 10.1101/gr.164178.113. Epub 2014 Oct 15.,Pimkin M,Genome Res,2014,2014-10-17,PMC4248311,,10.1101/gr.164178.113
25319552,A new rhesus macaque assembly and annotation for next-generation sequencing analyses,"Zimin AV, Cornish AS, Maudhoo MD, Gibbs RM, Zhang X, Pandey S, Meehan DT, Wipfler K, Bosinger SE, Johnson ZP, Tharp GK, Marçais G, Roberts M, Ferguson B, Fox HS, Treangen T, Salzberg SL, Yorke JA, Norgren RB Jr.",Biol Direct. 2014 Oct 14;9(1):20. doi: 10.1186/1745-6150-9-20.,Zimin AV,Biol Direct,2014,2014-10-17,PMC4214606,,10.1186/1745-6150-9-20
25288800,Kruppel-like factor-9 (KLF9) inhibits glioblastoma stemness through global transcription repression and integrin α6 inhibition,"Ying M, Tilghman J, Wei Y, Guerrero-Cazares H, Quinones-Hinojosa A, Ji H, Laterra J.",J Biol Chem. 2014 Nov 21;289(47):32742-56. doi: 10.1074/jbc.M114.588988. Epub 2014 Oct 6.,Ying M,J Biol Chem,2014,2014-10-08,PMC4239625,,10.1074/jbc.M114.588988
25273096,Histone deacetylase inhibition rescues structural and functional brain deficits in a mouse model of Kabuki syndrome,"Bjornsson HT, Benjamin JS, Zhang L, Weissman J, Gerber EE, Chen YC, Vaurio RG, Potter MC, Hansen KD, Dietz HC.",Sci Transl Med. 2014 Oct 1;6(256):256ra135. doi: 10.1126/scitranslmed.3009278.,Bjornsson HT,Sci Transl Med,2014,2014-10-03,PMC4406328,NIHMS616530,10.1126/scitranslmed.3009278
25251678,High-resolution transcriptome analysis with long-read RNA sequencing,"Cho H, Davis J, Li X, Smith KS, Battle A, Montgomery SB.",PLoS One. 2014 Sep 24;9(9):e108095. doi: 10.1371/journal.pone.0108095. eCollection 2014.,Cho H,PLoS One,2014,2014-09-25,PMC4176000,,10.1371/journal.pone.0108095
25066652,Experimental assessment of splicing variants using expression minigenes and comparison with in silico predictions,"Sharma N, Sosnay PR, Ramalho AS, Douville C, Franca A, Gottschalk LB, Park J, Lee M, Vecchio-Pagan B, Raraigh KS, Amaral MD, Karchin R, Cutting GR.",Hum Mutat. 2014 Oct;35(10):1249-59. doi: 10.1002/humu.22624. Epub 2014 Sep 10.,Sharma N,Hum Mutat,2014,2014-07-29,PMC4425124,NIHMS659045,10.1002/humu.22624
25189940,The Glanville fritillary genome retains an ancient karyotype and reveals selective chromosomal fusions in Lepidoptera,"Ahola V, Lehtonen R, Somervuo P, Salmela L, Koskinen P, Rastas P, Välimäki N, Paulin L, Kvist J, Wahlberg N, Tanskanen J, Hornett EA, Ferguson LC, Luo S, Cao Z, de Jong MA, Duplouy A, Smolander OP, Vogel H, McCoy RC, Qian K, Chong WS, Zhang Q, Ahmad F, Haukka JK, Joshi A, Salojärvi J, Wheat CW, Grosse-Wilde E, Hughes D, Katainen R, Pitkänen E, Ylinen J, Waterhouse RM, Turunen M, Vähärautio A, Ojanen SP, Schulman AH, Taipale M, Lawson D, Ukkonen E, Mäkinen V, Goldsmith MR, Holm L, Auvinen P, Frilander MJ, Hanski I.",Nat Commun. 2014 Sep 5;5:4737. doi: 10.1038/ncomms5737.,Ahola V,Nat Commun,2014,2014-09-06,PMC4164777,EMS59677,10.1038/ncomms5737
25192044,Transcriptome sequencing of a large human family identifies the impact of rare noncoding variants,"Li X, Battle A, Karczewski KJ, Zappala Z, Knowles DA, Smith KS, Kukurba KR, Wu E, Simon N, Montgomery SB.",Am J Hum Genet. 2014 Sep 4;95(3):245-56. doi: 10.1016/j.ajhg.2014.08.004.,Li X,Am J Hum Genet,2014,2014-09-06,PMC4157143,,10.1016/j.ajhg.2014.08.004
25188499,"Illumina TruSeq synthetic long-reads empower de novo assembly and resolve complex, highly-repetitive transposable elements","McCoy RC, Taylor RW, Blauwkamp TA, Kelley JL, Kertesz M, Pushkarev D, Petrov DA, Fiston-Lavier AS.",PLoS One. 2014 Sep 4;9(9):e106689. doi: 10.1371/journal.pone.0106689. eCollection 2014.,McCoy RC,PLoS One,2014,2014-09-05,PMC4154752,,10.1371/journal.pone.0106689
25188385,A probabilistic model to predict clinical phenotypic traits from genome sequencing,"Chen YC, Douville C, Wang C, Niknafs N, Yeo G, Beleva-Guthrie V, Carter H, Stenson PD, Cooper DN, Li B, Mooney S, Karchin R.",PLoS Comput Biol. 2014 Sep 4;10(9):e1003825. doi: 10.1371/journal.pcbi.1003825. eCollection 2014 Sep.,Chen YC,PLoS Comput Biol,2014,2014-09-05,PMC4154636,,10.1371/journal.pcbi.1003825
25022720,Effect of rifampicin on the pharmacokinetics of lenvatinib in healthy adults,"Shumaker RC, Aluri J, Fan J, Martinez G, Thompson GA, Ren M.",Clin Drug Investig. 2014 Sep;34(9):651-9. doi: 10.1007/s40261-014-0217-y.,Shumaker RC,Clin Drug Investig,2014,2014-07-16,PMC4143598,,10.1007/s40261-014-0217-y
25173176,High-temporal-resolution view of transcription and chromatin states across distinct metabolic states in budding yeast,"Kuang Z, Cai L, Zhang X, Ji H, Tu BP, Boeke JD.",Nat Struct Mol Biol. 2014 Oct;21(10):854-63. doi: 10.1038/nsmb.2881. Epub 2014 Aug 31.,Kuang Z,Nat Struct Mol Biol,2014,2014-09-01,PMC4190017,NIHMS619135,10.1038/nsmb.2881
25191524,Large hypomethylated blocks as a universal defining epigenetic alteration in human solid tumors,"Timp W, Bravo HC, McDonald OG, Goggins M, Umbricht C, Zeiger M, Feinberg AP, Irizarry RA.",Genome Med. 2014 Aug 26;6(8):61. doi: 10.1186/s13073-014-0061-y. eCollection 2014.,Timp W,Genome Med,2014,2014-09-06,PMC4154522,,10.1186/s13073-014-0061-y
25065297,A common SCN5A variant is associated with PR interval and atrial fibrillation among African Americans,"Ilkhanoff L, Arking DE, Lemaitre RN, Alonso A, Chen LY, Durda P, Hesselson SE, Kerr KF, Magnani JW, Marcus GM, Schnabel RB, Smith JG, Soliman EZ, Reiner AP, Sotoodehnia N; Candidate-Gene Association Resource (CARE) Consortium and the Cardiac Arrest Blood Study (CABS) Investigators.",J Cardiovasc Electrophysiol. 2014 Nov;25(11):1150-7. doi: 10.1111/jce.12483. Epub 2014 Aug 25.,Ilkhanoff L,J Cardiovasc Electrophysiol,2014,2014-07-29,PMC4454499,NIHMS614059,10.1111/jce.12483
25245413,Risk factors for atrial fibrillation in patients with normal versus dilated left atrium (from the Atherosclerosis Risk in Communities Study),"Qureshi W, Soliman EZ, Solomon SD, Alonso A, Arking DE, Shah A, Gupta DK, Wagenknecht LE, Herrington D.",Am J Cardiol. 2014 Nov 1;114(9):1368-72. doi: 10.1016/j.amjcard.2014.07.073. Epub 2014 Aug 18.,Qureshi W,Am J Cardiol,2014,2014-09-24,PMC4195803,NIHMS624010,10.1016/j.amjcard.2014.07.073
25128977,Accurate de novo and transmitted indel detection in exome-capture data using microassembly,"Narzisi G, O'Rawe JA, Iossifov I, Fang H, Lee YH, Wang Z, Wu Y, Lyon GJ, Wigler M, Schatz MC.",Nat Methods. 2014 Oct;11(10):1033-6. doi: 10.1038/nmeth.3069. Epub 2014 Aug 17.,Narzisi G,Nat Methods,2014,2014-08-18,PMC4180789,NIHMS616752,10.1038/nmeth.3069
25123830,Analytic power and sample size calculation for the genotypic transmission/disequilibrium test in case-parent trio studies,"Neumann C, Taub MA, Younkin SG, Beaty TH, Ruczinski I, Schwender H.",Biom J. 2014 Nov;56(6):1076-92. doi: 10.1002/bimj.201300148. Epub 2014 Aug 14.,Neumann C,Biom J,2014,2014-08-16,PMC4206700,NIHMS633811,10.1002/bimj.201300148
25078964,Novel approach identifies SNPs in SLC2A10 and KCNK9 with evidence for parent-of-origin effect on body mass index,"Hoggart CJ, Venturini G, Mangino M, Gomez F, Ascari G, Zhao JH, Teumer A, Winkler TW, Tšernikova N, Luan J, Mihailov E, Ehret GB, Zhang W, Lamparter D, Esko T, Macé A, Rüeger S, Bochud PY, Barcella M, Dauvilliers Y, Benyamin B, Evans DM, Hayward C, Lopez MF, Franke L, Russo A, Heid IM, Salvi E, Vendantam S, Arking DE, Boerwinkle E, Chambers JC, Fiorito G, Grallert H, Guarrera S, Homuth G, Huffman JE, Porteous D; Generation Scotland Consortium; LifeLines Cohort study; GIANT Consortium; Moradpour D, Iranzo A, Hebebrand J, Kemp JP, Lammers GJ, Aubert V, Heim MH, Martin NG, Montgomery GW, Peraita-Adrados R, Santamaria J, Negro F, Schmidt CO, Scott RA, Spector TD, Strauch K, Völzke H, Wareham NJ, Yuan W, Bell JT, Chakravarti A, Kooner JS, Peters A, Matullo G, Wallaschofski H, Whitfield JB, Paccaud F, Vollenweider P, Bergmann S, Beckmann JS, Tafti M, Hastie ND, Cusi D, Bochud M, Frayling TM, Metspalu A, Jarvelin MR, Scherag A, Smith GD, Borecki IB, Rousson V, Hirschhorn JN, Rivolta C, Loos RJ, Kutalik Z.",PLoS Genet. 2014 Jul 31;10(7):e1004508. doi: 10.1371/journal.pgen.1004508. eCollection 2014 Jul.,Hoggart CJ,PLoS Genet,2014,2014-08-01,PMC4117451,,10.1371/journal.pgen.1004508
24497320,Human bile contains microRNA-laden extracellular vesicles that can be used for cholangiocarcinoma diagnosis,"Li L, Masica D, Ishida M, Tomuleasa C, Umegaki S, Kalloo AN, Georgiades C, Singh VK, Khashab M, Amateau S, Li Z, Okolo P, Lennon AM, Saxena P, Geschwind JF, Schlachter T, Hong K, Pawlik TM, Canto M, Law J, Sharaiha R, Weiss CR, Thuluvath P, Goggins M, Shin EJ, Peng H, Kumbhari V, Hutfless S, Zhou L, Mezey E, Meltzer SJ, Karchin R, Selaru FM.",Hepatology. 2014 Sep;60(3):896-907. doi: 10.1002/hep.27050. Epub 2014 Jul 25.,Li L,Hepatology,2014,2014-02-06,PMC4121391,NIHMS571211,10.1002/hep.27050
25048299,Detecting disease variants in case-parent trio studies using the bioconductor software package trio,"Schwender H, Li Q, Neumann C, Taub MA, Younkin SG, Berger P, Scharpf RB, Beaty TH, Ruczinski I.",Genet Epidemiol. 2014 Sep;38(6):516-22. doi: 10.1002/gepi.21836. Epub 2014 Jul 21.,Schwender H,Genet Epidemiol,2014,2014-07-23,PMC4139708,NIHMS614685,10.1002/gepi.21836
25075209,Loss of nuclear PTEN in HCV-infected human hepatocytes,"Bao W, Florea L, Wu N, Wang Z, Banaudha K, Qian J, Houzet L, Kumar R, Kumar A.",Infect Agent Cancer. 2014 Jul 18;9:23. doi: 10.1186/1750-9378-9-23. eCollection 2014.,Bao W,Infect Agent Cancer,2014,2014-07-31,PMC4114100,,10.1186/1750-9378-9-23
25033408,Enhanced regulatory sequence prediction using gapped k-mer features,"Ghandi M, Lee D, Mohammad-Noori M, Beer MA.",PLoS Comput Biol. 2014 Jul 17;10(7):e1003711. doi: 10.1371/journal.pcbi.1003711. eCollection 2014 Jul.,Ghandi M,PLoS Comput Biol,2014,2014-07-18,PMC4102394,,10.1371/journal.pcbi.1003711
25007794,Copy number polymorphisms near SLC2A9 are associated with serum uric acid concentrations,"Scharpf RB, Mireles L, Yang Q, Köttgen A, Ruczinski I, Susztak K, Halper-Stromberg E, Tin A, Cristiano S, Chakravarti A, Boerwinkle E, Fox CS, Coresh J, Linda Kao WH.",BMC Genet. 2014 Jul 9;15:81. doi: 10.1186/1471-2156-15-81.,Scharpf RB,BMC Genet,2014,2014-07-11,PMC4118309,,10.1186/1471-2156-15-81
25061512,High-coverage sequencing and annotated assemblies of the budgerigar genome,"Ganapathy G, Howard JT, Ward JM, Li J, Li B, Li Y, Xiong Y, Zhang Y, Zhou S, Schwartz DC, Schatz M, Aboukhalil R, Fedrigo O, Bukovnik L, Wang T, Wray G, Rasolonjatovo I, Winer R, Knight JR, Koren S, Warren WC, Zhang G, Phillippy AM, Jarvis ED.",Gigascience. 2014 Jul 8;3:11. doi: 10.1186/2047-217X-3-11. eCollection 2014.,Ganapathy G,Gigascience,2014,2014-07-26,PMC4109783,,10.1186/2047-217X-3-11
,Corrigendum: Differential expression analysis of RNA-seq data at single-base resolution,"Frazee AC, Hansen KD, Leek JT, Sabunciyan S, Irizarry RA.",Biostatistics. 2014 Jul;15(3):584-5. doi: 10.1093/biostatistics/kxu022.,Frazee ACSabunciyan SIrizarry RA,Biostatistics,2014,,PMC4059467,,10.1093/biostatistics/kxu022
24952745,Genetic association study of QT interval highlights role for calcium signaling pathways in myocardial repolarization,"Arking DE, Pulit SL, Crotti L, van der Harst P, Munroe PB, Koopmann TT, Sotoodehnia N, Rossin EJ, Morley M, Wang X, Johnson AD, Lundby A, Gudbjartsson DF, Noseworthy PA, Eijgelsheim M, Bradford Y, Tarasov KV, Dörr M, Müller-Nurasyid M, Lahtinen AM, Nolte IM, Smith AV, Bis JC, Isaacs A, Newhouse SJ, Evans DS, Post WS, Waggott D, Lyytikäinen LP, Hicks AA, Eisele L, Ellinghaus D, Hayward C, Navarro P, Ulivi S, Tanaka T, Tester DJ, Chatel S, Gustafsson S, Kumari M, Morris RW, Naluai ÅT, Padmanabhan S, Kluttig A, Strohmer B, Panayiotou AG, Torres M, Knoflach M, Hubacek JA, Slowikowski K, Raychaudhuri S, Kumar RD, Harris TB, Launer LJ, Shuldiner AR, Alonso A, Bader JS, Ehret G, Huang H, Kao WH, Strait JB, Macfarlane PW, Brown M, Caulfield MJ, Samani NJ, Kronenberg F, Willeit J; CARe Consortium; COGENT Consortium; Smith JG, Greiser KH, Meyer Zu Schwabedissen H, Werdan K, Carella M, Zelante L, Heckbert SR, Psaty BM, Rotter JI, Kolcic I, Polašek O, Wright AF, Griffin M, Daly MJ; DCCT/EDIC; Arnar DO, Hólm H, Thorsteinsdottir U; eMERGE Consortium; Denny JC, Roden DM, Zuvich RL, Emilsson V, Plump AS, Larson MG, O'Donnell CJ, Yin X, Bobbo M, D'Adamo AP, Iorio A, Sinagra G, et al.",Nat Genet. 2014 Aug;46(8):826-36. doi: 10.1038/ng.3014. Epub 2014 Jun 22.,Arking DE,Nat Genet,2014,2014-06-23,PMC4124521,NIHMS600569,10.1038/ng.3014
24951663,Sequencing of SCN5A identifies rare and common variants associated with cardiac conduction: Cohorts for Heart and Aging Research in Genomic Epidemiology (CHARGE) Consortium,"Magnani JW, Brody JA, Prins BP, Arking DE, Lin H, Yin X, Liu CT, Morrison AC, Zhang F, Spector TD, Alonso A, Bis JC, Heckbert SR, Lumley T, Sitlani CM, Cupples LA, Lubitz SA, Soliman EZ, Pulit SL, Newton-Cheh C, O'Donnell CJ, Ellinor PT, Benjamin EJ, Muzny DM, Gibbs RA, Santibanez J, Taylor HA, Rotter JI, Lange LA, Psaty BM, Jackson R, Rich SS, Boerwinkle E, Jamshidi Y, Sotoodehnia N; CHARGE Consortium; NHLBI Exome Sequencing Project (ESP); UK10K.",Circ Cardiovasc Genet. 2014 Jun;7(3):365-73. doi: 10.1161/CIRCGENETICS.113.000098.,Magnani JW,Circ Cardiovasc Genet,2014,2014-06-22,PMC4177904,NIHMS621236,10.1161/CIRCGENETICS.113.000098
24857694,An enhancer polymorphism at the cardiomyocyte intercalated disc protein NOS1AP locus is a major regulator of the QT interval,"Kapoor A, Sekar RB, Hansen NF, Fox-Talbot K, Morley M, Pihur V, Chatterjee S, Brandimarto J, Moravec CS, Pulit SL; QT Interval-International GWAS Consortium; Pfeufer A, Mullikin J, Ross M, Green ED, Bentley D, Newton-Cheh C, Boerwinkle E, Tomaselli GF, Cappola TP, Arking DE, Halushka MK, Chakravarti A.",Am J Hum Genet. 2014 Jun 5;94(6):854-69. doi: 10.1016/j.ajhg.2014.05.001. Epub 2014 May 22.,Kapoor A,Am J Hum Genet,2014,2014-05-27,PMC4121472,,10.1016/j.ajhg.2014.05.001
24823478,Characterization of the genomic architecture and mutational spectrum of a small cell prostate carcinoma,"Scott AF, Mohr DW, Ling H, Scharpf RB, Zhang P, Liptak GS.",Genes (Basel). 2014 May 12;5(2):366-84. doi: 10.3390/genes5020366.,Scott AF,Genes (Basel),2014,2014-05-15,PMC4094938,,10.3390/genes5020366
24805851,Transcriptome analysis reveals differential splicing events in IPF lung tissue,"Nance T, Smith KS, Anaya V, Richardson R, Ho L, Pala M, Mostafavi S, Battle A, Feghali-Bostwick C, Rosen G, Montgomery SB.",PLoS One. 2014 May 7;9(5):e97550. doi: 10.1371/journal.pone.0097550. eCollection 2014.,Nance T,PLoS One,2014,2014-05-09,PMC4013141,,10.1371/journal.pone.0097550
24793288,Whole exome sequencing of distant relatives in multiplex families implicates rare variants in candidate genes for oral clefts,"Bureau A, Parker MM, Ruczinski I, Taub MA, Marazita ML, Murray JC, Mangold E, Noethen MM, Ludwig KU, Hetmanski JB, Bailey-Wilson JE, Cropp CD, Li Q, Szymczak S, Albacha-Hejazi H, Alqosayer K, Field LL, Wu-Chou YH, Doheny KF, Ling H, Scott AF, Beaty TH.",Genetics. 2014 Jul;197(3):1039-44. doi: 10.1534/genetics.114.165225. Epub 2014 May 2.,Bureau A,Genetics,2014,2014-05-06,PMC4096358,,10.1534/genetics.114.165225
24747890,Genomic features of a bumble bee symbiont reflect its host environment,"Martinson VG, Magoc T, Koch H, Salzberg SL, Moran NA.",Appl Environ Microbiol. 2014 Jul;80(13):3793-803. doi: 10.1128/AEM.00322-14. Epub 2014 Apr 18.,Martinson VG,Appl Environ Microbiol,2014,2014-04-22,PMC4054214,,10.1128/AEM.00322-14
24694013,Hypermethylation in the ZBTB20 gene is associated with major depressive disorder,"Davies MN, Krause L, Bell JT, Gao F, Ward KJ, Wu H, Lu H, Liu Y, Tsai PC, Collier DA, Murphy T, Dempster E, Mill J; UK Brain Expression Consortium; Battle A, Mostafavi S, Zhu X, Henders A, Byrne E, Wray NR, Martin NG, Spector TD, Wang J.",Genome Biol. 2014 Apr 2;15(4):R56. doi: 10.1186/gb-2014-15-4-r56.,Davies MN,Genome Biol,2014,2014-04-04,PMC4072999,,10.1186/gb-2014-15-4-r56
24674868,Total synthesis of a functional designer eukaryotic chromosome,"Annaluru N, Muller H, Mitchell LA, Ramalingam S, Stracquadanio G, Richardson SM, Dymond JS, Kuang Z, Scheifele LZ, Cooper EM, Cai Y, Zeller K, Agmon N, Han JS, Hadjithomas M, Tullman J, Caravelli K, Cirelli K, Guo Z, London V, Yeluru A, Murugan S, Kandavelou K, Agier N, Fischer G, Yang K, Martin JA, Bilgel M, Bohutski P, Boulier KM, Capaldo BJ, Chang J, Charoen K, Choi WJ, Deng P, DiCarlo JE, Doong J, Dunn J, Feinberg JI, Fernandez C, Floria CE, Gladowski D, Hadidi P, Ishizuka I, Jabbari J, Lau CY, Lee PA, Li S, Lin D, Linder ME, Ling J, Liu J, Liu J, London M, Ma H, Mao J, McDade JE, McMillan A, Moore AM, Oh WC, Ouyang Y, Patel R, Paul M, Paulsen LC, Qiu J, Rhee A, Rubashkin MG, Soh IY, Sotuyo NE, Srinivas V, Suarez A, Wong A, Wong R, Xie WR, Xu Y, Yu AT, Koszul R, Bader JS, Boeke JD, Chandrasegaran S.",Science. 2014 Apr 4;344(6179):55-8. doi: 10.1126/science.1249252. Epub 2014 Mar 27.,Annaluru N,Science,2014,2014-03-29,PMC4033833,NIHMS581607,10.1126/science.1249252
24647608,Transcriptome analysis reveals differential splicing events in IPF lung tissue,"Nance T, Smith KS, Anaya V, Richardson R, Ho L, Pala M, Mostafavi S, Battle A, Feghali-Bostwick C, Rosen G, Montgomery SB.",PLoS One. 2014 Mar 19;9(3):e92111. doi: 10.1371/journal.pone.0092111. eCollection 2014.,Nance T,PLoS One,2014,2014-03-21,PMC3960165,,10.1371/journal.pone.0092111
24657795,Perinatal risk factors for severe injury in neonates treated with whole-body hypothermia for encephalopathy,"Wayock CP, Meserole RL, Saria S, Jennings JM, Huisman TA, Northington FJ, Graham EM.",Am J Obstet Gynecol. 2014 Jul;211(1):41.e1-8. doi: 10.1016/j.ajog.2014.03.033. Epub 2014 Mar 18.,Wayock CP,Am J Obstet Gynecol,2014,2014-03-25,PMC4809753,NIHMS768016,10.1016/j.ajog.2014.03.033
24614387,"The Vitamin D Antenatal Asthma Reduction Trial (VDAART): rationale, design, and methods of a randomized, controlled trial of vitamin D supplementation in pregnancy for the primary prevention of asthma and allergies in children","Litonjua AA, Lange NE, Carey VJ, Brown S, Laranjo N, Harshfield BJ, O'Connor GT, Sandel M, Strunk RC, Bacharier LB, Zeiger RS, Schatz M, Hollis BW, Weiss ST.",Contemp Clin Trials. 2014 May;38(1):37-50. doi: 10.1016/j.cct.2014.02.006. Epub 2014 Mar 12.,Litonjua AA,Contemp Clin Trials,2014,2014-03-12,PMC4086903,NIHMS574004,10.1016/j.cct.2014.02.006
24608116,PolyaPeak: detecting transcription factor binding sites from ChIP-seq using peak shape information,"Wu H, Ji H.",PLoS One. 2014 Mar 7;9(3):e89694. doi: 10.1371/journal.pone.0089694. eCollection 2014.,Wu H,PLoS One,2014,2014-03-11,PMC3946423,,10.1371/journal.pone.0089694
24647006,Decoding the massive genome of loblolly pine using haploid DNA and novel assembly strategies,"Neale DB, Wegrzyn JL, Stevens KA, Zimin AV, Puiu D, Crepeau MW, Cardeno C, Koriabine M, Holtz-Morris AE, Liechty JD, Martínez-García PJ, Vasquez-Gross HA, Lin BY, Zieve JJ, Dougherty WM, Fuentes-Soriano S, Wu LS, Gilbert D, Marçais G, Roberts M, Holt C, Yandell M, Davis JM, Smith KE, Dean JF, Lorenz WW, Whetten RW, Sederoff R, Wheeler N, McGuire PE, Main D, Loopstra CA, Mockaitis K, deJong PJ, Yorke JA, Salzberg SL, Langley CH.",Genome Biol. 2014 Mar 4;15(3):R59. doi: 10.1186/gb-2014-15-3-r59.,Neale DB,Genome Biol,2014,2014-03-21,PMC4053751,,10.1186/gb-2014-15-3-r59
24590176,Twist1-induced dissemination preserves epithelial identity and requires E-cadherin,"Shamir ER, Pappalardo E, Jorgens DM, Coutinho K, Tsai WT, Aziz K, Auer M, Tran PT, Bader JS, Ewald AJ.",J Cell Biol. 2014 Mar 3;204(5):839-56. doi: 10.1083/jcb.201306088.,Shamir ER,J Cell Biol,2014,2014-03-05,PMC3941052,,10.1083/jcb.201306088
24580807,Kraken: ultrafast metagenomic sequence classification using exact alignments,"Wood DE, Salzberg SL.",Genome Biol. 2014 Mar 3;15(3):R46. doi: 10.1186/gb-2014-15-3-r46.,Wood DE,Genome Biol,2014,2014-03-04,PMC4053813,,10.1186/gb-2014-15-3-r46
24653211,Unique features of the loblolly pine (Pinus taeda L.) megagenome revealed through sequence annotation,"Wegrzyn JL, Liechty JD, Stevens KA, Wu LS, Loopstra CA, Vasquez-Gross HA, Dougherty WM, Lin BY, Zieve JJ, Martínez-García PJ, Holt C, Yandell M, Zimin AV, Yorke JA, Crepeau MW, Puiu D, Salzberg SL, Dejong PJ, Mockaitis K, Main D, Langley CH, Neale DB.",Genetics. 2014 Mar;196(3):891-909. doi: 10.1534/genetics.113.159996.,Wegrzyn JL,Genetics,2014,2014-03-22,PMC3948814,,10.1534/genetics.113.159996
24653210,Sequencing and assembly of the 22-gb loblolly pine genome,"Zimin A, Stevens KA, Crepeau MW, Holtz-Morris A, Koriabine M, Marçais G, Puiu D, Roberts M, Wegrzyn JL, de Jong PJ, Neale DB, Salzberg SL, Yorke JA, Langley CH.",Genetics. 2014 Mar;196(3):875-90. doi: 10.1534/genetics.113.159715.,Zimin A,Genetics,2014,2014-03-22,PMC3948813,,10.1534/genetics.113.159715
24591663,Asthma in pregnancy: a hit for two,"Murphy VE, Schatz M.",Eur Respir Rev. 2014 Mar 1;23(131):64-8. doi: 10.1183/09059180.00008313.,Murphy VE,Eur Respir Rev,2014,2014-03-05,PMC9487268,,10.1183/09059180.00008313
24375697,DIAMUND: direct comparison of genomes to detect mutations,"Salzberg SL, Pertea M, Fahrner JA, Sobreira N.",Hum Mutat. 2014 Mar;35(3):283-8. doi: 10.1002/humu.22503.,Salzberg SL,Hum Mutat,2014,2013-12-31,PMC4031744,NIHMS579170,10.1002/humu.22503
24549847,Systems biology-based identification of Mycobacterium tuberculosis persistence genes in mouse lungs,"Dutta NK, Bandyopadhyay N, Veeramani B, Lamichhane G, Karakousis PC, Bader JS.",mBio. 2014 Feb 18;5(1):e01066-13. doi: 10.1128/mBio.01066-13.,Dutta NK,mBio,2014,2014-02-20,PMC3944818,,10.1128/mBio.01066-13
24528994,A genome-wide study of de novo deletions identifies a candidate locus for non-syndromic isolated cleft lip/palate risk,"Younkin SG, Scharpf RB, Schwender H, Parker MM, Scott AF, Marazita ML, Beaty TH, Ruczinski I.",BMC Genet. 2014 Feb 14;15:24. doi: 10.1186/1471-2156-15-24.,Younkin SG,BMC Genet,2014,2014-02-18,PMC3929298,,10.1186/1471-2156-15-24
24516586,Evidence of gene-environment interaction for two genes on chromosome 4 and environmental tobacco smoke in controlling the risk of nonsyndromic cleft palate,"Wu T, Schwender H, Ruczinski I, Murray JC, Marazita ML, Munger RG, Hetmanski JB, Parker MM, Wang P, Murray T, Taub M, Li S, Redett RJ, Fallin MD, Liang KY, Wu-Chou YH, Chong SS, Yeow V, Ye X, Wang H, Huang S, Jabs EW, Shi B, Wilcox AJ, Jee SH, Scott AF, Beaty TH.",PLoS One. 2014 Feb 6;9(2):e88088. doi: 10.1371/journal.pone.0088088. eCollection 2014.,Wu T,PLoS One,2014,2014-02-12,PMC3916361,,10.1371/journal.pone.0088088
24486271,Novel genetic markers associate with atrial fibrillation risk in Europeans and Japanese,"Lubitz SA, Lunetta KL, Lin H, Arking DE, Trompet S, Li G, Krijthe BP, Chasman DI, Barnard J, Kleber ME, Dörr M, Ozaki K, Smith AV, Müller-Nurasyid M, Walter S, Agarwal SK, Bis JC, Brody JA, Chen LY, Everett BM, Ford I, Franco OH, Harris TB, Hofman A, Kääb S, Mahida S, Kathiresan S, Kubo M, Launer LJ, MacFarlane PW, Magnani JW, McKnight B, McManus DD, Peters A, Psaty BM, Rose LM, Rotter JI, Silbernagel G, Smith JD, Sotoodehnia N, Stott DJ, Taylor KD, Tomaschitz A, Tsunoda T, Uitterlinden AG, Van Wagoner DR, Völker U, Völzke H, Murabito JM, Sinner MF, Gudnason V, Felix SB, März W, Chung M, Albert CM, Stricker BH, Tanaka T, Heckbert SR, Jukema JW, Alonso A, Benjamin EJ, Ellinor PT.",J Am Coll Cardiol. 2014 Apr 1;63(12):1200-1210. doi: 10.1016/j.jacc.2013.12.015. Epub 2014 Jan 30.,Lubitz SA,J Am Coll Cardiol,2014,2014-02-04,PMC4009240,NIHMS557940,10.1016/j.jacc.2013.12.015
24478339,Minfi: a flexible and comprehensive Bioconductor package for the analysis of Infinium DNA methylation microarrays,"Aryee MJ, Jaffe AE, Corrada-Bravo H, Ladd-Acosta C, Feinberg AP, Hansen KD, Irizarry RA.",Bioinformatics. 2014 May 15;30(10):1363-9. doi: 10.1093/bioinformatics/btu049. Epub 2014 Jan 28.,Aryee MJ,Bioinformatics,2014,2014-01-31,PMC4016708,,10.1093/bioinformatics/btu049
24418166,Common variation in fatty acid metabolic genes and risk of incident sudden cardiac arrest,"Lemaitre RN, Johnson CO, Hesselson S, Sotoodehnia N, McKnight B, Sitlani CM, Rea TD, King IB, Kwok PY, Mak A, Li G, Brody J, Larson E, Mozaffarian D, Psaty BM, Huertas-Vazquez A, Tardif JC, Albert CM, Lyytikäinen LP, Arking DE, Kääb S, Huikuri HV, Krijthe BP, Eijgelsheim M, Wang YA, Reinier K, Lehtimäki T, Pulit SL, Brugada R, Müller-Nurasyid M, Newton-Cheh CH, Karhunen PJ, Stricker BH, Goyette P, Rotter JI, Chugh SS, Chakravarti A, Jouven X, Siscovick DS.",Heart Rhythm. 2014 Mar;11(3):471-7. doi: 10.1016/j.hrthm.2014.01.008. Epub 2014 Jan 10.,Lemaitre RN,Heart Rhythm,2014,2014-01-15,PMC3966996,NIHMS562284,10.1016/j.hrthm.2014.01.008
24398039,Differential expression analysis of RNA-seq data at single-base resolution,"Frazee AC, Sabunciyan S, Hansen KD, Irizarry RA, Leek JT.",Biostatistics. 2014 Jul;15(3):413-26. doi: 10.1093/biostatistics/kxt053. Epub 2014 Jan 6.,Frazee AC,Biostatistics,2014,2014-01-09,PMC4059460,,10.1093/biostatistics/kxt053
25468217,"Whole genome de novo assemblies of three divergent strains of rice, Oryza sativa, document novel gene space of aus and indica","Schatz MC, Maron LG, Stein JC, Hernandez Wences A, Gurtowski J, Biggers E, Lee H, Kramer M, Antoniou E, Ghiban E, Wright MH, Chia JM, Ware D, McCouch SR, McCombie WR.",Genome Biol. 2014;15(11):506. doi: 10.1186/PREACCEPT-2784872521277375.,Schatz MC,Genome Biol,2014,2014-12-04,PMC4268812,,10.1186/PREACCEPT-2784872521277375
25398208,Lighter: fast and memory-efficient sequencing error correction without counting,"Song L, Florea L, Langmead B.",Genome Biol. 2014;15(11):509. doi: 10.1186/s13059-014-0509-9.,Song L,Genome Biol,2014,2014-11-16,PMC4248469,,10.1186/s13059-014-0509-9
,Antagonistic effects of MYC and hypoxia in channeling glucose and glutamine into de novo nucleotide biosynthesis,"Fan T, Le A, Stine Z, Yang Y, Zeller K, Zhou W, Ji H, Higashi R, Dang C, Lane A.",Cancer Metab. 2014 May 28;2(Suppl 1):O10. doi: 10.1186/2049-3002-2-S1-O10. eCollection 2014.,Fan T,Cancer Metab,2014,,PMC4073099,,10.1186/2049-3002-2-S1-O10
24237665,Genomic inference accurately predicts the timing and severity of a recent bottleneck in a nonmodel insect population,"McCoy RC, Garud NR, Kelley JL, Boggs CL, Petrov DA.",Mol Ecol. 2014 Jan;23(1):136-50. doi: 10.1111/mec.12591. Epub 2013 Dec 5.,McCoy RC,Mol Ecol,2014,2013-11-19,PMC4476905,NIHMS596711,10.1111/mec.12591
24253039,Mutational and structural analysis of the tandem zinc finger domain of tristetraprolin,"Lai WS, Perera L, Hicks SN, Blackshear PJ.",J Biol Chem. 2014 Jan 3;289(1):565-80. doi: 10.1074/jbc.M113.466326. Epub 2013 Nov 19.,Lai WS,J Biol Chem,2014,2013-11-21,PMC3879578,,10.1074/jbc.M113.466326
24239840,Targeted sequencing in candidate genes for atrial fibrillation: the Cohorts for Heart and Aging Research in Genomic Epidemiology (CHARGE) Targeted Sequencing Study,"Lin H, Sinner MF, Brody JA, Arking DE, Lunetta KL, Rienstra M, Lubitz SA, Magnani JW, Sotoodehnia N, McKnight B, McManus DD, Boerwinkle E, Psaty BM, Rotter JI, Bis JC, Gibbs RA, Muzny D, Kovar CL, Morrison AC, Gupta M, Folsom AR, Kääb S, Heckbert SR, Alonso A, Ellinor PT, Benjamin EJ; CHARGE Atrial Fibrillation Working Group.",Heart Rhythm. 2014 Mar;11(3):452-7. doi: 10.1016/j.hrthm.2013.11.012. Epub 2013 Nov 14.,Lin H,Heart Rhythm,2014,2013-11-19,PMC3943920,NIHMS542460,10.1016/j.hrthm.2013.11.012
24092820,Characterizing the genetic basis of transcriptome diversity through RNA-sequencing of 922 individuals,"Battle A, Mostafavi S, Zhu X, Potash JB, Weissman MM, McCormick C, Haudenschild CD, Beckman KB, Shi J, Mei R, Urban AE, Montgomery SB, Levinson DF, Koller D.",Genome Res. 2014 Jan;24(1):14-24. doi: 10.1101/gr.155192.113. Epub 2013 Oct 3.,Battle A,Genome Res,2014,2013-10-05,PMC3875855,,10.1101/gr.155192.113
24068705,Large-scale hypomethylated blocks associated with Epstein-Barr virus-induced B-cell immortalization,"Hansen KD, Sabunciyan S, Langmead B, Nagy N, Curley R, Klein G, Klein E, Salamon D, Feinberg AP.",Genome Res. 2014 Feb;24(2):177-84. doi: 10.1101/gr.157743.113. Epub 2013 Sep 25.,Hansen KD,Genome Res,2014,2013-09-27,PMC3912409,,10.1101/gr.157743.113
23861010,Robust k-mer frequency estimation using gapped k-mers,"Ghandi M, Mohammad-Noori M, Beer MA.",J Math Biol. 2014 Aug;69(2):469-500. doi: 10.1007/s00285-013-0705-3. Epub 2013 Jul 17.,Ghandi M,J Math Biol,2014,2013-07-18,PMC3895138,NIHMS506740,10.1007/s00285-013-0705-3
24341889,RNA-Seq optimization with eQTL gold standards,"Ellis SE, Gupta S, Ashar FN, Bader JS, West AB, Arking DE.",BMC Genomics. 2013 Dec 17;14:892. doi: 10.1186/1471-2164-14-892.,Ellis SE,BMC Genomics,2013,2013-12-18,PMC3890578,,10.1186/1471-2164-14-892
24379823,On multi-marker tests for association in case-control studies,"Taub MA, Schwender HR, Younkin SG, Louis TA, Ruczinski I.",Front Genet. 2013 Dec 16;4:252. doi: 10.3389/fgene.2013.00252. eCollection 2013.,Taub MA,Front Genet,2013,2014-01-01,PMC3863805,,10.3389/fgene.2013.00252
24330332,Gene set bagging for estimating the probability a statistically significant result will replicate,"Jaffe AE, Storey JD, Ji H, Leek JT.",BMC Bioinformatics. 2013 Dec 12;14:360. doi: 10.1186/1471-2105-14-360.,Jaffe AE,BMC Bioinformatics,2013,2013-12-17,PMC3890500,,10.1186/1471-2105-14-360
24701342,illuminaio: An open source IDAT parsing tool for Illumina microarrays,"Smith ML, Baggerly KA, Bengtsson H, Ritchie ME, Hansen KD.",F1000Res. 2013 Dec 4;2:264. doi: 10.12688/f1000research.2-264.v1. eCollection 2013.,Smith ML,F1000Res,2013,2014-04-05,PMC3968891,,10.12688/f1000research.2-264.v1
24551396,Developing predictive models using electronic medical records: challenges and pitfalls,"Paxton C, Niculescu-Mizil A, Saria S.",AMIA Annu Symp Proc. 2013 Nov 16;2013:1109-15. eCollection 2013.,Paxton C,AMIA Annu Symp Proc,2013,2014-02-20,PMC3900132,,
24218469,Longitudinal validation of a tool for asthma self-monitoring,"Nkoy FL, Stone BL, Fassl BA, Uchida DA, Koopmeiners K, Halbern S, Kim EH, Wilcox A, Ying J, Greene TH, Mosen DM, Schatz MN, Maloney CG.",Pediatrics. 2013 Dec;132(6):e1554-61. doi: 10.1542/peds.2013-1389. Epub 2013 Nov 11.,Nkoy FL,Pediatrics,2013,2013-11-13,PMC4074668,,10.1542/peds.2013-1389
24223977,Early detection of poor adherers to statins: applying individualized surveillance to pay for performance,"Zimolzak AJ, Spettell CM, Fernandes J, Fusaro VA, Palmer NP, Saria S, Kohane IS, Jonikas MA, Mandl KD.",PLoS One. 2013 Nov 4;8(11):e79611. doi: 10.1371/journal.pone.0079611. eCollection 2013.,Zimolzak AJ,PLoS One,2013,2013-11-14,PMC3817130,,10.1371/journal.pone.0079611
24185509,"Exome sequencing identifies frequent inactivating mutations in BAP1, ARID1A and PBRM1 in intrahepatic cholangiocarcinomas","Jiao Y, Pawlik TM, Anders RA, Selaru FM, Streppel MM, Lucas DJ, Niknafs N, Guthrie VB, Maitra A, Argani P, Offerhaus GJA, Roa JC, Roberts LR, Gores GJ, Popescu I, Alexandrescu ST, Dima S, Fassan M, Simbolo M, Mafficini A, Capelli P, Lawlor RT, Ruzzenente A, Guglielmi A, Tortora G, de Braud F, Scarpa A, Jarnagin W, Klimstra D, Karchin R, Velculescu VE, Hruban RH, Vogelstein B, Kinzler KW, Papadopoulos N, Wood LD.",Nat Genet. 2013 Dec;45(12):1470-1473. doi: 10.1038/ng.2813. Epub 2013 Nov 3.,Jiao Y,Nat Genet,2013,2013-11-05,PMC4013720,NIHMS546001,10.1038/ng.2813
24076756,Prognostic factors associated with decreased survival in patients with acinic cell carcinoma,"Neskey DM, Klein JD, Hicks S, Garden AS, Bell DM, El-Naggar AK, Kies MS, Weber RS, Kupferman ME.",JAMA Otolaryngol Head Neck Surg. 2013 Nov;139(11):1195-202. doi: 10.1001/jamaoto.2013.4728.,Neskey DM,JAMA Otolaryngol Head Neck Surg,2013,2013-10-01,PMC5555308,NIHMS890908,10.1001/jamaoto.2013.4728
24194836,"Cultivation and complete genome sequencing of Gloeobacter kilaueensis sp. nov., from a lava cave in Kīlauea Caldera, Hawai'i","Saw JH, Schatz M, Brown MV, Kunkel DD, Foster JS, Shick H, Christensen S, Hou S, Wan X, Donachie SP.",PLoS One. 2013 Oct 23;8(10):e76376. doi: 10.1371/journal.pone.0076376. eCollection 2013.,Saw JH,PLoS One,2013,2013-11-07,PMC3806779,,10.1371/journal.pone.0076376
24147096,Defining the contribution of CNTNAP2 to autism susceptibility,"Sampath S, Bhat S, Gupta S, O'Connor A, West AB, Arking DE, Chakravarti A.",PLoS One. 2013 Oct 17;8(10):e77906. doi: 10.1371/journal.pone.0077906. eCollection 2013.,Sampath S,PLoS One,2013,2013-10-23,PMC3798378,,10.1371/journal.pone.0077906
24130677,The housekeeping gene hypoxanthine guanine phosphoribosyltransferase (HPRT) regulates multiple developmental and metabolic pathways of murine embryonic stem cell neuronal differentiation,"Kang TH, Park Y, Bader JS, Friedmann T.",PLoS One. 2013 Oct 9;8(10):e74967. doi: 10.1371/journal.pone.0074967. eCollection 2013.,Kang TH,PLoS One,2013,2013-10-17,PMC3794013,,10.1371/journal.pone.0074967
24090431,SFARI Gene 2.0: a community-driven knowledgebase for the autism spectrum disorders (ASDs),"Abrahams BS, Arking DE, Campbell DB, Mefford HC, Morrow EM, Weiss LA, Menashe I, Wadkins T, Banerjee-Basu S, Packer A.",Mol Autism. 2013 Oct 3;4(1):36. doi: 10.1186/2040-2392-4-36.,Abrahams BS,Mol Autism,2013,2013-10-05,PMC3851189,,10.1186/2040-2392-4-36
24068962,Meta-analysis of genome-wide association studies identifies six new Loci for serum calcium concentrations,"O'Seaghdha CM, Wu H, Yang Q, Kapur K, Guessous I, Zuber AM, Köttgen A, Stoudmann C, Teumer A, Kutalik Z, Mangino M, Dehghan A, Zhang W, Eiriksdottir G, Li G, Tanaka T, Portas L, Lopez LM, Hayward C, Lohman K, Matsuda K, Padmanabhan S, Firsov D, Sorice R, Ulivi S, Brockhaus AC, Kleber ME, Mahajan A, Ernst FD, Gudnason V, Launer LJ, Mace A, Boerwinckle E, Arking DE, Tanikawa C, Nakamura Y, Brown MJ, Gaspoz JM, Theler JM, Siscovick DS, Psaty BM, Bergmann S, Vollenweider P, Vitart V, Wright AF, Zemunik T, Boban M, Kolcic I, Navarro P, Brown EM, Estrada K, Ding J, Harris TB, Bandinelli S, Hernandez D, Singleton AB, Girotto G, Ruggiero D, d'Adamo AP, Robino A, Meitinger T, Meisinger C, Davies G, Starr JM, Chambers JC, Boehm BO, Winkelmann BR, Huang J, Murgia F, Wild SH, Campbell H, Morris AP, Franco OH, Hofman A, Uitterlinden AG, Rivadeneira F, Völker U, Hannemann A, Biffar R, Hoffmann W, Shin SY, Lescuyer P, Henry H, Schurmann C; SUNLIGHT Consortium; GEFOS Consortium; Munroe PB, Gasparini P, Pirastu N, Ciullo M, Gieger C, März W, Lind L, Spector TD, Smith AV, Rudan I, Wilson JF, Polasek O, Deary IJ, Pirastu M, et al.",PLoS Genet. 2013;9(9):e1003796. doi: 10.1371/journal.pgen.1003796. Epub 2013 Sep 19.,O'Seaghdha CM,PLoS Genet,2013,2013-09-27,PMC3778004,,10.1371/journal.pgen.1003796
24048004,Epigenetic memory emerging from integrated transcription bursts,"Kurz V, Nelson EM, Perry N, Timp W, Timp G.",Biophys J. 2013 Sep 17;105(6):1526-32. doi: 10.1016/j.bpj.2013.08.010.,Kurz V,Biophys J,2013,2013-09-20,PMC3785891,,10.1016/j.bpj.2013.08.010
24555089,Thousands of exon skipping events differentiate among splicing patterns in sixteen human tissues,"Florea L, Song L, Salzberg SL.",F1000Res. 2013 Sep 16;2:188. doi: 10.12688/f1000research.2-188.v2. eCollection 2013.,Florea L,F1000Res,2013,2014-02-25,PMC3892928,,10.12688/f1000research.2-188.v2
24058526,Genome-wide meta-analysis of systolic blood pressure in children with sickle cell disease,"Bhatnagar P, Barron-Casella E, Bean CJ, Milton JN, Baldwin CT, Steinberg MH, Debaun M, Casella JF, Arking DE.",PLoS One. 2013 Sep 13;8(9):e74193. doi: 10.1371/journal.pone.0074193. eCollection 2013.,Bhatnagar P,PLoS One,2013,2013-09-24,PMC3772989,,10.1371/journal.pone.0074193
24023741,Insights into the loblolly pine genome: characterization of BAC and fosmid sequences,"Wegrzyn JL, Lin BY, Zieve JJ, Dougherty WM, Martínez-García PJ, Koriabine M, Holtz-Morris A, deJong P, Crepeau M, Langley CH, Puiu D, Salzberg SL, Neale DB, Stevens KA.",PLoS One. 2013 Sep 4;8(9):e72439. doi: 10.1371/journal.pone.0072439. eCollection 2013.,Wegrzyn JL,PLoS One,2013,2013-09-12,PMC3762812,,10.1371/journal.pone.0072439
24524156,Genome-guided transcriptome assembly in the age of next-generation sequencing,"Florea LD, Salzberg SL.",IEEE/ACM Trans Comput Biol Bioinform. 2013 Sep-Oct;10(5):1234-40. doi: 10.1109/tcbb.2013.140.,Florea LD,IEEE/ACM Trans Comput Biol Bioinform,2013,2014-02-14,PMC4086730,NIHMS594749,10.1109/tcbb.2013.140
,PS1-1a: Use of the CER Hub to Identify Out-of-Control Asthma and Compare Therapeutic Classes of Step-Up Asthma Medications in Clinical Practice,"Mularski R, McBurnie M, Schatz M, Krishnan J, Puro J, Williams A, Au D, Hazlehurst B.",Clin Med Res. 2013 Sep;11(3):143. doi: 10.3121/cmr.2013.1176.ps1-1a.,Mularski R,Clin Med Res,2013,,PMC3788482,,10.3121/cmr.2013.1176.ps1-1a
24000956,Measuring cell-type specific differential methylation in human brain tissue,"Montaño CM, Irizarry RA, Kaufmann WE, Talbot K, Gur RE, Feinberg AP, Taub MA.",Genome Biol. 2013 Aug 30;14(8):R94. doi: 10.1186/gb-2013-14-8-r94.,Montaño CM,Genome Biol,2013,2013-09-05,PMC4054676,,10.1186/gb-2013-14-8-r94
23990416,The MaSuRCA genome assembler,"Zimin AV, Marçais G, Puiu D, Roberts M, Salzberg SL, Yorke JA.",Bioinformatics. 2013 Nov 1;29(21):2669-77. doi: 10.1093/bioinformatics/btt476. Epub 2013 Aug 29.,Zimin AV,Bioinformatics,2013,2013-08-31,PMC3799473,,10.1093/bioinformatics/btt476
24013487,"The COMBREX project: design, methodology, and initial results","Anton BP, Chang YC, Brown P, Choi HP, Faller LL, Guleria J, Hu Z, Klitgord N, Levy-Moonshine A, Maksad A, Mazumdar V, McGettrick M, Osmani L, Pokrzywa R, Rachlin J, Swaminathan R, Allen B, Housman G, Monahan C, Rochussen K, Tao K, Bhagwat AS, Brenner SE, Columbus L, de Crécy-Lagard V, Ferguson D, Fomenkov A, Gadda G, Morgan RD, Osterman AL, Rodionov DA, Rodionova IA, Rudd KE, Söll D, Spain J, Xu SY, Bateman A, Blumenthal RM, Bollinger JM, Chang WS, Ferrer M, Friedberg I, Galperin MY, Gobeill J, Haft D, Hunt J, Karp P, Klimke W, Krebs C, Macelis D, Madupu R, Martin MJ, Miller JH, O'Donovan C, Palsson B, Ruch P, Setterdahl A, Sutton G, Tate J, Yakunin A, Tchigvintsev D, Plata G, Hu J, Greiner R, Horn D, Sjölander K, Salzberg SL, Vitkup D, Letovsky S, Segrè D, DeLisi C, Roberts RJ, Steffen M, Kasif S.",PLoS Biol. 2013;11(8):e1001638. doi: 10.1371/journal.pbio.1001638. Epub 2013 Aug 27.,Anton BP,PLoS Biol,2013,2013-09-10,PMC3754883,,10.1371/journal.pbio.1001638
23974870,Defining the disease liability of variants in the cystic fibrosis transmembrane conductance regulator gene,"Sosnay PR, Siklosi KR, Van Goor F, Kaniecki K, Yu H, Sharma N, Ramalho AS, Amaral MD, Dorfman R, Zielenski J, Masica DL, Karchin R, Millen L, Thomas PJ, Patrinos GP, Corey M, Lewis MH, Rommens JM, Castellani C, Penland CM, Cutting GR.",Nat Genet. 2013 Oct;45(10):1160-7. doi: 10.1038/ng.2745. Epub 2013 Aug 25.,Sosnay PR,Nat Genet,2013,2013-08-27,PMC3874936,NIHMS512446,10.1038/ng.2745
23958185,Early innate immunity determines outcome of Mycobacterium tuberculosis pulmonary infection in rabbits,"Subbian S, Bandyopadhyay N, Tsenova L, O'Brien P, Khetani V, Kushner NL, Peixoto B, Soteropoulos P, Bader JS, Karakousis PC, Fallows D, Kaplan G.",Cell Commun Signal. 2013 Aug 19;11:60. doi: 10.1186/1478-811X-11-60.,Subbian S,Cell Commun Signal,2013,2013-08-21,PMC3765177,,10.1186/1478-811X-11-60
23933821,Genetic relationship between five psychiatric disorders estimated from genome-wide SNPs,"Cross-Disorder Group of the Psychiatric Genomics Consortium; Lee SH, Ripke S, Neale BM, Faraone SV, Purcell SM, Perlis RH, Mowry BJ, Thapar A, Goddard ME, Witte JS, Absher D, Agartz I, Akil H, Amin F, Andreassen OA, Anjorin A, Anney R, Anttila V, Arking DE, Asherson P, Azevedo MH, Backlund L, Badner JA, Bailey AJ, Banaschewski T, Barchas JD, Barnes MR, Barrett TB, Bass N, Battaglia A, Bauer M, Bayés M, Bellivier F, Bergen SE, Berrettini W, Betancur C, Bettecken T, Biederman J, Binder EB, Black DW, Blackwood DH, Bloss CS, Boehnke M, Boomsma DI, Breen G, Breuer R, Bruggeman R, Cormican P, Buccola NG, Buitelaar JK, Bunney WE, Buxbaum JD, Byerley WF, Byrne EM, Caesar S, Cahn W, Cantor RM, Casas M, Chakravarti A, Chambert K, Choudhury K, Cichon S, Cloninger CR, Collier DA, Cook EH, Coon H, Cormand B, Corvin A, Coryell WH, Craig DW, Craig IW, Crosbie J, Cuccaro ML, Curtis D, Czamara D, Datta S, Dawson G, Day R, De Geus EJ, Degenhardt F, Djurovic S, Donohoe GJ, Doyle AE, Duan J, Dudbridge F, Duketis E, Ebstein RP, Edenberg HJ, Elia J, Ennis S, Etain B, Fanous A, Farmer AE, Ferrier IN, Flickinger M, Fombonne E, Foroud T, Frank J, Franke B, et al.",Nat Genet. 2013 Sep;45(9):984-94. doi: 10.1038/ng.2711. Epub 2013 Aug 11.,Cross-Disorder Group of the Psychiatric Genomics Consortium,Nat Genet,2013,2013-08-13,PMC3800159,NIHMS516146,10.1038/ng.2711
23926200,Mutational signature of aristolochic acid exposure as revealed by whole-exome sequencing,"Hoang ML, Chen CH, Sidorenko VS, He J, Dickman KG, Yun BH, Moriya M, Niknafs N, Douville C, Karchin R, Turesky RJ, Pu YS, Vogelstein B, Papadopoulos N, Grollman AP, Kinzler KW, Rosenquist TA.",Sci Transl Med. 2013 Aug 7;5(197):197ra102. doi: 10.1126/scitranslmed.3006200.,Hoang ML,Sci Transl Med,2013,2013-08-09,PMC3973132,NIHMS530774,10.1126/scitranslmed.3006200
23900255,Computational approaches to identify functional genetic variants in cancer genomes,"Gonzalez-Perez A, Mustonen V, Reva B, Ritchie GR, Creixell P, Karchin R, Vazquez M, Fink JL, Kassahn KS, Pearson JV, Bader GD, Boutros PC, Muthuswamy L, Ouellette BF, Reimand J, Linding R, Shibata T, Valencia A, Butler A, Dronov S, Flicek P, Shannon NB, Carter H, Ding L, Sander C, Stuart JM, Stein LD, Lopez-Bigas N; International Cancer Genome Consortium Mutation Pathways and Consequences Subgroup of the Bioinformatics Analyses Working Group.",Nat Methods. 2013 Aug;10(8):723-9. doi: 10.1038/nmeth.2562.,Gonzalez-Perez A,Nat Methods,2013,2013-08-01,PMC3919555,NIHMS543406,10.1038/nmeth.2562
23901115,Whole-genome sequencing identifies a recurrent functional synonymous mutation in melanoma,"Gartner JJ, Parker SC, Prickett TD, Dutton-Regester K, Stitzel ML, Lin JC, Davis S, Simhadri VL, Jha S, Katagiri N, Gotea V, Teer JK, Wei X, Morken MA, Bhanot UK; NISC Comparative Sequencing Program; Chen G, Elnitski LL, Davies MA, Gershenwald JE, Carter H, Karchin R, Robinson W, Robinson S, Rosenberg SA, Collins FS, Parmigiani G, Komar AA, Kimchi-Sarfaty C, Hayward NK, Margulies EH, Samuels Y.",Proc Natl Acad Sci U S A. 2013 Aug 13;110(33):13481-6. doi: 10.1073/pnas.1304227110. Epub 2013 Jul 30.,Gartner JJ,Proc Natl Acad Sci U S A,2013,2013-08-01,PMC3746936,,10.1073/pnas.1304227110
23935874,Fast association tests for genes with FAST,"Chanda P, Huang H, Arking DE, Bader JS.",PLoS One. 2013 Jul 23;8(7):e68585. doi: 10.1371/journal.pone.0068585. Print 2013.,Chanda P,PLoS One,2013,2013-08-13,PMC3720833,,10.1371/journal.pone.0068585
23870653,Assemblathon 2: evaluating de novo methods of genome assembly in three vertebrate species,"Bradnam KR, Fass JN, Alexandrov A, Baranay P, Bechner M, Birol I, Boisvert S, Chapman JA, Chapuis G, Chikhi R, Chitsaz H, Chou WC, Corbeil J, Del Fabbro C, Docking TR, Durbin R, Earl D, Emrich S, Fedotov P, Fonseca NA, Ganapathy G, Gibbs RA, Gnerre S, Godzaridis E, Goldstein S, Haimel M, Hall G, Haussler D, Hiatt JB, Ho IY, Howard J, Hunt M, Jackman SD, Jaffe DB, Jarvis ED, Jiang H, Kazakov S, Kersey PJ, Kitzman JO, Knight JR, Koren S, Lam TW, Lavenier D, Laviolette F, Li Y, Li Z, Liu B, Liu Y, Luo R, Maccallum I, Macmanes MD, Maillet N, Melnikov S, Naquin D, Ning Z, Otto TD, Paten B, Paulo OS, Phillippy AM, Pina-Martins F, Place M, Przybylski D, Qin X, Qu C, Ribeiro FJ, Richards S, Rokhsar DS, Ruby JG, Scalabrin S, Schatz MC, Schwartz DC, Sergushichev A, Sharpe T, Shaw TI, Shendure J, Shi Y, Simpson JT, Song H, Tsarev F, Vezzi F, Vicedomini R, Vieira BM, Wang J, Worley KC, Yin S, Yiu SM, Yuan J, Zhang G, Zhang H, Zhou S, Korf IF.",Gigascience. 2013 Jul 22;2(1):10. doi: 10.1186/2047-217X-2-10.,Bradnam KR,Gigascience,2013,2013-07-23,PMC3844414,,10.1186/2047-217X-2-10
23874524,Normalizing RNA-sequencing data by modeling hidden covariates with prior knowledge,"Mostafavi S, Battle A, Zhu X, Urban AE, Levinson D, Montgomery SB, Koller D.",PLoS One. 2013 Jul 18;8(7):e68141. doi: 10.1371/journal.pone.0068141. Print 2013.,Mostafavi S,PLoS One,2013,2013-07-23,PMC3715474,,10.1371/journal.pone.0068141
23872693,The QT interval and risk of incident atrial fibrillation,"Mandyam MC, Soliman EZ, Alonso A, Dewland TA, Heckbert SR, Vittinghoff E, Cummings SR, Ellinor PT, Chaitman BR, Stocke K, Applegate WB, Arking DE, Butler J, Loehr LR, Magnani JW, Murphy RA, Satterfield S, Newman AB, Marcus GM.",Heart Rhythm. 2013 Oct;10(10):1562-8. doi: 10.1016/j.hrthm.2013.07.023. Epub 2013 Jul 18.,Mandyam MC,Heart Rhythm,2013,2013-07-23,PMC3787974,NIHMS507771,10.1016/j.hrthm.2013.07.023
23822731,The advantages of SMRT sequencing,"Roberts RJ, Carneiro MO, Schatz MC.",Genome Biol. 2013 Jul 3;14(7):405. doi: 10.1186/gb-2013-14-6-405.,Roberts RJ,Genome Biol,2013,2013-07-05,PMC3953343,,10.1186/gb-2013-14-6-405
,The advantages of SMRT sequencing,"Roberts RJ, Carneiro MO, Schatz MC.",Genome Biol. 2013;14(6):405. doi: 10.1186/gb-2013-14-6-405. Epub 2013 Jul 3.,Roberts RJ,Genome Biol,2013,,PMC3706782,,10.1186/gb-2013-14-6-405
24920863,"The DNA Data Deluge: Fast, efficient genome sequencing machines are spewing out more data than geneticists can analyze","Schatz MC, Langmead B.",IEEE Spectr. 2013 Jul;50(7):26-33. doi: 10.1109/MSPEC.2013.6545119.,Schatz MC,IEEE Spectr,2013,2014-06-13,PMC4048922,NIHMS563699,10.1109/MSPEC.2013.6545119
23809492,The DNA60IFX contest,"Schatz MC, Taylor J, Schelhorn SE.",Genome Biol. 2013 Jun 28;14(6):124. doi: 10.1186/gb-2013-14-6-124.,Schatz MC,Genome Biol,2013,2013-07-02,PMC3706964,,10.1186/gb-2013-14-6-124
23840741,A Novel Stratification Method in Linkage Studies to Address Inter- and Intra-Family Heterogeneity in Autism,"Talebizadeh Z, Arking DE, Hu VW.",PLoS One. 2013 Jun 26;8(6):e67569. doi: 10.1371/journal.pone.0067569. Print 2013.,Talebizadeh Z,PLoS One,2013,2013-07-11,PMC3694043,,10.1371/journal.pone.0067569
23796049,Open access to tree genomes: the path to a better forest,"Neale DB, Langley CH, Salzberg SL, Wegrzyn JL.",Genome Biol. 2013 Jun 24;14(6):120. doi: 10.1186/gb-2013-14-6-120.,Neale DB,Genome Biol,2013,2013-06-26,PMC3706761,,10.1186/gb-2013-14-6-120
23793516,"MuPIT interactive: webserver for mapping variant positions to annotated, interactive 3D structures","Niknafs N, Kim D, Kim R, Diekhans M, Ryan M, Stenson PD, Cooper DN, Karchin R.",Hum Genet. 2013 Nov;132(11):1235-43. doi: 10.1007/s00439-013-1325-0. Epub 2013 Jun 23.,Niknafs N,Hum Genet,2013,2013-06-25,PMC3797853,NIHMS497682,10.1007/s00439-013-1325-0
23771147,kmer-SVM: a web server for identifying predictive regulatory sequence features in genomic data sets,"Fletez-Brant C, Lee D, McCallion AS, Beer MA.",Nucleic Acids Res. 2013 Jul;41(Web Server issue):W544-56. doi: 10.1093/nar/gkt519. Epub 2013 Jun 14.,Fletez-Brant C,Nucleic Acids Res,2013,2013-06-18,PMC3692045,,10.1093/nar/gkt519
23769673,TRIB2 acts downstream of Wnt/TCF in liver cancer cells to regulate YAP and C/EBPα function,"Wang J, Park JS, Wei Y, Rajurkar M, Cotton JL, Fan Q, Lewis BC, Ji H, Mao J.",Mol Cell. 2013 Jul 25;51(2):211-25. doi: 10.1016/j.molcel.2013.05.013. Epub 2013 Jun 13.,Wang J,Mol Cell,2013,2013-06-18,PMC4007693,NIHMS512899,10.1016/j.molcel.2013.05.013
23760024,Cancer as a dysregulated epigenome allowing cellular growth advantage at the expense of the host,"Timp W, Feinberg AP.",Nat Rev Cancer. 2013 Jul;13(7):497-510. doi: 10.1038/nrc3486. Epub 2013 Jun 13.,Timp W,Nat Rev Cancer,2013,2013-06-14,PMC4636434,NIHMS724762,10.1038/nrc3486
23758851,ChIPXpress: using publicly available gene expression data to improve ChIP-seq and ChIP-chip target gene ranking,"Wu G, Ji H.",BMC Bioinformatics. 2013 Jun 10;14:188. doi: 10.1186/1471-2105-14-188.,Wu G,BMC Bioinformatics,2013,2013-06-14,PMC3684512,,10.1186/1471-2105-14-188
23819870,Identifying Mendelian disease genes with the variant effect scoring tool,"Carter H, Douville C, Stenson PD, Cooper DN, Karchin R.",BMC Genomics. 2013;14 Suppl 3(Suppl 3):S3. doi: 10.1186/1471-2164-14-S3-S3. Epub 2013 May 28.,Carter H,BMC Genomics,2013,2013-07-04,PMC3665549,,10.1186/1471-2164-14-S3-S3
23677903,Association between baseline fetal hemoglobin levels and incidence of severe vaso-occlusive pain episodes in children with sickle cell anemia,"Bhatnagar P, Keefer JR, Casella JF, Barron-Casella EA, Bean CJ, Hooper CW, Payne AB, Arking DE, Debaun MR.",Pediatr Blood Cancer. 2013 Oct;60(10):E125-7. doi: 10.1002/pbc.24588. Epub 2013 May 15.,Bhatnagar P,Pediatr Blood Cancer,2013,2013-05-17,PMC4387562,NIHMS676756,10.1002/pbc.24588
23665771,GAGE-B: an evaluation of genome assemblers for bacterial organisms,"Magoc T, Pabinger S, Canzar S, Liu X, Su Q, Puiu D, Tallon LJ, Salzberg SL.",Bioinformatics. 2013 Jul 15;29(14):1718-25. doi: 10.1093/bioinformatics/btt273. Epub 2013 May 10.,Magoc T,Bioinformatics,2013,2013-05-14,PMC3702249,,10.1093/bioinformatics/btt273
23663246,Genome of the long-living sacred lotus (Nelumbo nucifera Gaertn.),"Ming R, VanBuren R, Liu Y, Yang M, Han Y, Li LT, Zhang Q, Kim MJ, Schatz MC, Campbell M, Li J, Bowers JE, Tang H, Lyons E, Ferguson AA, Narzisi G, Nelson DR, Blaby-Haas CE, Gschwend AR, Jiao Y, Der JP, Zeng F, Han J, Min XJ, Hudson KA, Singh R, Grennan AK, Karpowicz SJ, Watling JR, Ito K, Robinson SA, Hudson ME, Yu Q, Mockler TC, Carroll A, Zheng Y, Sunkar R, Jia R, Chen N, Arro J, Wai CM, Wafula E, Spence A, Han Y, Xu L, Zhang J, Peery R, Haus MJ, Xiong W, Walsh JA, Wu J, Wang ML, Zhu YJ, Paull RE, Britt AB, Du C, Downie SR, Schuler MA, Michael TP, Long SP, Ort DR, Schopf JW, Gang DR, Jiang N, Yandell M, dePamphilis CW, Merchant SS, Paterson AH, Buchanan BB, Li S, Shen-Miller J.",Genome Biol. 2013 May 10;14(5):R41. doi: 10.1186/gb-2013-14-5-r41.,Ming R,Genome Biol,2013,2013-05-14,PMC4053705,,10.1186/gb-2013-14-5-r41
23651518,Sixty years of genome biology,"Doolittle WF, Fraser P, Gerstein MB, Graveley BR, Henikoff S, Huttenhower C, Oshlack A, Ponting CP, Rinn JL, Schatz MC, Ule J, Weigel D, Weinstock GM.",Genome Biol. 2013 Apr 25;14(4):113. doi: 10.1186/gb-2013-14-4-113.,Doolittle WF,Genome Biol,2013,2013-05-09,PMC3663092,,10.1186/gb-2013-14-4-113
23618408,"TopHat2: accurate alignment of transcriptomes in the presence of insertions, deletions and gene fusions","Kim D, Pertea G, Trapnell C, Pimentel H, Kelley R, Salzberg SL.",Genome Biol. 2013 Apr 25;14(4):R36. doi: 10.1186/gb-2013-14-4-r36.,Kim D,Genome Biol,2013,2013-04-27,PMC4053844,,10.1186/gb-2013-14-4-r36
23583979,Identification of heart rate-associated loci and their effects on cardiac conduction and rhythm disorders,"den Hoed M, Eijgelsheim M, Esko T, Brundel BJ, Peal DS, Evans DM, Nolte IM, Segrè AV, Holm H, Handsaker RE, Westra HJ, Johnson T, Isaacs A, Yang J, Lundby A, Zhao JH, Kim YJ, Go MJ, Almgren P, Bochud M, Boucher G, Cornelis MC, Gudbjartsson D, Hadley D, van der Harst P, Hayward C, den Heijer M, Igl W, Jackson AU, Kutalik Z, Luan J, Kemp JP, Kristiansson K, Ladenvall C, Lorentzon M, Montasser ME, Njajou OT, O'Reilly PF, Padmanabhan S, St Pourcain B, Rankinen T, Salo P, Tanaka T, Timpson NJ, Vitart V, Waite L, Wheeler W, Zhang W, Draisma HH, Feitosa MF, Kerr KF, Lind PA, Mihailov E, Onland-Moret NC, Song C, Weedon MN, Xie W, Yengo L, Absher D, Albert CM, Alonso A, Arking DE, de Bakker PI, Balkau B, Barlassina C, Benaglio P, Bis JC, Bouatia-Naji N, Brage S, Chanock SJ, Chines PS, Chung M, Darbar D, Dina C, Dörr M, Elliott P, Felix SB, Fischer K, Fuchsberger C, de Geus EJ, Goyette P, Gudnason V, Harris TB, Hartikainen AL, Havulinna AS, Heckbert SR, Hicks AA, Hofman A, Holewijn S, Hoogstra-Berends F, Hottenga JJ, Jensen MK, Johansson A, Junttila J, Kääb S, Kanon B, Ketkar S, Khaw KT, Knowles JW, Kooner AS, et al.",Nat Genet. 2013 Jun;45(6):621-31. doi: 10.1038/ng.2610. Epub 2013 Apr 14.,den Hoed M,Nat Genet,2013,2013-04-16,PMC3696959,NIHMS473857,10.1038/ng.2610
23734605,CLASS: constrained transcript assembly of RNA-seq reads,"Song L, Florea L.",BMC Bioinformatics. 2013;14 Suppl 5(Suppl 5):S14. doi: 10.1186/1471-2105-14-S5-S14. Epub 2013 Apr 10.,Song L,BMC Bioinformatics,2013,2013-06-06,PMC3622639,,10.1186/1471-2105-14-S5-S14
23569280,Differential principal component analysis of ChIP-seq,"Ji H, Li X, Wang QF, Ning Y.",Proc Natl Acad Sci U S A. 2013 Apr 23;110(17):6789-94. doi: 10.1073/pnas.1204398110. Epub 2013 Apr 8.,Ji H,Proc Natl Acad Sci U S A,2013,2013-04-10,PMC3637734,,10.1073/pnas.1204398110
23704852,Allergic bronchopulmonary aspergillosis presenting as chronic cough in an elderly woman without previously documented asthma,"Roth R, Schatz M.",Perm J. 2013 Spring;17(2):e103-8. doi: 10.7812/TPP/12-051.,Roth R,Perm J,2013,2013-05-25,PMC3662291,,10.7812/TPP/12-051
23630638,Nonmedical-grade Injections of Permanent Fillers: Medical and Medicolegal Considerations,"Styperek A, Bayers S, Beer M, Beer K.",J Clin Aesthet Dermatol. 2013 Apr;6(4):22-9.,Styperek A,J Clin Aesthet Dermatol,2013,2013-05-01,PMC3638855,,
23651812,Sequestration: inadvertently killing biomedical research to score political points,"Leek JT, Salzberg SL.",Genome Biol. 2013 Mar 27;14(3):109. doi: 10.1186/gb-2013-14-3-109.,Leek JT,Genome Biol,2013,2013-05-09,PMC3663088,,10.1186/gb-2013-14-3-109
24303253,3D Sensing Algorithms Towards Building an Intelligent Intensive Care Unit,"Lea C, Facker J, Hager G, Taylor R, Saria S.",AMIA Jt Summits Transl Sci Proc. 2013 Mar 18;2013:136-40. eCollection 2013.,Lea C,AMIA Jt Summits Transl Sci Proc,2013,2013-12-05,PMC3845759,,
23479633,Aluminum tolerance in maize is associated with higher MATE1 gene copy number,"Maron LG, Guimarães CT, Kirst M, Albert PS, Birchler JA, Bradbury PJ, Buckler ES, Coluccio AE, Danilova TV, Kudrna D, Magalhaes JV, Piñeros MA, Schatz MC, Wing RA, Kochian LV.",Proc Natl Acad Sci U S A. 2013 Mar 26;110(13):5241-6. doi: 10.1073/pnas.1220766110. Epub 2013 Mar 11.,Maron LG,Proc Natl Acad Sci U S A,2013,2013-03-13,PMC3612656,,10.1073/pnas.1220766110
23531787,EDGE-pro: Estimated Degree of Gene Expression in Prokaryotic Genomes,"Magoc T, Wood D, Salzberg SL.",Evol Bioinform Online. 2013;9:127-36. doi: 10.4137/EBO.S11250. Epub 2013 Mar 10.,Magoc T,Evol Bioinform Online,2013,2013-03-28,PMC3603529,,10.4137/EBO.S11250
23457041,ChIP-PED enhances the analysis of ChIP-seq and ChIP-chip data,"Wu G, Yustein JT, McCall MN, Zilliox M, Irizarry RA, Zeller K, Dang CV, Ji H.",Bioinformatics. 2013 May 1;29(9):1182-9. doi: 10.1093/bioinformatics/btt108. Epub 2013 Mar 1.,Wu G,Bioinformatics,2013,2013-03-05,PMC3658457,,10.1093/bioinformatics/btt108
23448601,Molecular immunologic correlates of spontaneous latency in a rabbit model of pulmonary tuberculosis,"Subbian S, O'Brien P, Kushner NL, Yang G, Tsenova L, Peixoto B, Bandyopadhyay N, Bader JS, Karakousis PC, Fallows D, Kaplan G.",Cell Commun Signal. 2013 Feb 28;11(1):16. doi: 10.1186/1478-811X-11-16.,Subbian S,Cell Commun Signal,2013,2013-03-02,PMC3598925,,10.1186/1478-811X-11-16
23358228,A hybrid likelihood model for sequence-based disease association studies,"Chen YC, Carter H, Parla J, Kramer M, Goes FS, Pirooznia M, Zandi PP, McCombie WR, Potash JB, Karchin R.",PLoS Genet. 2013;9(1):e1003224. doi: 10.1371/journal.pgen.1003224. Epub 2013 Jan 24.,Chen YC,PLoS Genet,2013,2013-01-30,PMC3554549,,10.1371/journal.pgen.1003224
23338612,Collections of simultaneously altered genes as biomarkers of cancer cell drug response,"Masica DL, Karchin R.",Cancer Res. 2013 Mar 15;73(6):1699-708. doi: 10.1158/0008-5472.CAN-12-3122. Epub 2013 Jan 21.,Masica DL,Cancer Res,2013,2013-01-23,PMC3602343,NIHMS435304,10.1158/0008-5472.CAN-12-3122
23334450,Epigenome-wide association data implicate DNA methylation as an intermediary of genetic risk in rheumatoid arthritis,"Liu Y, Aryee MJ, Padyukov L, Fallin MD, Hesselberg E, Runarsson A, Reinius L, Acevedo N, Taub M, Ronninger M, Shchetynsky K, Scheynius A, Kere J, Alfredsson L, Klareskog L, Ekström TJ, Feinberg AP.",Nat Biotechnol. 2013 Feb;31(2):142-7. doi: 10.1038/nbt.2487. Epub 2013 Jan 20.,Liu Y,Nat Biotechnol,2013,2013-01-22,PMC3598632,NIHMS430504,10.1038/nbt.2487
23325621,CRAVAT: cancer-related analysis of variants toolkit,"Douville C, Carter H, Kim R, Niknafs N, Diekhans M, Stenson PD, Cooper DN, Ryan M, Karchin R.",Bioinformatics. 2013 Mar 1;29(5):647-8. doi: 10.1093/bioinformatics/btt017. Epub 2013 Jan 16.,Douville C,Bioinformatics,2013,2013-01-18,PMC3582272,,10.1093/bioinformatics/btt017
23297405,Small molecule inhibitors of phospholipase C from a novel high-throughput screen,"Huang W, Barrett M, Hajicek N, Hicks S, Harden TK, Sondek J, Zhang Q.",J Biol Chem. 2013 Feb 22;288(8):5840-8. doi: 10.1074/jbc.M112.422501. Epub 2013 Jan 7.,Huang W,J Biol Chem,2013,2013-01-09,PMC3581404,,10.1074/jbc.M112.422501
23604310,RNA sequencing of cancer reveals novel splicing alterations,"Eswaran J, Horvath A, Godbole S, Reddy SD, Mudvari P, Ohshiro K, Cyanam D, Nair S, Fuqua SA, Polyak K, Florea LD, Kumar R.",Sci Rep. 2013;3:1689. doi: 10.1038/srep01689.,Eswaran J,Sci Rep,2013,2013-04-23,PMC3631769,,10.1038/srep01689
23549483,Construction of human activity-based phosphorylation networks,"Newman RH, Hu J, Rho HS, Xie Z, Woodard C, Neiswinger J, Cooper C, Shirley M, Clark HM, Hu S, Hwang W, Jeong JS, Wu G, Lin J, Gao X, Ni Q, Goel R, Xia S, Ji H, Dalby KN, Birnbaum MJ, Cole PA, Knapp S, Ryazanov AG, Zack DJ, Blackshaw S, Pawson T, Gingras AC, Desiderio S, Pandey A, Turk BE, Zhang J, Zhu H, Qian J.",Mol Syst Biol. 2013;9:655. doi: 10.1038/msb.2013.12.,Newman RH,Mol Syst Biol,2013,2013-04-04,PMC3658267,,10.1038/msb.2013.12
,Correction: Defining the Contribution of CNTNAP2 to Autism Susceptibility,"Sampath S, Bhat S, Gupta S, O’Connor A, West AB, Arking DE, Chakravarti A.",PLoS One. 2013 Dec 20;8(12):10.1371/annotation/b4552fc7-285e-42e8-b126-d498eaf9f73a. doi: 10.1371/annotation/b4552fc7-285e-42e8-b126-d498eaf9f73a. eCollection 2013.,Sampath S,PLoS One,2013,,PMC3869657,,10.1371/annotation/b4552fc7-285e-42e8-b126-d498eaf9f73a
23762209,"Global Mapping of Transcription Factor Binding Sites by Sequencing Chromatin Surrogates: a Perspective on Experimental Design, Data Analysis, and Open Problems","Wei Y, Wu G, Ji H.",Stat Biosci. 2013 May;5(1):156-178. doi: 10.1007/s12561-012-9066-5. Epub 2012 May 23.,Wei Y,Stat Biosci,2013,2013-06-14,PMC3677239,,10.1007/s12561-012-9066-5
22199379,Hawkeye and AMOS: visualizing and assessing the quality of genome assemblies,"Schatz MC, Phillippy AM, Sommer DD, Delcher AL, Puiu D, Narzisi G, Salzberg SL, Pop M.",Brief Bioinform. 2013 Mar;14(2):213-24. doi: 10.1093/bib/bbr074. Epub 2011 Dec 23.,Schatz MC,Brief Bioinform,2013,2011-12-27,PMC3603210,,10.1093/bib/bbr074
23234608,Fast detection of de novo copy number variants from SNP arrays for case-parent trios,"Scharpf RB, Beaty TH, Schwender H, Younkin SG, Scott AF, Ruczinski I.",BMC Bioinformatics. 2012 Dec 12;13:330. doi: 10.1186/1471-2105-13-330.,Scharpf RB,BMC Bioinformatics,2012,2012-12-14,PMC3576329,,10.1186/1471-2105-13-330
23194371,Computational thinking in the era of big data biology,Schatz MC.,Genome Biol. 2012 Nov 29;13(11):177. doi: 10.1186/gb-2012-13-11-177.,Schatz MC,Genome Biol,2012,2012-12-01,PMC3580488,,10.1186/gb-2012-13-11-177
23194258,iASeq: integrative analysis of allele-specificity of protein-DNA interactions in multiple ChIP-seq datasets,"Wei Y, Li X, Wang QF, Ji H.",BMC Genomics. 2012 Nov 29;13:681. doi: 10.1186/1471-2164-13-681.,Wei Y,BMC Genomics,2012,2012-12-01,PMC3576346,,10.1186/1471-2164-13-681
23176708,An S/T-Q cluster domain census unveils new putative targets under Tel1/Mec1 control,"Cheung HC, San Lucas FA, Hicks S, Chang K, Bertuch AA, Ribes-Zamora A.",BMC Genomics. 2012 Nov 23;13:664. doi: 10.1186/1471-2164-13-664.,Cheung HC,BMC Genomics,2012,2012-11-27,PMC3564818,,10.1186/1471-2164-13-664
23166209,Impact of ancestry and common genetic variants on QT interval in African Americans,"Smith JG, Avery CL, Evans DS, Nalls MA, Meng YA, Smith EN, Palmer C, Tanaka T, Mehra R, Butler AM, Young T, Buxbaum SG, Kerr KF, Berenson GS, Schnabel RB, Li G, Ellinor PT, Magnani JW, Chen W, Bis JC, Curb JD, Hsueh WC, Rotter JI, Liu Y, Newman AB, Limacher MC, North KE, Reiner AP, Quibrera PM, Schork NJ, Singleton AB, Psaty BM, Soliman EZ, Solomon AJ, Srinivasan SR, Alonso A, Wallace R, Redline S, Zhang ZM, Post WS, Zonderman AB, Taylor HA, Murray SS, Ferrucci L, Arking DE, Evans MK, Fox ER, Sotoodehnia N, Heckbert SR, Whitsel EA, Newton-Cheh C; CARe and COGENT consortia.",Circ Cardiovasc Genet. 2012 Dec;5(6):647-55. doi: 10.1161/CIRCGENETICS.112.962787. Epub 2012 Nov 19.,Smith JG,Circ Cardiovasc Genet,2012,2012-11-21,PMC3568265,NIHMS430186,10.1161/CIRCGENETICS.112.962787
23139255,Novel loci associated with PR interval in a genome-wide association study of 10 African American cohorts,"Butler AM, Yin X, Evans DS, Nalls MA, Smith EN, Tanaka T, Li G, Buxbaum SG, Whitsel EA, Alonso A, Arking DE, Benjamin EJ, Berenson GS, Bis JC, Chen W, Deo R, Ellinor PT, Heckbert SR, Heiss G, Hsueh WC, Keating BJ, Kerr KF, Li Y, Limacher MC, Liu Y, Lubitz SA, Marciante KD, Mehra R, Meng YA, Newman AB, Newton-Cheh C, North KE, Palmer CD, Psaty BM, Quibrera PM, Redline S, Reiner AP, Rotter JI, Schnabel RB, Schork NJ, Singleton AB, Smith JG, Soliman EZ, Srinivasan SR, Zhang ZM, Zonderman AB, Ferrucci L, Murray SS, Evans MK, Sotoodehnia N, Magnani JW, Avery CL.",Circ Cardiovasc Genet. 2012 Dec;5(6):639-46. doi: 10.1161/CIRCGENETICS.112.963991. Epub 2012 Nov 8.,Butler AM,Circ Cardiovasc Genet,2012,2012-11-10,PMC3560365,NIHMS428023,10.1161/CIRCGENETICS.112.963991
23111013,Thousands of missed genes found in bacterial genomes and their analysis with COMBREX,"Wood DE, Lin H, Levy-Moonshine A, Swaminathan R, Chang YC, Anton BP, Osmani L, Steffen M, Kasif S, Salzberg SL.",Biol Direct. 2012 Oct 30;7:37. doi: 10.1186/1745-6150-7-37.,Wood DE,Biol Direct,2012,2012-11-01,PMC3534567,,10.1186/1745-6150-7-37
23056331,Dynamics of regulatory networks in the developing mouse retina,"Hwang W, Hackler L Jr, Wu G, Ji H, Zack DJ, Qian J.",PLoS One. 2012;7(10):e46521. doi: 10.1371/journal.pone.0046521. Epub 2012 Oct 3.,Hwang W,PLoS One,2012,2012-10-12,PMC3463606,,10.1371/journal.pone.0046521
23034175,BSmooth: from whole genome bisulfite sequencing reads to differentially methylated regions,"Hansen KD, Langmead B, Irizarry RA.",Genome Biol. 2012 Oct 3;13(10):R83. doi: 10.1186/gb-2012-13-10-r83.,Hansen KD,Genome Biol,2012,2012-10-05,PMC3491411,,10.1186/gb-2012-13-10-r83
23028188,Whole-exome sequencing combined with functional genomics reveals novel candidate driver cancer genes in endometrial cancer,"Liang H, Cheung LW, Li J, Ju Z, Yu S, Stemke-Hale K, Dogruluk T, Lu Y, Liu X, Gu C, Guo W, Scherer SE, Carter H, Westin SN, Dyer MD, Verhaak RG, Zhang F, Karchin R, Liu CG, Lu KH, Broaddus RR, Scott KL, Hennessy BT, Mills GB.",Genome Res. 2012 Nov;22(11):2120-9. doi: 10.1101/gr.137596.112. Epub 2012 Oct 1.,Liang H,Genome Res,2012,2012-10-03,PMC3483541,,10.1101/gr.137596.112
23019145,Integration of ChIP-seq and machine learning reveals enhancers and a predictive regulatory sequence vocabulary in melanocytes,"Gorkin DU, Lee D, Reed X, Fletez-Brant C, Bessling SL, Loftus SK, Beer MA, Pavan WJ, McCallion AS.",Genome Res. 2012 Nov;22(11):2290-301. doi: 10.1101/gr.139360.112. Epub 2012 Sep 27.,Gorkin DU,Genome Res,2012,2012-09-29,PMC3483558,,10.1101/gr.139360.112
23029033,Panning of a phage display library against a synthetic capsule for peptide ligands that bind to the native capsule of Bacillus anthracis,"Beer M, Liu CQ.",PLoS One. 2012;7(9):e45472. doi: 10.1371/journal.pone.0045472. Epub 2012 Sep 19.,Beer M,PLoS One,2012,2012-10-03,PMC3446873,,10.1371/journal.pone.0045472
22990118,Charting the landscape of tandem BRCT domain-mediated protein interactions,"Woods NT, Mesquita RD, Sweet M, Carvalho MA, Li X, Liu Y, Nguyen H, Thomas CE, Iversen ES Jr, Marsillac S, Karchin R, Koomen J, Monteiro AN.",Sci Signal. 2012 Sep 18;5(242):rs6. doi: 10.1126/scisignal.2002255.,Woods NT,Sci Signal,2012,2012-09-20,PMC4064718,NIHMS586986,10.1126/scisignal.2002255
22983211,Reversible switching between epigenetic states in honeybee behavioral subcastes,"Herb BR, Wolschin F, Hansen KD, Aryee MJ, Langmead B, Irizarry R, Amdam GV, Feinberg AP.",Nat Neurosci. 2012 Oct;15(10):1371-3. doi: 10.1038/nn.3218. Epub 2012 Sep 16.,Herb BR,Nat Neurosci,2012,2012-09-18,PMC3518384,NIHMS402197,10.1038/nn.3218
22948728,Genotyping in the cloud with Crossbow,"Gurtowski J, Schatz MC, Langmead B.",Curr Protoc Bioinformatics. 2012 Sep;Chapter 15:15.3.1-15.3.15. doi: 10.1002/0471250953.bi1503s39.,Gurtowski J,Curr Protoc Bioinformatics,2012,2012-09-06,PMC3465669,NIHMS405578,10.1002/0471250953.bi1503s39
22916334,The human transcriptome: an unfinished story,Pertea M.,Genes (Basel). 2012 Sep;3(3):344-60. doi: 10.3390/genes3030344.,Pertea M,Genes (Basel),2012,2012-08-24,PMC3422666,NIHMS397405,10.3390/genes3030344
22936743,Meta-analysis of 2040 sickle cell anemia patients: BCL11A and HBS1L-MYB are the major modifiers of HbF in African Americans,"Bae HT, Baldwin CT, Sebastiani P, Telen MJ, Ashley-Koch A, Garrett M, Hooper WC, Bean CJ, Debaun MR, Arking DE, Bhatnagar P, Casella JF, Keefer JR, Barron-Casella E, Gordeuk V, Kato GJ, Minniti C, Taylor J, Campbell A, Luchtman-Jones L, Hoppe C, Gladwin MT, Zhang Y, Steinberg MH.",Blood. 2012 Aug 30;120(9):1961-2. doi: 10.1182/blood-2012-06-432849.,Bae HT,Blood,2012,2012-09-01,PMC3433099,,10.1182/blood-2012-06-432849
22911453,Constructing the angiome: a global angiogenesis protein interaction network,"Chu LH, Rivera CG, Popel AS, Bader JS.",Physiol Genomics. 2012 Oct 2;44(19):915-24. doi: 10.1152/physiolgenomics.00181.2011. Epub 2012 Aug 21.,Chu LH,Physiol Genomics,2012,2012-08-23,PMC3472464,,10.1152/physiolgenomics.00181.2011
22912661,Group normalization for genomic data,"Ghandi M, Beer MA.",PLoS One. 2012;7(8):e38695. doi: 10.1371/journal.pone.0038695. Epub 2012 Aug 13.,Ghandi M,PLoS One,2012,2012-08-23,PMC3418286,,10.1371/journal.pone.0038695
22912591,Fine-mapping and initial characterization of QT interval loci in African Americans,"Avery CL, Sethupathy P, Buyske S, He Q, Lin DY, Arking DE, Carty CL, Duggan D, Fesinmeyer MD, Hindorff LA, Jeff JM, Klein L, Patton KK, Peters U, Shohet RV, Sotoodehnia N, Young AM, Kooperberg C, Haiman CA, Mohlke KL, Whitsel EA, North KE.",PLoS Genet. 2012;8(8):e1002870. doi: 10.1371/journal.pgen.1002870. Epub 2012 Aug 9.,Avery CL,PLoS Genet,2012,2012-08-23,PMC3415454,,10.1371/journal.pgen.1002870
22880081,"Mis-assembled ""segmental duplications"" in two versions of the Bos taurus genome","Zimin AV, Kelley DR, Roberts M, Marçais G, Salzberg SL, Yorke JA.",PLoS One. 2012;7(8):e42680. doi: 10.1371/journal.pone.0042680. Epub 2012 Aug 3.,Zimin AV,PLoS One,2012,2012-08-11,PMC3411808,,10.1371/journal.pone.0042680
22844100,HapZipper: sharing HapMap populations just got easier,"Chanda P, Elhaik E, Bader JS.",Nucleic Acids Res. 2012 Nov 1;40(20):e159. doi: 10.1093/nar/gks709. Epub 2012 Jul 27.,Chanda P,Nucleic Acids Res,2012,2012-07-31,PMC3488212,,10.1093/nar/gks709
23587178,The rise of a digital immune system,"Schatz MC, Phillippy AM.",Gigascience. 2012 Jul 12;1(1):4. doi: 10.1186/2047-217X-1-4.,Schatz MC,Gigascience,2012,2013-04-17,PMC3617452,,10.1186/2047-217X-1-4
22783198,Control of dichotomic innate and adaptive immune responses by artery tertiary lymphoid organs in atherosclerosis,"Weih F, Gräbner R, Hu D, Beer M, Habenicht AJ.",Front Physiol. 2012 Jul 6;3:226. doi: 10.3389/fphys.2012.00226. eCollection 2012.,Weih F,Front Physiol,2012,2012-07-12,PMC3390894,,10.3389/fphys.2012.00226
22331678,Laser captured hepatocytes show association of butyrylcholinesterase gene loss and fibrosis progression in hepatitis C-infected drug users,"Munshaw S, Hwang HS, Torbenson M, Quinn J, Hansen KD, Astemborski J, Mehta SH, Ray SC, Thomas DL, Balagopal A.",Hepatology. 2012 Aug;56(2):544-54. doi: 10.1002/hep.25655. Epub 2012 Jul 6.,Munshaw S,Hepatology,2012,2012-02-15,PMC3388175,NIHMS356262,10.1002/hep.25655
22763266,Genetic variants in platelet factor 4 modulate inflammatory and platelet activation biomarkers,"Bhatnagar P, Lu X, Evans MK, Laveist TA, Zonderman AB, Carter DL, Arking DE, Fletcher CA.",Circ Cardiovasc Genet. 2012 Aug 1;5(4):412-21. doi: 10.1161/CIRCGENETICS.111.961813. Epub 2012 Jul 4.,Bhatnagar P,Circ Cardiovasc Genet,2012,2012-07-06,PMC3864008,NIHMS399178,10.1161/CIRCGENETICS.111.961813
22750884,Hybrid error correction and de novo assembly of single-molecule sequencing reads,"Koren S, Schatz MC, Walenz BP, Martin J, Howard JT, Ganapathy G, Wang Z, Rasko DA, McCombie WR, Jarvis ED, Adam M Phillippy.",Nat Biotechnol. 2012 Jul 1;30(7):693-700. doi: 10.1038/nbt.2280.,Koren S,Nat Biotechnol,2012,2012-07-04,PMC3707490,NIHMS378606,10.1038/nbt.2280
22738145,A statistical approach to selecting and confirming validation targets in -omics experiments,"Leek JT, Taub MA, Rasgon JL.",BMC Bioinformatics. 2012 Jun 27;13:150. doi: 10.1186/1471-2105-13-150.,Leek JT,BMC Bioinformatics,2012,2012-06-29,PMC3568710,,10.1186/1471-2105-13-150
22689777,How networks change with time,"Park Y, Bader JS.",Bioinformatics. 2012 Jun 15;28(12):i40-8. doi: 10.1093/bioinformatics/bts211.,Park Y,Bioinformatics,2012,2012-06-13,PMC3371843,,10.1093/bioinformatics/bts211
22703174,The genetics of sudden cardiac death,"Arking DE, Sotoodehnia N.",Annu Rev Genomics Hum Genet. 2012;13:223-39. doi: 10.1146/annurev-genom-090711-163841. Epub 2012 Jun 11.,Arking DE,Annu Rev Genomics Hum Genet,2012,2012-06-19,PMC3501725,NIHMS412762,10.1146/annurev-genom-090711-163841
22668792,Genomic dark matter: the reliability of short read mapping illustrated by the genome mappability score,"Lee H, Schatz MC.",Bioinformatics. 2012 Aug 15;28(16):2097-105. doi: 10.1093/bioinformatics/bts330. Epub 2012 Jun 4.,Lee H,Bioinformatics,2012,2012-06-07,PMC3413383,,10.1093/bioinformatics/bts330
22609909,The perils of gene patents,Salzberg SL.,Clin Pharmacol Ther. 2012 Jun;91(6):969-71. doi: 10.1038/clpt.2012.6.,Salzberg SL,Clin Pharmacol Ther,2012,2012-05-22,PMC3767156,NIHMS509396,10.1038/clpt.2012.6
22693455,Stratifying type 2 diabetes cases by BMI identifies genetic risk variants in LAMA1 and enrichment for risk variants in lean compared to obese cases,"Perry JR, Voight BF, Yengo L, Amin N, Dupuis J, Ganser M, Grallert H, Navarro P, Li M, Qi L, Steinthorsdottir V, Scott RA, Almgren P, Arking DE, Aulchenko Y, Balkau B, Benediktsson R, Bergman RN, Boerwinkle E, Bonnycastle L, Burtt NP, Campbell H, Charpentier G, Collins FS, Gieger C, Green T, Hadjadj S, Hattersley AT, Herder C, Hofman A, Johnson AD, Kottgen A, Kraft P, Labrune Y, Langenberg C, Manning AK, Mohlke KL, Morris AP, Oostra B, Pankow J, Petersen AK, Pramstaller PP, Prokopenko I, Rathmann W, Rayner W, Roden M, Rudan I, Rybin D, Scott LJ, Sigurdsson G, Sladek R, Thorleifsson G, Thorsteinsdottir U, Tuomilehto J, Uitterlinden AG, Vivequin S, Weedon MN, Wright AF; MAGIC; DIAGRAM Consortium; GIANT Consortium; Hu FB, Illig T, Kao L, Meigs JB, Wilson JF, Stefansson K, van Duijn C, Altschuler D, Morris AD, Boehnke M, McCarthy MI, Froguel P, Palmer CN, Wareham NJ, Groop L, Frayling TM, Cauchi S.",PLoS Genet. 2012 May;8(5):e1002741. doi: 10.1371/journal.pgen.1002741. Epub 2012 May 31.,Perry JR,PLoS Genet,2012,2012-06-14,PMC3364960,,10.1371/journal.pgen.1002741
22648186,Comprehensive evaluation of imputation performance in African Americans,"Chanda P, Yuhki N, Li M, Bader JS, Hartz A, Boerwinkle E, Kao WH, Arking DE.",J Hum Genet. 2012 Jul;57(7):411-21. doi: 10.1038/jhg.2012.43. Epub 2012 May 31.,Chanda P,J Hum Genet,2012,2012-06-01,PMC3477509,NIHMS410258,10.1038/jhg.2012.43
22645737,Using a nanopore for single molecule detection and single cell transfection,"Nelson EM, Kurz V, Shim J, Timp W, Timp G.",Analyst. 2012 Jul 7;137(13):3020-7. doi: 10.1039/c2an35571j. Epub 2012 May 29.,Nelson EM,Analyst,2012,2012-05-31,PMC3384492,NIHMS382114,10.1039/c2an35571j
22573477,Phenotype-optimized sequence ensembles substantially improve prediction of disease-causing mutation in cystic fibrosis,"Masica DL, Sosnay PR, Cutting GR, Karchin R.",Hum Mutat. 2012 Aug;33(8):1267-74. doi: 10.1002/humu.22110. Epub 2012 May 22.,Masica DL,Hum Mutat,2012,2012-05-11,PMC4364283,NIHMS572544,10.1002/humu.22110
22677395,DNA base-calling from a nanopore using a Viterbi algorithm,"Timp W, Comer J, Aksimentiev A.",Biophys J. 2012 May 16;102(10):L37-9. doi: 10.1016/j.bpj.2012.04.009. Epub 2012 May 15.,Timp W,Biophys J,2012,2012-06-09,PMC3353060,,10.1016/j.bpj.2012.04.009
22544366,Meta-analysis identifies six new susceptibility loci for atrial fibrillation,"Ellinor PT, Lunetta KL, Albert CM, Glazer NL, Ritchie MD, Smith AV, Arking DE, Müller-Nurasyid M, Krijthe BP, Lubitz SA, Bis JC, Chung MK, Dörr M, Ozaki K, Roberts JD, Smith JG, Pfeufer A, Sinner MF, Lohman K, Ding J, Smith NL, Smith JD, Rienstra M, Rice KM, Van Wagoner DR, Magnani JW, Wakili R, Clauss S, Rotter JI, Steinbeck G, Launer LJ, Davies RW, Borkovich M, Harris TB, Lin H, Völker U, Völzke H, Milan DJ, Hofman A, Boerwinkle E, Chen LY, Soliman EZ, Voight BF, Li G, Chakravarti A, Kubo M, Tedrow UB, Rose LM, Ridker PM, Conen D, Tsunoda T, Furukawa T, Sotoodehnia N, Xu S, Kamatani N, Levy D, Nakamura Y, Parvez B, Mahida S, Furie KL, Rosand J, Muhammad R, Psaty BM, Meitinger T, Perz S, Wichmann HE, Witteman JC, Kao WH, Kathiresan S, Roden DM, Uitterlinden AG, Rivadeneira F, McKnight B, Sjögren M, Newman AB, Liu Y, Gollob MH, Melander O, Tanaka T, Stricker BH, Felix SB, Alonso A, Darbar D, Barnard J, Chasman DI, Heckbert SR, Benjamin EJ, Gudnason V, Kääb S.",Nat Genet. 2012 Apr 29;44(6):670-5. doi: 10.1038/ng.2261.,Ellinor PT,Nat Genet,2012,2012-05-01,PMC3366038,NIHMS371179,10.1038/ng.2261
22558097,A genome-wide association study of total bilirubin and cholelithiasis risk in sickle cell anemia,"Milton JN, Sebastiani P, Solovieff N, Hartley SW, Bhatnagar P, Arking DE, Dworkis DA, Casella JF, Barron-Casella E, Bean CJ, Hooper WC, DeBaun MR, Garrett ME, Soldano K, Telen MJ, Ashley-Koch A, Gladwin MT, Baldwin CT, Steinberg MH, Klings ES.",PLoS One. 2012;7(4):e34741. doi: 10.1371/journal.pone.0034741. Epub 2012 Apr 27.,Milton JN,PLoS One,2012,2012-05-05,PMC3338756,,10.1371/journal.pone.0034741
22542183,De novo gene disruptions in children on the autistic spectrum,"Iossifov I, Ronemus M, Levy D, Wang Z, Hakker I, Rosenbaum J, Yamrom B, Lee YH, Narzisi G, Leotta A, Kendall J, Grabowska E, Ma B, Marks S, Rodgers L, Stepansky A, Troge J, Andrews P, Bekritsky M, Pradhan K, Ghiban E, Kramer M, Parla J, Demeter R, Fulton LL, Fulton RS, Magrini VJ, Ye K, Darnell JC, Darnell RB, Mardis ER, Wilson RK, Schatz MC, McCombie WR, Wigler M.",Neuron. 2012 Apr 26;74(2):285-99. doi: 10.1016/j.neuron.2012.04.009.,Iossifov I,Neuron,2012,2012-05-01,PMC3619976,NIHMS374246,10.1016/j.neuron.2012.04.009
22508319,Examining markers in 8q24 to explain differences in evidence for association with cleft lip with/without cleft palate between Asians and Europeans,"Murray T, Taub MA, Ruczinski I, Scott AF, Hetmanski JB, Schwender H, Patel P, Zhang TX, Munger RG, Wilcox AJ, Ye X, Wang H, Wu T, Wu-Chou YH, Shi B, Jee SH, Chong S, Yeow V, Murray JC, Marazita ML, Beaty TH.",Genet Epidemiol. 2012 May;36(4):392-9. doi: 10.1002/gepi.21633. Epub 2012 Apr 16.,Murray T,Genet Epidemiol,2012,2012-04-18,PMC3615645,NIHMS409566,10.1002/gepi.21633
22493251,Social environment is associated with gene regulatory variation in the rhesus macaque immune system,"Tung J, Barreiro LB, Johnson ZP, Hansen KD, Michopoulos V, Toufexis D, Michelini K, Wilson ME, Gilad Y.",Proc Natl Acad Sci U S A. 2012 Apr 24;109(17):6490-5. doi: 10.1073/pnas.1202734109. Epub 2012 Apr 9.,Tung J,Proc Natl Acad Sci U S A,2012,2012-04-12,PMC3340061,,10.1073/pnas.1202734109
22678881,Incorporating genotype uncertainties into the genotypic TDT for main effects and gene-environment interactions,"Taub MA, Schwender H, Beaty TH, Louis TA, Ruczinski I.",Genet Epidemiol. 2012 Apr;36(3):225-34. doi: 10.1002/gepi.21615.,Taub MA,Genet Epidemiol,2012,2012-06-09,PMC3645945,NIHMS457768,10.1002/gepi.21615
22415877,No interactions between previously associated 2-hour glucose gene variants and physical activity or BMI on 2-hour glucose levels,"Scott RA, Chu AY, Grarup N, Manning AK, Hivert MF, Shungin D, Tönjes A, Yesupriya A, Barnes D, Bouatia-Naji N, Glazer NL, Jackson AU, Kutalik Z, Lagou V, Marek D, Rasmussen-Torvik LJ, Stringham HM, Tanaka T, Aadahl M, Arking DE, Bergmann S, Boerwinkle E, Bonnycastle LL, Bornstein SR, Brunner E, Bumpstead SJ, Brage S, Carlson OD, Chen H, Chen YD, Chines PS, Collins FS, Couper DJ, Dennison EM, Dowling NF, Egan JS, Ekelund U, Erdos MR, Forouhi NG, Fox CS, Goodarzi MO, Grässler J, Gustafsson S, Hallmans G, Hansen T, Hingorani A, Holloway JW, Hu FB, Isomaa B, Jameson KA, Johansson I, Jonsson A, Jørgensen T, Kivimaki M, Kovacs P, Kumari M, Kuusisto J, Laakso M, Lecoeur C, Lévy-Marchal C, Li G, Loos RJ, Lyssenko V, Marmot M, Marques-Vidal P, Morken MA, Müller G, North KE, Pankow JS, Payne F, Prokopenko I, Psaty BM, Renström F, Rice K, Rotter JI, Rybin D, Sandholt CH, Sayer AA, Shrader P, Schwarz PE, Siscovick DS, Stancáková A, Stumvoll M, Teslovich TM, Waeber G, Williams GH, Witte DR, Wood AR, Xie W, Boehnke M, Cooper C, Ferrucci L, Froguel P, Groop L, Kao WH, Vollenweider P, Walker M, Watanabe RM, Pedersen O, Meigs JB, et al.",Diabetes. 2012 May;61(5):1291-6. doi: 10.2337/db11-0973. Epub 2012 Mar 13.,Scott RA,Diabetes,2012,2012-03-15,PMC3331745,,10.2337/db11-0973
22388286,Fast gapped-read alignment with Bowtie 2,"Langmead B, Salzberg SL.",Nat Methods. 2012 Mar 4;9(4):357-9. doi: 10.1038/nmeth.1923.,Langmead B,Nat Methods,2012,2012-03-06,PMC3322381,NIHMS366740,10.1038/nmeth.1923
22386507,Asthma outcomes: composite scores of asthma control,"Cloutier MM, Schatz M, Castro M, Clark N, Kelly HW, Mangione-Smith R, Sheller J, Sorkness C, Stoloff S, Gergen P.",J Allergy Clin Immunol. 2012 Mar;129(3 Suppl):S24-33. doi: 10.1016/j.jaci.2011.12.980.,Cloutier MM,J Allergy Clin Immunol,2012,2012-03-06,PMC4269334,NIHMS351201,10.1016/j.jaci.2011.12.980
22383036,Differential gene and transcript expression analysis of RNA-seq experiments with TopHat and Cufflinks,"Trapnell C, Roberts A, Goff L, Pertea G, Kim D, Kelley DR, Pimentel H, Salzberg SL, Rinn JL, Pachter L.",Nat Protoc. 2012 Mar 1;7(3):562-78. doi: 10.1038/nprot.2012.016.,Trapnell C,Nat Protoc,2012,2012-03-03,PMC3334321,NIHMS366741,10.1038/nprot.2012.016
22355776,Transcriptomic landscape of breast cancers through mRNA sequencing,"Eswaran J, Cyanam D, Mudvari P, Reddy SD, Pakala SB, Nair SS, Florea L, Fuqua SA, Godbole S, Kumar R.",Sci Rep. 2012;2:264. doi: 10.1038/srep00264. Epub 2012 Feb 14.,Eswaran J,Sci Rep,2012,2012-02-23,PMC3278922,,10.1038/srep00264
22318606,Functional dissection of lysine deacetylases reveals that HDAC1 and p300 regulate AMPK,"Lin YY, Kiihl S, Suhail Y, Liu SY, Chou YH, Kuang Z, Lu JY, Khor CN, Lin CL, Bader JS, Irizarry R, Boeke JD.",Nature. 2012 Feb 8;482(7384):251-5. doi: 10.1038/nature10804.,Lin YY,Nature,2012,2012-02-10,PMC3277212,NIHMS344876,10.1038/nature10804
22302350,"Somatic mutations in the Notch, NF-KB, PIK3CA, and Hedgehog pathways in human breast cancers","Jiao X, Wood LD, Lindman M, Jones S, Buckhaults P, Polyak K, Sukumar S, Carter H, Kim D, Karchin R, Sjöblom T.",Genes Chromosomes Cancer. 2012 May;51(5):480-9. doi: 10.1002/gcc.21935. Epub 2012 Feb 3.,Jiao X,Genes Chromosomes Cancer,2012,2012-02-04,PMC3302210,NIHMS353340,10.1002/gcc.21935
22285995,Removing technical variability in RNA-seq data using conditional quantile normalization,"Hansen KD, Irizarry RA, Wu Z.",Biostatistics. 2012 Apr;13(2):204-16. doi: 10.1093/biostatistics/kxr054. Epub 2012 Jan 27.,Hansen KD,Biostatistics,2012,2012-01-31,PMC3297825,,10.1093/biostatistics/kxr054
22251372,Postmortem cardiac tissue maintains gene expression profile even after late harvesting,"Gupta S, Halushka MK, Hilton GM, Arking DE.",BMC Genomics. 2012 Jan 17;13:26. doi: 10.1186/1471-2164-13-26.,Gupta S,BMC Genomics,2012,2012-01-19,PMC3342086,,10.1186/1471-2164-13-26
22147368,GAGE: A critical evaluation of genome assemblies and assembly algorithms,"Salzberg SL, Phillippy AM, Zimin A, Puiu D, Magoc T, Koren S, Treangen TJ, Schatz MC, Delcher AL, Roberts M, Marçais G, Pop M, Yorke JA.",Genome Res. 2012 Mar;22(3):557-67. doi: 10.1101/gr.131383.111. Epub 2012 Jan 6.,Salzberg SL,Genome Res,2012,2011-12-08,PMC3290791,,10.1101/gr.131383.111
22546054,Current challenges in de novo plant genome sequencing and assembly,"Schatz MC, Witkowski J, McCombie WR.",Genome Biol. 2012;13(4):243. doi: 10.1186/gb4015.,Schatz MC,Genome Biol,2012,2012-05-02,PMC3446297,,10.1186/gb4015
,iASeq: integrating multiple chip-seq datasets for detecting allele-specific binding,"Wei Y, Li X, Wang Q, Ji H.",BMC Bioinformatics. 2012 Dec 14;13(Suppl 18):A6. doi: 10.1186/1471-2105-13-S18-A6. eCollection 2012.,Wei Y,BMC Bioinformatics,2012,,PMC3522027,,10.1186/1471-2105-13-S18-A6
,Bernoulli mixture models in application to the evaluation of algorithms estimating functionality of missense mutations,"Hicks S, Plon SE, Kimmel M.",BMC Proc. 2012 Oct 1;6(Suppl 6):P15. doi: 10.1186/1753-6561-6-S6-P15. eCollection 2012.,Hicks S,BMC Proc,2012,,PMC3467475,,10.1186/1753-6561-6-S6-P15
,Illuminating the genetics of complex human diseases,Schatz MC.,BMC Proc. 2012 Oct 1;6(Suppl 6):O4. doi: 10.1186/1753-6561-6-S6-O4. eCollection 2012.,Schatz MC,BMC Proc,2012,,PMC3467579,,10.1186/1753-6561-6-S6-O4
22203998,Rate of meristem maturation determines inflorescence architecture in tomato,"Park SJ, Jiang K, Schatz MC, Lippman ZB.",Proc Natl Acad Sci U S A. 2012 Jan 10;109(2):639-44. doi: 10.1073/pnas.1114963109. Epub 2011 Dec 27.,Park SJ,Proc Natl Acad Sci U S A,2012,2011-12-29,PMC3258637,,10.1073/pnas.1114963109
22150644,Rapid testing of SNPs and gene-environment interactions in case-parent trio data based on exact analytic parameter estimation,"Schwender H, Taub MA, Beaty TH, Marazita ML, Ruczinski I.",Biometrics. 2012 Sep;68(3):766-73. doi: 10.1111/j.1541-0420.2011.01713.x. Epub 2011 Dec 7.,Schwender H,Biometrics,2012,2011-12-14,PMC3387527,NIHMS364403,10.1111/j.1541-0420.2011.01713.x
22102569,Gene prediction with Glimmer for metagenomic sequences augmented by classification and clustering,"Kelley DR, Liu B, Delcher AL, Pop M, Salzberg SL.",Nucleic Acids Res. 2012 Jan;40(1):e9. doi: 10.1093/nar/gkr1067. Epub 2011 Nov 18.,Kelley DR,Nucleic Acids Res,2012,2011-11-22,PMC3245904,,10.1093/nar/gkr1067
22158988,Whole-exome sequencing of neoplastic cysts of the pancreas reveals recurrent mutations in components of ubiquitin-dependent pathways,"Wu J, Jiao Y, Dal Molin M, Maitra A, de Wilde RF, Wood LD, Eshleman JR, Goggins MG, Wolfgang CL, Canto MI, Schulick RD, Edil BH, Choti MA, Adsay V, Klimstra DS, Offerhaus GJ, Klein AP, Kopelovich L, Carter H, Karchin R, Allen PJ, Schmidt CM, Naito Y, Diaz LA Jr, Kinzler KW, Papadopoulos N, Hruban RH, Vogelstein B.",Proc Natl Acad Sci U S A. 2011 Dec 27;108(52):21188-93. doi: 10.1073/pnas.1118046108. Epub 2011 Dec 8.,Wu J,Proc Natl Acad Sci U S A,2011,2011-12-14,PMC3248495,,10.1073/pnas.1118046108
22124482,Repetitive DNA and next-generation sequencing: computational challenges and solutions,"Treangen TJ, Salzberg SL.",Nat Rev Genet. 2011 Nov 29;13(1):36-46. doi: 10.1038/nrg3117.,Treangen TJ,Nat Rev Genet,2011,2011-11-30,PMC3324860,NIHMS366744,10.1038/nrg3117
22123943,Complex microbiome underlying secondary and primary metabolism in the tunicate-Prochloron symbiosis,"Donia MS, Fricke WF, Partensky F, Cox J, Elshahawi SI, White JR, Phillippy AM, Schatz MC, Piel J, Haygood MG, Ravel J, Schmidt EW.",Proc Natl Acad Sci U S A. 2011 Dec 20;108(51):E1423-32. doi: 10.1073/pnas.1111712108. Epub 2011 Nov 28.,Donia MS,Proc Natl Acad Sci U S A,2011,2011-11-30,PMC3251135,,10.1073/pnas.1111712108
22111718,Daily or intermittent budesonide in preschool children with recurrent wheezing,"Zeiger RS, Mauger D, Bacharier LB, Guilbert TW, Martinez FD, Lemanske RF Jr, Strunk RC, Covar R, Szefler SJ, Boehmer S, Jackson DJ, Sorkness CA, Gern JE, Kelly HW, Friedman NJ, Mellon MH, Schatz M, Morgan WJ, Chinchilli VM, Raissy HH, Bade E, Malka-Rais J, Beigelman A, Taussig LM; CARE Network of the National Heart, Lung, and Blood Institute.",N Engl J Med. 2011 Nov 24;365(21):1990-2001. doi: 10.1056/NEJMoa1104647.,Zeiger RS,N Engl J Med,2011,2011-11-25,PMC3247621,NIHMS342558,10.1056/NEJMoa1104647
22087737,ReCount: a multi-experiment resource of analysis-ready RNA-seq gene count datasets,"Frazee AC, Langmead B, Leek JT.",BMC Bioinformatics. 2011 Nov 16;12:449. doi: 10.1186/1471-2105-12-449.,Frazee AC,BMC Bioinformatics,2011,2011-11-18,PMC3229291,,10.1186/1471-2105-12-449
22096506,Cooperation between referees and authors increases peer review accuracy,"Leek JT, Taub MA, Pineda FJ.",PLoS One. 2011;6(11):e26895. doi: 10.1371/journal.pone.0026895. Epub 2011 Nov 9.,Leek JT,PLoS One,2011,2011-11-19,PMC3212530,,10.1371/journal.pone.0026895
22113502,Disruption of p16 and activation of Kras in pancreas increase ductal adenocarcinoma formation and metastasis in vivo,"Qiu W, Sahin F, Iacobuzio-Donahue CA, Garcia-Carracedo D, Wang WM, Kuo CY, Chen D, Arking DE, Lowy AM, Hruban RH, Remotti HE, Su GH.",Oncotarget. 2011 Nov;2(11):862-73. doi: 10.18632/oncotarget.357.,Qiu W,Oncotarget,2011,2011-11-25,PMC3259996,,10.18632/oncotarget.357
22018358,Integrating diverse genomic data using gene sets,"Tyekucheva S, Marchionni L, Karchin R, Parmigiani G.",Genome Biol. 2011 Oct 21;12(10):R105. doi: 10.1186/gb-2011-12-10-r105.,Tyekucheva S,Genome Biol,2011,2011-10-25,PMC3333775,,10.1186/gb-2011-12-10-r105
22039435,Cell-type independent MYC target genes reveal a primordial signature involved in biomass accumulation,"Ji H, Wu G, Zhan X, Nolan A, Koh C, De Marzo A, Doan HM, Fan J, Cheadle C, Fallahi M, Cleveland JL, Dang CV, Zeller KI.",PLoS One. 2011;6(10):e26057. doi: 10.1371/journal.pone.0026057. Epub 2011 Oct 19.,Ji H,PLoS One,2011,2011-11-01,PMC3198433,,10.1371/journal.pone.0026057
21988240,Mechanism of activation and inactivation of Gq/phospholipase C-β signaling nodes,"Harden TK, Waldo GL, Hicks SN, Sondek J.",Chem Rev. 2011 Oct 12;111(10):6120-9. doi: 10.1021/cr200209p.,Harden TK,Chem Rev,2011,2011-10-13,PMC3626114,NIHMS449101,10.1021/cr200209p
21955804,Effective detection of rare variants in pooled DNA samples using Cross-pool tailcurve analysis,"Niranjan TS, Adamczyk A, Bravo HC, Taub MA, Wheelan SJ, Irizarry R, Wang T.",Genome Biol. 2011 Sep 28;12(9):R93. doi: 10.1186/gb-2011-12-9-r93.,Niranjan TS,Genome Biol,2011,2011-09-30,PMC3308056,,10.1186/gb-2011-12-9-r93
21966264,Network models of TEM β-lactamase mutations coevolving under antibiotic selection show modular structure and anticipate evolutionary trajectories,"Guthrie VB, Allen J, Camps M, Karchin R.",PLoS Comput Biol. 2011 Sep;7(9):e1002184. doi: 10.1371/journal.pcbi.1002184. Epub 2011 Sep 22.,Guthrie VB,PLoS Comput Biol,2011,2011-10-04,PMC3178621,,10.1371/journal.pcbi.1002184
,Effective detection of rare variants in pooled DNA samples using cross-pool tail-curve analysis,"Niranjan TS, Adamczyk A, Bravo HC, Taub MA, Wheelan SJ, Irizarry R, Wang T.",Genome Biol. 2011;12(Suppl 1):P45. doi: 10.1186/gb-2011-12-s1-p45. Epub 2011 Sep 19.,Niranjan TS,Genome Biol,2011,,PMC3439029,,10.1186/gb-2011-12-s1-p45
21926179,Assemblathon 1: a competitive assessment of de novo short read assembly methods,"Earl D, Bradnam K, St John J, Darling A, Lin D, Fass J, Yu HO, Buffalo V, Zerbino DR, Diekhans M, Nguyen N, Ariyaratne PN, Sung WK, Ning Z, Haimel M, Simpson JT, Fonseca NA, Birol İ, Docking TR, Ho IY, Rokhsar DS, Chikhi R, Lavenier D, Chapuis G, Naquin D, Maillet N, Schatz MC, Kelley DR, Phillippy AM, Koren S, Yang SP, Wu W, Chou WC, Srivastava A, Shaw TI, Ruby JG, Skewes-Cox P, Betegon M, Dimon MT, Solovyev V, Seledtsov I, Kosarev P, Vorobyev D, Ramirez-Gonzalez R, Leggett R, MacLean D, Xia F, Luo R, Li Z, Xie Y, Liu B, Gnerre S, MacCallum I, Przybylski D, Ribeiro FJ, Yin S, Sharpe T, Hall G, Kersey PJ, Durbin R, Jackman SD, Chapman JA, Huang X, DeRisi JL, Caccamo M, Li Y, Jaffe DB, Green RE, Haussler D, Korf I, Paten B.",Genome Res. 2011 Dec;21(12):2224-41. doi: 10.1101/gr.126599.111. Epub 2011 Sep 16.,Earl D,Genome Res,2011,2011-09-20,PMC3227110,,10.1101/gr.126599.111
21918511,Synthetic chromosome arms function in yeast and generate phenotypic diversity by design,"Dymond JS, Richardson SM, Coombes CE, Babatz T, Muller H, Annaluru N, Blake WJ, Schwerzmann JW, Dai J, Lindstrom DL, Boeke AC, Gottschling DE, Chandrasegaran S, Bader JS, Boeke JD.",Nature. 2011 Sep 14;477(7365):471-6. doi: 10.1038/nature10403.,Dymond JS,Nature,2011,2011-09-16,PMC3774833,NIHMS511248,10.1038/nature10403
21931866,Analysis of VEGF--a regulated gene expression in endothelial cells to identify genes linked to angiogenesis,"Rivera CG, Mellberg S, Claesson-Welsh L, Bader JS, Popel AS.",PLoS One. 2011;6(9):e24887. doi: 10.1371/journal.pone.0024887. Epub 2011 Sep 13.,Rivera CG,PLoS One,2011,2011-09-21,PMC3172305,,10.1371/journal.pone.0024887
21866962,Novel peptide-specific quantitative structure-activity relationship (QSAR) analysis applied to collagen IV peptides with antiangiogenic activity,"Rivera CG, Rosca EV, Pandey NB, Koskimaki JE, Bader JS, Popel AS.",J Med Chem. 2011 Oct 13;54(19):6492-500. doi: 10.1021/jm200114f. Epub 2011 Sep 13.,Rivera CG,J Med Chem,2011,2011-08-27,PMC3195544,NIHMS324937,10.1021/jm200114f
21909115,Genetic variants in novel pathways influence blood pressure and cardiovascular disease risk,"International Consortium for Blood Pressure Genome-Wide Association Studies; Ehret GB, Munroe PB, Rice KM, Bochud M, Johnson AD, Chasman DI, Smith AV, Tobin MD, Verwoert GC, Hwang SJ, Pihur V, Vollenweider P, O'Reilly PF, Amin N, Bragg-Gresham JL, Teumer A, Glazer NL, Launer L, Zhao JH, Aulchenko Y, Heath S, Sõber S, Parsa A, Luan J, Arora P, Dehghan A, Zhang F, Lucas G, Hicks AA, Jackson AU, Peden JF, Tanaka T, Wild SH, Rudan I, Igl W, Milaneschi Y, Parker AN, Fava C, Chambers JC, Fox ER, Kumari M, Go MJ, van der Harst P, Kao WH, Sjögren M, Vinay DG, Alexander M, Tabara Y, Shaw-Hawkins S, Whincup PH, Liu Y, Shi G, Kuusisto J, Tayo B, Seielstad M, Sim X, Nguyen KD, Lehtimäki T, Matullo G, Wu Y, Gaunt TR, Onland-Moret NC, Cooper MN, Platou CG, Org E, Hardy R, Dahgam S, Palmen J, Vitart V, Braund PS, Kuznetsova T, Uiterwaal CS, Adeyemo A, Palmas W, Campbell H, Ludwig B, Tomaszewski M, Tzoulaki I, Palmer ND; CARDIoGRAM consortium; CKDGen Consortium; KidneyGen Consortium; EchoGen consortium; CHARGE-HF consortium; Aspelund T, Garcia M, Chang YP, O'Connell JR, Steinle NI, Grobbee DE, Arking DE, Kardia SL, Morrison AC, Hernandez D, Najjar S, McArdle WL, Hadley D, Brown MJ, Connell JM, et al.",Nature. 2011 Sep 11;478(7367):103-9. doi: 10.1038/nature10405.,International Consortium for Blood Pressure Genome-Wide Association Studies,Nature,2011,2011-09-13,PMC3340926,NIHMS314865,10.1038/nature10405
21903629,FLASH: fast length adjustment of short reads to improve genome assemblies,"Magoč T, Salzberg SL.",Bioinformatics. 2011 Nov 1;27(21):2957-63. doi: 10.1093/bioinformatics/btr507. Epub 2011 Sep 7.,Magoč T,Bioinformatics,2011,2011-09-10,PMC3198573,,10.1093/bioinformatics/btr507
21875935,Discriminative prediction of mammalian enhancers from DNA sequence,"Lee D, Karchin R, Beer MA.",Genome Res. 2011 Dec;21(12):2167-80. doi: 10.1101/gr.121905.111. Epub 2011 Aug 29.,Lee D,Genome Res,2011,2011-08-31,PMC3227105,,10.1101/gr.121905.111
21846873,"Large-scale candidate gene analysis in whites and African Americans identifies IL6R polymorphism in relation to atrial fibrillation: the National Heart, Lung, and Blood Institute's Candidate Gene Association Resource (CARe) project","Schnabel RB, Kerr KF, Lubitz SA, Alkylbekova EL, Marcus GM, Sinner MF, Magnani JW, Wolf PA, Deo R, Lloyd-Jones DM, Lunetta KL, Mehra R, Levy D, Fox ER, Arking DE, Mosley TH, Müller-Nurasyid M, Young TR, Wichmann HE, Seshadri S, Farlow DN, Rotter JI, Soliman EZ, Glazer NL, Wilson JG, Breteler MM, Sotoodehnia N, Newton-Cheh C, Kääb S, Ellinor PT, Alonso A, Benjamin EJ, Heckbert SR; Candidate Gene Association Resource (CARe) Atrial Fibrillation/Electrocardiography Working Group.",Circ Cardiovasc Genet. 2011 Oct;4(5):557-64. doi: 10.1161/CIRCGENETICS.110.959197. Epub 2011 Aug 16.,Schnabel RB,Circ Cardiovasc Genet,2011,2011-08-18,PMC3224824,NIHMS325671,10.1161/CIRCGENETICS.110.959197
21835007,TopHat-Fusion: an algorithm for discovery of novel fusion transcripts,"Kim D, Salzberg SL.",Genome Biol. 2011 Aug 11;12(8):R72. doi: 10.1186/gb-2011-12-8-r72.,Kim D,Genome Biol,2011,2011-08-13,PMC3245612,,10.1186/gb-2011-12-8-r72
21829371,Gene-based tests of association,"Huang H, Chanda P, Alonso A, Bader JS, Arking DE.",PLoS Genet. 2011 Jul;7(7):e1002177. doi: 10.1371/journal.pgen.1002177. Epub 2011 Jul 28.,Huang H,PLoS Genet,2011,2011-08-11,PMC3145613,,10.1371/journal.pgen.1002177
21785140,Yeast two-hybrid junk sequences contain selected linear motifs,"Liu Y, Woods NT, Kim D, Sweet M, Monteiro AN, Karchin R.",Nucleic Acids Res. 2011 Oct;39(19):e128. doi: 10.1093/nar/gkr600. Epub 2011 Jul 23.,Liu Y,Nucleic Acids Res,2011,2011-07-26,PMC3201885,,10.1093/nar/gkr600
21784931,Two new complete genome sequences offer insight into host and tissue specificity of plant pathogenic Xanthomonas spp,"Bogdanove AJ, Koebnik R, Lu H, Furutani A, Angiuoli SV, Patil PB, Van Sluys MA, Ryan RP, Meyer DF, Han SW, Aparna G, Rajaram M, Delcher AL, Phillippy AM, Puiu D, Schatz MC, Shumway M, Sommer DD, Trapnell C, Benahmed F, Dimitrov G, Madupu R, Radune D, Sullivan S, Jha G, Ishihara H, Lee SW, Pandey A, Sharma V, Sriariyanun M, Szurek B, Vera-Cruz CM, Dorman KS, Ronald PC, Verdier V, Dow JM, Sonti RV, Tsuge S, Brendel VP, Rabinowicz PD, Leach JE, White FF, Salzberg SL.",J Bacteriol. 2011 Oct;193(19):5450-64. doi: 10.1128/JB.05262-11. Epub 2011 Jul 22.,Bogdanove AJ,J Bacteriol,2011,2011-07-26,PMC3187462,,10.1128/JB.05262-11
21747377,Sequencing technology does not eliminate biological variability,"Hansen KD, Wu Z, Irizarry RA, Leek JT.",Nat Biotechnol. 2011 Jul 11;29(7):572-3. doi: 10.1038/nbt.1910.,Hansen KD,Nat Biotechnol,2011,2011-07-13,PMC3137276,NIHMS287698,10.1038/nbt.1910
21743092,Exploring biologically relevant pathways in frailty,"Ho YY, Matteini AM, Beamer B, Fried L, Xue QL, Arking DE, Chakravarti A, Fallin MD, Walston J.",J Gerontol A Biol Sci Med Sci. 2011 Sep;66(9):975-9. doi: 10.1093/gerona/glr061. Epub 2011 Jul 9.,Ho YY,J Gerontol A Biol Sci Med Sci,2011,2011-07-12,PMC3156628,,10.1093/gerona/glr061
21726447,Detection of lineage-specific evolutionary changes among primate species,"Pertea M, Pertea GM, Salzberg SL.",BMC Bioinformatics. 2011 Jul 4;12:274. doi: 10.1186/1471-2105-12-274.,Pertea M,BMC Bioinformatics,2011,2011-07-06,PMC3143108,,10.1186/1471-2105-12-274
21725293,Genome-scale epigenetic reprogramming during epithelial-to-mesenchymal transition,"McDonald OG, Wu H, Timp W, Doi A, Feinberg AP.",Nat Struct Mol Biol. 2011 Jul 3;18(8):867-74. doi: 10.1038/nsmb.2084.,McDonald OG,Nat Struct Mol Biol,2011,2011-07-05,PMC3150339,NIHMS294066,10.1038/nsmb.2084
21738491,Identification of a sudden cardiac death susceptibility locus at 2q24.2 through genome-wide association in European ancestry individuals,"Arking DE, Junttila MJ, Goyette P, Huertas-Vazquez A, Eijgelsheim M, Blom MT, Newton-Cheh C, Reinier K, Teodorescu C, Uy-Evanado A, Carter-Monroe N, Kaikkonen KS, Kortelainen ML, Boucher G, Lagacé C, Moes A, Zhao X, Kolodgie F, Rivadeneira F, Hofman A, Witteman JC, Uitterlinden AG, Marsman RF, Pazoki R, Bardai A, Koster RW, Dehghan A, Hwang SJ, Bhatnagar P, Post W, Hilton G, Prineas RJ, Li M, Köttgen A, Ehret G, Boerwinkle E, Coresh J, Kao WH, Psaty BM, Tomaselli GF, Sotoodehnia N, Siscovick DS, Burke GL, Marbán E, Spooner PM, Cupples LA, Jui J, Gunson K, Kesäniemi YA, Wilde AA, Tardif JC, O'Donnell CJ, Bezzina CR, Virmani R, Stricker BH, Tan HL, Albert CM, Chakravarti A, Rioux JD, Huikuri HV, Chugh SS.",PLoS Genet. 2011 Jun;7(6):e1002158. doi: 10.1371/journal.pgen.1002158. Epub 2011 Jun 30.,Arking DE,PLoS Genet,2011,2011-07-09,PMC3128111,,10.1371/journal.pgen.1002158
21718539,Improving pan-genome annotation using whole genome multiple alignment,"Angiuoli SV, Dunning Hotopp JC, Salzberg SL, Tettelin H.",BMC Bioinformatics. 2011 Jun 30;12:272. doi: 10.1186/1471-2105-12-272.,Angiuoli SV,BMC Bioinformatics,2011,2011-07-02,PMC3142524,,10.1186/1471-2105-12-272
21712381,Acireductone dioxygenase 1 (ARD1) is an effector of the heterotrimeric G protein beta subunit in Arabidopsis,"Friedman EJ, Wang HX, Jiang K, Perovic I, Deshpande A, Pochapsky TC, Temple BR, Hicks SN, Harden TK, Jones AM.",J Biol Chem. 2011 Aug 26;286(34):30107-18. doi: 10.1074/jbc.M111.227256. Epub 2011 Jun 28.,Friedman EJ,J Biol Chem,2011,2011-06-30,PMC3191050,,10.1074/jbc.M111.227256
21706001,Increased methylation variation in epigenetic domains across cancer types,"Hansen KD, Timp W, Bravo HC, Sabunciyan S, Langmead B, McDonald OG, Wen B, Wu H, Liu Y, Diep D, Briem E, Zhang K, Irizarry RA, Feinberg AP.",Nat Genet. 2011 Jun 26;43(8):768-75. doi: 10.1038/ng.865.,Hansen KD,Nat Genet,2011,2011-06-28,PMC3145050,NIHMS299446,10.1038/ng.865
21731731,Genome assembly has a major impact on gene content: a comparison of annotation in two Bos taurus assemblies,"Florea L, Souvorov A, Kalbfleisch TS, Salzberg SL.",PLoS One. 2011;6(6):e21400. doi: 10.1371/journal.pone.0021400. Epub 2011 Jun 22.,Florea L,PLoS One,2011,2011-07-07,PMC3120881,,10.1371/journal.pone.0021400
21685053,CHASM and SNVBox: toolkit for detecting biologically important single nucleotide mutations in cancer,"Wong WC, Kim D, Carter H, Diekhans M, Ryan MC, Karchin R.",Bioinformatics. 2011 Aug 1;27(15):2147-8. doi: 10.1093/bioinformatics/btr357. Epub 2011 Jun 17.,Wong WC,Bioinformatics,2011,2011-06-21,PMC3137226,,10.1093/bioinformatics/btr357
21682935,Grand network convergence,Bader JS.,Genome Biol. 2011 Jun 17;12(6):306. doi: 10.1186/gb-2011-12-6-306.,Bader JS,Genome Biol,2011,2011-06-21,PMC3218839,,10.1186/gb-2011-12-6-306
21627792,Complete Columbian mammoth mitogenome suggests interbreeding with woolly mammoths,"Enk J, Devault A, Debruyne R, King CE, Treangen T, O'Rourke D, Salzberg SL, Fisher D, MacPhee R, Poinar H.",Genome Biol. 2011;12(5):R51. doi: 10.1186/gb-2011-12-5-r51. Epub 2011 May 31.,Enk J,Genome Biol,2011,2011-06-02,PMC3219973,,10.1186/gb-2011-12-5-r51
21637803,Exonic DNA sequencing of ERBB4 in bipolar disorder,"Goes FS, Rongione M, Chen YC, Karchin R, Elhaik E; Bipolar Genome Study; Potash JB.",PLoS One. 2011;6(5):e20242. doi: 10.1371/journal.pone.0020242. Epub 2011 May 26.,Goes FS,PLoS One,2011,2011-06-04,PMC3102700,,10.1371/journal.pone.0020242
21622658,Roles of DNA polymerase I in leading and lagging-strand replication defined by a high-resolution mutation footprint of ColE1 plasmid replication,"Allen JM, Simcha DM, Ericson NG, Alexander DL, Marquette JT, Van Biber BP, Troll CJ, Karchin R, Bielas JH, Loeb LA, Camps M.",Nucleic Acids Res. 2011 Sep 1;39(16):7020-33. doi: 10.1093/nar/gkr157. Epub 2011 May 26.,Allen JM,Nucleic Acids Res,2011,2011-05-31,PMC3167613,,10.1093/nar/gkr157
21590489,"Angiogenesis-associated crosstalk between collagens, CXC chemokines, and thrombospondin domain-containing proteins","Rivera CG, Bader JS, Popel AS.",Ann Biomed Eng. 2011 Aug;39(8):2213-22. doi: 10.1007/s10439-011-0325-2. Epub 2011 May 18.,Rivera CG,Ann Biomed Eng,2011,2011-05-19,PMC3150481,NIHMS312048,10.1007/s10439-011-0325-2
21555372,Correlation of somatic mutation and expression identifies genes important in human glioblastoma progression and survival,"Masica DL, Karchin R.",Cancer Res. 2011 Jul 1;71(13):4550-61. doi: 10.1158/0008-5472.CAN-11-0180. Epub 2011 May 9.,Masica DL,Cancer Res,2011,2011-05-11,PMC3129415,NIHMS294817,10.1158/0008-5472.CAN-11-0180
21551146,Sim4db and Leaff: utilities for fast batch spliced alignment and sequence indexing,"Walenz B, Florea L.",Bioinformatics. 2011 Jul 1;27(13):1869-70. doi: 10.1093/bioinformatics/btr285. Epub 2011 May 6.,Walenz B,Bioinformatics,2011,2011-05-10,PMC3117389,,10.1093/bioinformatics/btr285
22523482,Using the R Package crlmm for Genotyping and Copy Number Estimation,"Scharpf RB, Irizarry RA, Ritchie ME, Carvalho B, Ruczinski I.",J Stat Softw. 2011 May 1;40(12):1-32.,Scharpf RB,J Stat Softw,2011,2012-04-24,PMC3329223,NIHMS308131,
21527926,"PhymmBL expanded: confidence scores, custom databases, parallelization and more","Brady A, Salzberg S.",Nat Methods. 2011 May;8(5):367. doi: 10.1038/nmeth0511-367.,Brady A,Nat Methods,2011,2011-04-30,PMC3319356,NIHMS366757,10.1038/nmeth0511-367
21518926,MLL fusion proteins preferentially regulate a subset of wild-type MLL target genes in the leukemic genome,"Wang QF, Wu G, Mi S, He F, Wu J, Dong J, Luo RT, Mattison R, Kaberlein JJ, Prabhakar S, Ji H, Thirman MJ.",Blood. 2011 Jun 23;117(25):6895-905. doi: 10.1182/blood-2010-12-324699. Epub 2011 Apr 25.,Wang QF,Blood,2011,2011-04-27,PMC3128481,,10.1182/blood-2010-12-324699
21478196,Performance assessment of copy number microarray platforms using a spike-in experiment,"Halper-Stromberg E, Frelin L, Ruczinski I, Scharpf R, Jie C, Carvalho B, Hao H, Hetrick K, Jedlicka A, Dziedzic A, Doheny K, Scott AF, Baylin S, Pevsner J, Spencer F, Irizarry RA.",Bioinformatics. 2011 Apr 15;27(8):1052-60. doi: 10.1093/bioinformatics/btr106.,Halper-Stromberg E,Bioinformatics,2011,2011-04-12,PMC3072561,,10.1093/bioinformatics/btr106
21480434,Prediction of missense mutation functionality depends on both the algorithm and sequence alignment employed,"Hicks S, Wheeler DA, Plon SE, Kimmel M.",Hum Mutat. 2011 Jun;32(6):661-8. doi: 10.1002/humu.21490. Epub 2011 Apr 7.,Hicks S,Hum Mutat,2011,2011-04-12,PMC4154965,NIHMS276846,10.1002/humu.21490
21450710,hmChIP: a database and web server for exploring publicly available human and mouse ChIP-seq and ChIP-chip data,"Chen L, Wu G, Ji H.",Bioinformatics. 2011 May 15;27(10):1447-8. doi: 10.1093/bioinformatics/btr156. Epub 2011 Mar 30.,Chen L,Bioinformatics,2011,2011-04-01,PMC3087956,,10.1093/bioinformatics/btr156
21418618,Closure of the NCBI SRA and implications for the long-term future of genomics data storage,"Lipman D, Flicek P, Salzberg S, Gerstein M, Knight R.",Genome Biol. 2011;12(3):402. doi: 10.1186/gb-2011-12-3-402. Epub 2011 Mar 22.,Lipman D,Genome Biol,2011,2011-03-23,PMC3129670,,10.1186/gb-2011-12-3-402
21383169,Bacillus anthracis comparative genome analysis in support of the Amerithrax investigation,"Rasko DA, Worsham PL, Abshire TG, Stanley ST, Bannan JD, Wilson MR, Langham RJ, Decker RS, Jiang L, Read TD, Phillippy AM, Salzberg SL, Pop M, Van Ert MN, Kenefic LJ, Keim PS, Fraser-Liggett CM, Ravel J.",Proc Natl Acad Sci U S A. 2011 Mar 22;108(12):5027-32. doi: 10.1073/pnas.1016657108. Epub 2011 Mar 7.,Rasko DA,Proc Natl Acad Sci U S A,2011,2011-03-09,PMC3064363,,10.1073/pnas.1016657108
21400695,Using CisGenome to analyze ChIP-chip and ChIP-seq data,"Ji H, Jiang H, Ma W, Wong WH.",Curr Protoc Bioinformatics. 2011 Mar;Chapter 2:Unit2.13. doi: 10.1002/0471250953.bi0213s33.,Ji H,Curr Protoc Bioinformatics,2011,2011-03-15,PMC3072298,NIHMS278142,10.1002/0471250953.bi0213s33
21355061,CUBN is a gene locus for albuminuria,"Böger CA, Chen MH, Tin A, Olden M, Köttgen A, de Boer IH, Fuchsberger C, O'Seaghdha CM, Pattaro C, Teumer A, Liu CT, Glazer NL, Li M, O'Connell JR, Tanaka T, Peralta CA, Kutalik Z, Luan J, Zhao JH, Hwang SJ, Akylbekova E, Kramer H, van der Harst P, Smith AV, Lohman K, de Andrade M, Hayward C, Kollerits B, Tönjes A, Aspelund T, Ingelsson E, Eiriksdottir G, Launer LJ, Harris TB, Shuldiner AR, Mitchell BD, Arking DE, Franceschini N, Boerwinkle E, Egan J, Hernandez D, Reilly M, Townsend RR, Lumley T, Siscovick DS, Psaty BM, Kestenbaum B, Haritunians T, Bergmann S, Vollenweider P, Waeber G, Mooser V, Waterworth D, Johnson AD, Florez JC, Meigs JB, Lu X, Turner ST, Atkinson EJ, Leak TS, Aasarød K, Skorpen F, Syvänen AC, Illig T, Baumert J, Koenig W, Krämer BK, Devuyst O, Mychaleckyj JC, Minelli C, Bakker SJ, Kedenko L, Paulweber B, Coassin S, Endlich K, Kroemer HK, Biffar R, Stracke S, Völzke H, Stumvoll M, Mägi R, Campbell H, Vitart V, Hastie ND, Gudnason V, Kardia SL, Liu Y, Polasek O, Curhan G, Kronenberg F, Prokopenko I, Rudan I, Arnlöv J, Hallan S, Navis G; CKDGen Consortium; Parsa A, Ferrucci L, Coresh J, Shlipak MG, et al.",J Am Soc Nephrol. 2011 Mar;22(3):555-70. doi: 10.1681/ASN.2010060598.,Böger CA,J Am Soc Nephrol,2011,2011-03-01,PMC3060449,,10.1681/ASN.2010060598
21326311,Genome-wide association study identifies genetic variants influencing F-cell levels in sickle-cell patients,"Bhatnagar P, Purvis S, Barron-Casella E, DeBaun MR, Casella JF, Arking DE, Keefer JR.",J Hum Genet. 2011 Apr;56(4):316-23. doi: 10.1038/jhg.2011.12. Epub 2011 Feb 17.,Bhatnagar P,J Hum Genet,2011,2011-02-18,PMC5825003,NIHMS938943,10.1038/jhg.2011.12
21342576,Resolving the structure of interactomes with hierarchical agglomerative clustering,"Park Y, Bader JS.",BMC Bioinformatics. 2011 Feb 15;12 Suppl 1(Suppl 1):S44. doi: 10.1186/1471-2105-12-S1-S44.,Park Y,BMC Bioinformatics,2011,2011-02-24,PMC3044301,,10.1186/1471-2105-12-S1-S44
21282651,Draft genome of the red harvester ant Pogonomyrmex barbatus,"Smith CR, Smith CD, Robertson HM, Helmkampf M, Zimin A, Yandell M, Holt C, Hu H, Abouheif E, Benton R, Cash E, Croset V, Currie CR, Elhaik E, Elsik CG, Favé MJ, Fernandes V, Gibson JD, Graur D, Gronenberg W, Grubbs KJ, Hagen DE, Viniegra AS, Johnson BR, Johnson RM, Khila A, Kim JW, Mathis KA, Munoz-Torres MC, Murphy MC, Mustard JA, Nakamura R, Niehuis O, Nigam S, Overson RP, Placek JE, Rajakumar R, Reese JT, Suen G, Tao S, Torres CW, Tsutsui ND, Viljakainen L, Wolschin F, Gadau J.",Proc Natl Acad Sci U S A. 2011 Apr 5;108(14):5667-72. doi: 10.1073/pnas.1007901108. Epub 2011 Jan 31.,Smith CR,Proc Natl Acad Sci U S A,2011,2011-02-02,PMC3078412,,10.1073/pnas.1007901108
21282631,Draft genome of the globally widespread and invasive Argentine ant (Linepithema humile),"Smith CD, Zimin A, Holt C, Abouheif E, Benton R, Cash E, Croset V, Currie CR, Elhaik E, Elsik CG, Fave MJ, Fernandes V, Gadau J, Gibson JD, Graur D, Grubbs KJ, Hagen DE, Helmkampf M, Holley JA, Hu H, Viniegra AS, Johnson BR, Johnson RM, Khila A, Kim JW, Laird J, Mathis KA, Moeller JA, Muñoz-Torres MC, Murphy MC, Nakamura R, Nigam S, Overson RP, Placek JE, Rajakumar R, Reese JT, Robertson HM, Smith CR, Suarez AV, Suen G, Suhr EL, Tao S, Torres CW, van Wilgenburg E, Viljakainen L, Walden KK, Wild AL, Yandell M, Yorke JA, Tsutsui ND.",Proc Natl Acad Sci U S A. 2011 Apr 5;108(14):5673-8. doi: 10.1073/pnas.1008617108. Epub 2011 Jan 31.,Smith CD,Proc Natl Acad Sci U S A,2011,2011-02-02,PMC3078359,,10.1073/pnas.1008617108
21266572,Direct activation of human phospholipase C by its well known inhibitor u73122,"Klein RR, Bourdon DM, Costales CL, Wagner CD, White WL, Williams JD, Hicks SN, Sondek J, Thakker DR.",J Biol Chem. 2011 Apr 8;286(14):12407-16. doi: 10.1074/jbc.M110.191783. Epub 2011 Jan 25.,Klein RR,J Biol Chem,2011,2011-01-27,PMC3069444,,10.1074/jbc.M110.191783
21158426,"A fluorogenic, small molecule reporter for mammalian phospholipase C isozymes","Huang W, Hicks SN, Sondek J, Zhang Q.",ACS Chem Biol. 2011 Mar 18;6(3):223-8. doi: 10.1021/cb100308n. Epub 2011 Jan 10.,Huang W,ACS Chem Biol,2011,2010-12-17,PMC3312000,NIHMS359505,10.1021/cb100308n
21720494,Identification of Novel Phosphorylation Motifs Through an Integrative Computational and Experimental Analysis of the Human Phosphoproteome,"Amanchy R, Kandasamy K, Mathivanan S, Periaswamy B, Reddy R, Yoon WH, Joore J, Beer MA, Cope L, Pandey A.",J Proteomics Bioinform. 2011;4(2):22-35. doi: 10.4172/jpb.1000163.,Amanchy R,J Proteomics Bioinform,2011,2011-07-02,PMC3124146,NIHMS276173,10.4172/jpb.1000163
,Response to “Predictable difficulty or difficulty to predict”,"Kelly L, Fukushima H, Karchin R, Gow JM, Chinn LW, Pieper U, Segal MR, Kroetz DL, Sali A.",Protein Sci. 2011 Jan;20(1):4-5. doi: 10.1002/pro.555.,Kelly L,Protein Sci,2011,,PMC3047056,,10.1002/pro.555
21186353,The genome of woodland strawberry (Fragaria vesca),"Shulaev V, Sargent DJ, Crowhurst RN, Mockler TC, Folkerts O, Delcher AL, Jaiswal P, Mockaitis K, Liston A, Mane SP, Burns P, Davis TM, Slovin JP, Bassil N, Hellens RP, Evans C, Harkins T, Kodira C, Desany B, Crasta OR, Jensen RV, Allan AC, Michael TP, Setubal JC, Celton JM, Rees DJ, Williams KP, Holt SH, Ruiz Rojas JJ, Chatterjee M, Liu B, Silva H, Meisel L, Adato A, Filichkin SA, Troggio M, Viola R, Ashman TL, Wang H, Dharmawardhana P, Elser J, Raja R, Priest HD, Bryant DW Jr, Fox SE, Givan SA, Wilhelm LJ, Naithani S, Christoffels A, Salama DY, Carter J, Lopez Girona E, Zdepski A, Wang W, Kerstetter RA, Schwab W, Korban SS, Davik J, Monfort A, Denoyes-Rothan B, Arus P, Mittler R, Flinn B, Aharoni A, Bennetzen JL, Salzberg SL, Dickerman AW, Velasco R, Borodovsky M, Veilleux RE, Folta KM.",Nat Genet. 2011 Feb;43(2):109-16. doi: 10.1038/ng.740. Epub 2010 Dec 26.,Shulaev V,Nat Genet,2011,2010-12-28,PMC3326587,NIHMS366758,10.1038/ng.740
21163964,The genetic landscape of the childhood cancer medulloblastoma,"Parsons DW, Li M, Zhang X, Jones S, Leary RJ, Lin JC, Boca SM, Carter H, Samayoa J, Bettegowda C, Gallia GL, Jallo GI, Binder ZA, Nikolsky Y, Hartigan J, Smith DR, Gerhard DS, Fults DW, VandenBerg S, Berger MS, Marie SK, Shinjo SM, Clara C, Phillips PC, Minturn JE, Biegel JA, Judkins AR, Resnick AC, Storm PB, Curran T, He Y, Rasheed BA, Friedman HS, Keir ST, McLendon R, Northcott PA, Taylor MD, Burger PC, Riggins GJ, Karchin R, Parmigiani G, Bigner DD, Yan H, Papadopoulos N, Vogelstein B, Kinzler KW, Velculescu VE.",Science. 2011 Jan 28;331(6016):435-9. doi: 10.1126/science.1198056. Epub 2010 Dec 16.,Parsons DW,Science,2011,2010-12-18,PMC3110744,NIHMS276281,10.1126/science.1198056
21159622,Using bioinformatics to predict the functional impact of SNVs,"Cline MS, Karchin R.",Bioinformatics. 2011 Feb 15;27(4):441-8. doi: 10.1093/bioinformatics/btq695. Epub 2010 Dec 15.,Cline MS,Bioinformatics,2011,2010-12-17,PMC3105482,,10.1093/bioinformatics/btq695
21148543,Mugsy: fast multiple alignment of closely related whole genomes,"Angiuoli SV, Salzberg SL.",Bioinformatics. 2011 Feb 1;27(3):334-42. doi: 10.1093/bioinformatics/btq665. Epub 2010 Dec 9.,Angiuoli SV,Bioinformatics,2011,2010-12-15,PMC3031037,,10.1093/bioinformatics/btq665
21097892,COMBREX: a project to accelerate the functional annotation of prokaryotic genomes,"Roberts RJ, Chang YC, Hu Z, Rachlin JN, Anton BP, Pokrzywa RM, Choi HP, Faller LL, Guleria J, Housman G, Klitgord N, Mazumdar V, McGettrick MG, Osmani L, Swaminathan R, Tao KR, Letovsky S, Vitkup D, Segrè D, Salzberg SL, Delisi C, Steffen M, Kasif S.",Nucleic Acids Res. 2011 Jan;39(Database issue):D11-4. doi: 10.1093/nar/gkq1168. Epub 2010 Nov 21.,Roberts RJ,Nucleic Acids Res,2011,2010-11-25,PMC3013729,,10.1093/nar/gkq1168
21076161,A common connexin-40 gene promoter variant affects connexin-40 expression in human atria and is associated with atrial fibrillation,"Wirka RC, Gore S, Van Wagoner DR, Arking DE, Lubitz SA, Lunetta KL, Benjamin EJ, Alonso A, Ellinor PT, Barnard J, Chung MK, Smith JD.",Circ Arrhythm Electrophysiol. 2011 Feb;4(1):87-93. doi: 10.1161/CIRCEP.110.959726. Epub 2010 Nov 13.,Wirka RC,Circ Arrhythm Electrophysiol,2011,2010-11-16,PMC3057452,NIHMS272888,10.1161/CIRCEP.110.959726
20921232,Conservation of an RNA regulatory map between Drosophila and mammals,"Brooks AN, Yang L, Duff MO, Hansen KD, Park JW, Dudoit S, Brenner SE, Graveley BR.",Genome Res. 2011 Feb;21(2):193-202. doi: 10.1101/gr.108662.110. Epub 2010 Oct 4.,Brooks AN,Genome Res,2011,2010-10-06,PMC3032923,,10.1101/gr.108662.110
20855111,A call for action: Comparative effectiveness research in asthma,"Krishnan JA, Schatz M, Apter AJ.",J Allergy Clin Immunol. 2011 Jan;127(1):123-7. doi: 10.1016/j.jaci.2010.08.032. Epub 2010 Sep 19.,Krishnan JA,J Allergy Clin Immunol,2011,2010-09-22,PMC3017678,NIHMS238499,10.1016/j.jaci.2010.08.032
20625178,A multilevel model to address batch effects in copy number estimation using SNP arrays,"Scharpf RB, Ruczinski I, Carvalho B, Doan B, Chakravarti A, Irizarry RA.",Biostatistics. 2011 Jan;12(1):33-50. doi: 10.1093/biostatistics/kxq043. Epub 2010 Jul 12.,Scharpf RB,Biostatistics,2011,2010-07-14,PMC3006124,,10.1093/biostatistics/kxq043
21144010,Overcoming bias and systematic errors in next generation sequencing data,"Taub MA, Corrada Bravo H, Irizarry RA.",Genome Med. 2010 Dec 10;2(12):87. doi: 10.1186/gm208.,Taub MA,Genome Med,2010,2010-12-15,PMC3025429,,10.1186/gm208
21158688,Profiling diverse compounds by flux- and electrophysiology-based primary screens for inhibition of human Ether-à-go-go related gene potassium channels,"Zou B, Yu H, Babcock JJ, Chanda P, Bader JS, McManus OB, Li M.",Assay Drug Dev Technol. 2010 Dec;8(6):743-54. doi: 10.1089/adt.2010.0339.,Zou B,Assay Drug Dev Technol,2010,2010-12-17,PMC3002177,,10.1089/adt.2010.0339
21154709,Aligning short sequencing reads with Bowtie,Langmead B.,Curr Protoc Bioinformatics. 2010 Dec;Chapter 11:Unit 11.7. doi: 10.1002/0471250953.bi1107s32.,Langmead B,Curr Protoc Bioinformatics,2010,2010-12-15,PMC3010897,NIHMS257169,10.1002/0471250953.bi1107s32
21114842,Quake: quality-aware detection and correction of sequencing errors,"Kelley DR, Schatz MC, Salzberg SL.",Genome Biol. 2010;11(11):R116. doi: 10.1186/gb-2010-11-11-r116. Epub 2010 Nov 29.,Kelley DR,Genome Biol,2010,2010-12-01,PMC3156955,,10.1186/gb-2010-11-11-r116
21074725,Integration of brassinosteroid signal transduction with the transcription network for plant growth regulation in Arabidopsis,"Sun Y, Fan XY, Cao DM, Tang W, He K, Zhu JY, He JX, Bai MY, Zhu S, Oh E, Patil S, Kim TW, Ji H, Wong WH, Rhee SY, Wang ZY.",Dev Cell. 2010 Nov 16;19(5):765-77. doi: 10.1016/j.devcel.2010.10.010.,Sun Y,Dev Cell,2010,2010-11-16,PMC3018842,NIHMS248553,10.1016/j.devcel.2010.10.010
21076409,Common variants in 22 loci are associated with QRS duration and cardiac ventricular conduction,"Sotoodehnia N, Isaacs A, de Bakker PI, Dörr M, Newton-Cheh C, Nolte IM, van der Harst P, Müller M, Eijgelsheim M, Alonso A, Hicks AA, Padmanabhan S, Hayward C, Smith AV, Polasek O, Giovannone S, Fu J, Magnani JW, Marciante KD, Pfeufer A, Gharib SA, Teumer A, Li M, Bis JC, Rivadeneira F, Aspelund T, Köttgen A, Johnson T, Rice K, Sie MP, Wang YA, Klopp N, Fuchsberger C, Wild SH, Mateo Leach I, Estrada K, Völker U, Wright AF, Asselbergs FW, Qu J, Chakravarti A, Sinner MF, Kors JA, Petersmann A, Harris TB, Soliman EZ, Munroe PB, Psaty BM, Oostra BA, Cupples LA, Perz S, de Boer RA, Uitterlinden AG, Völzke H, Spector TD, Liu FY, Boerwinkle E, Dominiczak AF, Rotter JI, van Herpen G, Levy D, Wichmann HE, van Gilst WH, Witteman JC, Kroemer HK, Kao WH, Heckbert SR, Meitinger T, Hofman A, Campbell H, Folsom AR, van Veldhuisen DJ, Schwienbacher C, O'Donnell CJ, Volpato CB, Caulfield MJ, Connell JM, Launer L, Lu X, Franke L, Fehrmann RS, te Meerman G, Groen HJ, Weersma RK, van den Berg LH, Wijmenga C, Ophoff RA, Navis G, Rudan I, Snieder H, Wilson JF, Pramstaller PP, Siscovick DS, Wang TJ, Gudnason V, van Duijn CM, Felix SB, Fishman GI, Jamshidi Y, Stricker BH, et al.",Nat Genet. 2010 Dec;42(12):1068-76. doi: 10.1038/ng.716. Epub 2010 Nov 14.,Sotoodehnia N,Nat Genet,2010,2010-11-16,PMC3338195,NIHMS247823,10.1038/ng.716
21347071,Combining Structured and Free-text Data for Automatic Coding of Patient Outcomes,"Saria S, McElvain G, Rajani AK, Penn AA, Koller DL.",AMIA Annu Symp Proc. 2010 Nov 13;2010:712-6.,Saria S,AMIA Annu Symp Proc,2010,2011-02-25,PMC3041422,,
21044341,Clustering metagenomic sequences with interpolated Markov models,"Kelley DR, Salzberg SL.",BMC Bioinformatics. 2010 Nov 2;11:544. doi: 10.1186/1471-2105-11-544.,Kelley DR,BMC Bioinformatics,2010,2010-11-04,PMC3098094,,10.1186/1471-2105-11-544
21082040,Cross-platform Comparison of Two Pancreatic Cancer Phenotypes,"Scharpf RB, Iacobuzio-Donahue CA, Cope L, Ruczinski I, Garrett-Mayer E, Lakkur S, Campagna D, Parmigiani G.",Cancer Inform. 2010 Nov 1;9:257-64. doi: 10.4137/CIN.S5755.,Scharpf RB,Cancer Inform,2010,2010-11-18,PMC2978933,,10.4137/CIN.S5755
20799350,Functional hot spots in human ATP-binding cassette transporter nucleotide binding domains,"Kelly L, Fukushima H, Karchin R, Gow JM, Chinn LW, Pieper U, Segal MR, Kroetz DL, Sali A.",Protein Sci. 2010 Nov;19(11):2110-21. doi: 10.1002/pro.491.,Kelly L,Protein Sci,2010,2010-08-28,PMC3005782,,10.1002/pro.491
20973996,"Genomic survey of the ectoparasitic mite Varroa destructor, a major pest of the honey bee Apis mellifera","Cornman SR, Schatz MC, Johnston SJ, Chen YP, Pettis J, Hunt G, Bourgeois L, Elsik C, Anderson D, Grozinger CM, Evans JD.",BMC Genomics. 2010 Oct 25;11:602. doi: 10.1186/1471-2164-11-602.,Cornman SR,BMC Genomics,2010,2010-10-27,PMC3091747,,10.1186/1471-2164-11-602
20966218,Kinetic scaffolding mediated by a phospholipase C-beta and Gq signaling complex,"Waldo GL, Ricks TK, Hicks SN, Cheever ML, Kawano T, Tsuboi K, Wang X, Montell C, Kozasa T, Sondek J, Harden TK.",Science. 2010 Nov 12;330(6006):974-80. doi: 10.1126/science.1193438. Epub 2010 Oct 21.,Waldo GL,Science,2010,2010-10-23,PMC3046049,NIHMS268817,10.1126/science.1193438
21134298,"Abstracts of Beyond the Genome: The true gene count, human evolution and disease genomics. Boston, Massachusetts, USA. October 11-13, 2010","Pertea M, Salzberg SL.","Genome Biol. 2010;11 Suppl 1(Suppl 1):I1-14, O1-13, P1-43. doi: 10.1186/gb-2010-11-s1-i1. Epub 2010 Oct 11.",Pertea M,Genome Biol,2010,2010-12-08,PMC3026201,,10.1186/gb-2010-11-s1-i1
,"Genes and genomes, an imperfect world: comparison of gene annotations of two Bos taurus draft assemblies","Florea L, Souvorov A, Salzberg SL.",Genome Biol. 2010;11(Suppl 1):P13. doi: 10.1186/gb-2010-11-s1-p13. Epub 2010 Oct 11.,Florea L,Genome Biol,2010,,PMC3026241,,10.1186/gb-2010-11-s1-p13
20932271,Do-it-yourself genetic testing,"Salzberg SL, Pertea M.",Genome Biol. 2010;11(10):404. doi: 10.1186/gb-2010-11-10-404. Epub 2010 Oct 7.,Salzberg SL,Genome Biol,2010,2010-10-12,PMC3218655,,10.1186/gb-2010-11-10-404
20707391,Temporal profiling of the secretome during adipogenesis in humans,"Zhong J, Krawczyk SA, Chaerkady R, Huang H, Goel R, Bader JS, Wong GW, Corkey BE, Pandey A.",J Proteome Res. 2010 Oct 1;9(10):5228-38. doi: 10.1021/pr100521c.,Zhong J,J Proteome Res,2010,2010-08-17,PMC2948433,,10.1021/pr100521c
20581473,Prioritization of driver mutations in pancreatic cancer using cancer-specific high-throughput annotation of somatic mutations (CHASM),"Carter H, Samayoa J, Hruban RH, Karchin R.",Cancer Biol Ther. 2010 Sep 15;10(6):582-7. doi: 10.4161/cbt.10.6.12537. Epub 2010 Oct 1.,Carter H,Cancer Biol Ther,2010,2010-06-29,PMC3040948,,10.4161/cbt.10.6.12537
20884846,Multiple genetic loci influence serum urate levels and their relationship with gout and cardiovascular disease risk factors,"Yang Q, Köttgen A, Dehghan A, Smith AV, Glazer NL, Chen MH, Chasman DI, Aspelund T, Eiriksdottir G, Harris TB, Launer L, Nalls M, Hernandez D, Arking DE, Boerwinkle E, Grove ML, Li M, Linda Kao WH, Chonchol M, Haritunians T, Li G, Lumley T, Psaty BM, Shlipak M, Hwang SJ, Larson MG, O'Donnell CJ, Upadhyay A, van Duijn CM, Hofman A, Rivadeneira F, Stricker B, Uitterlinden AG, Paré G, Parker AN, Ridker PM, Siscovick DS, Gudnason V, Witteman JC, Fox CS, Coresh J.",Circ Cardiovasc Genet. 2010 Dec;3(6):523-30. doi: 10.1161/CIRCGENETICS.109.934455. Epub 2010 Sep 30.,Yang Q,Circ Cardiovasc Genet,2010,2010-10-02,PMC3371395,NIHMS272945,10.1161/CIRCGENETICS.109.934455
20876136,Accumulation of driver and passenger mutations during tumor progression,"Bozic I, Antal T, Ohtsuki H, Carter H, Kim D, Chen S, Karchin R, Kinzler KW, Vogelstein B, Nowak MA.",Proc Natl Acad Sci U S A. 2010 Oct 26;107(43):18545-50. doi: 10.1073/pnas.1010978107. Epub 2010 Sep 27.,Bozic I,Proc Natl Acad Sci U S A,2010,2010-09-30,PMC2972991,,10.1073/pnas.1010978107
20858683,Common variants at 10 genomic loci influence hemoglobin A₁(C) levels via glycemic and nonglycemic pathways,"Soranzo N, Sanna S, Wheeler E, Gieger C, Radke D, Dupuis J, Bouatia-Naji N, Langenberg C, Prokopenko I, Stolerman E, Sandhu MS, Heeney MM, Devaney JM, Reilly MP, Ricketts SL, Stewart AF, Voight BF, Willenborg C, Wright B, Altshuler D, Arking D, Balkau B, Barnes D, Boerwinkle E, Böhm B, Bonnefond A, Bonnycastle LL, Boomsma DI, Bornstein SR, Böttcher Y, Bumpstead S, Burnett-Miller MS, Campbell H, Cao A, Chambers J, Clark R, Collins FS, Coresh J, de Geus EJ, Dei M, Deloukas P, Döring A, Egan JM, Elosua R, Ferrucci L, Forouhi N, Fox CS, Franklin C, Franzosi MG, Gallina S, Goel A, Graessler J, Grallert H, Greinacher A, Hadley D, Hall A, Hamsten A, Hayward C, Heath S, Herder C, Homuth G, Hottenga JJ, Hunter-Merrill R, Illig T, Jackson AU, Jula A, Kleber M, Knouff CW, Kong A, Kooner J, Köttgen A, Kovacs P, Krohn K, Kühnel B, Kuusisto J, Laakso M, Lathrop M, Lecoeur C, Li M, Li M, Loos RJ, Luan J, Lyssenko V, Mägi R, Magnusson PK, Mälarstig A, Mangino M, Martínez-Larrad MT, März W, McArdle WL, McPherson R, Meisinger C, Meitinger T, Melander O, Mohlke KL, Mooser VE, Morken MA, Narisu N, Nathan DM, Nauck M, et al.",Diabetes. 2010 Dec;59(12):3229-39. doi: 10.2337/db10-0502. Epub 2010 Sep 21.,Soranzo N,Diabetes,2010,2010-09-23,PMC2992787,,10.2337/db10-0502
20846431,Probing the pan-genome of Listeria monocytogenes: new insights into intraspecific niche expansion and genomic diversification,"Deng X, Phillippy AM, Li Z, Salzberg SL, Zhang W.",BMC Genomics. 2010 Sep 16;11:500. doi: 10.1186/1471-2164-11-500.,Deng X,BMC Genomics,2010,2010-09-18,PMC2996996,,10.1186/1471-2164-11-500
20838408,Tackling the widespread and critical impact of batch effects in high-throughput data,"Leek JT, Scharpf RB, Bravo HC, Simcha D, Langmead B, Johnson WE, Geman D, Baggerly K, Irizarry RA.",Nat Rev Genet. 2010 Oct;11(10):733-9. doi: 10.1038/nrg2825. Epub 2010 Sep 14.,Leek JT,Nat Rev Genet,2010,2010-09-15,PMC3880143,NIHMS282727,10.1038/nrg2825
20833805,Genome sequence of the dioxin-mineralizing bacterium Sphingomonas wittichii RW1,"Miller TR, Delcher AL, Salzberg SL, Saunders E, Detter JC, Halden RU.",J Bacteriol. 2010 Nov;192(22):6101-2. doi: 10.1128/JB.01030-10. Epub 2010 Sep 10.,Miller TR,J Bacteriol,2010,2010-09-14,PMC2976435,,10.1128/JB.01030-10
20826840,Integration of early physiological responses predicts later illness severity in preterm infants,"Saria S, Rajani AK, Gould J, Koller D, Penn AA.",Sci Transl Med. 2010 Sep 8;2(48):48ra65. doi: 10.1126/scitranslmed.3001304.,Saria S,Sci Transl Med,2010,2010-09-10,PMC3564961,NIHMS433504,10.1126/scitranslmed.3001304
20838655,Multi-platform next-generation sequencing of the domestic turkey (Meleagris gallopavo): genome assembly and analysis,"Dalloul RA, Long JA, Zimin AV, Aslam L, Beal K, Blomberg Le Ann, Bouffard P, Burt DW, Crasta O, Crooijmans RP, Cooper K, Coulombe RA, De S, Delany ME, Dodgson JB, Dong JJ, Evans C, Frederickson KM, Flicek P, Florea L, Folkerts O, Groenen MA, Harkins TT, Herrero J, Hoffmann S, Megens HJ, Jiang A, de Jong P, Kaiser P, Kim H, Kim KW, Kim S, Langenberger D, Lee MK, Lee T, Mane S, Marcais G, Marz M, McElroy AP, Modise T, Nefedov M, Notredame C, Paton IR, Payne WS, Pertea G, Prickett D, Puiu D, Qioa D, Raineri E, Ruffier M, Salzberg SL, Schatz MC, Scheuring C, Schmidt CJ, Schroeder S, Searle SM, Smith EJ, Smith J, Sonstegard TS, Stadler PF, Tafer H, Tu ZJ, Van Tassell CP, Vilella AJ, Williams KP, Yorke JA, Zhang L, Zhang HB, Zhang X, Zhang Y, Reed KM.",PLoS Biol. 2010 Sep 7;8(9):e1000475. doi: 10.1371/journal.pbio.1000475.,Dalloul RA,PLoS Biol,2010,2010-09-15,PMC2935454,,10.1371/journal.pbio.1000475
20824079,"Parent-of-origin effects in autism identified through genome-wide linkage analysis of 16,000 SNPs","Fradin D, Cheslack-Postava K, Ladd-Acosta C, Newschaffer C, Chakravarti A, Arking DE, Feinberg A, Fallin MD.",PLoS One. 2010 Sep 2;5(9):e12513. doi: 10.1371/journal.pone.0012513.,Fradin D,PLoS One,2010,2010-09-09,PMC2932694,,10.1371/journal.pone.0012513
20807769,Mechanism of phosphorylation-induced activation of phospholipase C-gamma isozymes,"Gresset A, Hicks SN, Harden TK, Sondek J.",J Biol Chem. 2010 Nov 12;285(46):35836-47. doi: 10.1074/jbc.M110.166512. Epub 2010 Aug 31.,Gresset A,J Biol Chem,2010,2010-09-03,PMC2975207,,10.1074/jbc.M110.166512
20804568,The missing graphical user interface for genomics,Schatz MC.,Genome Biol. 2010;11(8):128. doi: 10.1186/gb-2010-11-8-128. Epub 2010 Aug 25.,Schatz MC,Genome Biol,2010,2010-09-01,PMC2945776,,10.1186/gb-2010-11-8-128
20733104,Independent susceptibility markers for atrial fibrillation on chromosome 4q25,"Lubitz SA, Sinner MF, Lunetta KL, Makino S, Pfeufer A, Rahman R, Veltman CE, Barnard J, Bis JC, Danik SP, Sonni A, Shea MA, Del Monte F, Perz S, Müller M, Peters A, Greenberg SM, Furie KL, van Noord C, Boerwinkle E, Stricker BH, Witteman J, Smith JD, Chung MK, Heckbert SR, Benjamin EJ, Rosand J, Arking DE, Alonso A, Kääb S, Ellinor PT.",Circulation. 2010 Sep 7;122(10):976-84. doi: 10.1161/CIRCULATIONAHA.109.886440. Epub 2010 Aug 23.,Lubitz SA,Circulation,2010,2010-08-25,PMC2978508,NIHMS218732,10.1161/CIRCULATIONAHA.109.886440
21173855,Recent advances in RNA sequence analysis,Salzberg SL.,F1000 Biol Rep. 2010 Aug 19;2:64. doi: 10.3410/B2-64.,Salzberg SL,F1000 Biol Rep,2010,2010-12-22,PMC2990453,,10.3410/B2-64
20701754,Cloud-scale RNA-sequencing differential expression analysis with Myrna,"Langmead B, Hansen KD, Leek JT.",Genome Biol. 2010;11(8):R83. doi: 10.1186/gb-2010-11-8-r83. Epub 2010 Aug 11.,Langmead B,Genome Biol,2010,2010-08-13,PMC2945785,,10.1186/gb-2010-11-8-r83
20674820,Asthma in pregnancy and its pharmacologic treatment,"Louik C, Schatz M, Hernández-Díaz S, Werler MM, Mitchell AA.",Ann Allergy Asthma Immunol. 2010 Aug;105(2):110-7. doi: 10.1016/j.anai.2010.05.016.,Louik C,Ann Allergy Asthma Immunol,2010,2010-08-03,PMC2953247,NIHMS230799,10.1016/j.anai.2010.05.016
20639392,Genome-wide association analysis identifies multiple loci related to resting heart rate,"Eijgelsheim M, Newton-Cheh C, Sotoodehnia N, de Bakker PI, Müller M, Morrison AC, Smith AV, Isaacs A, Sanna S, Dörr M, Navarro P, Fuchsberger C, Nolte IM, de Geus EJ, Estrada K, Hwang SJ, Bis JC, Rückert IM, Alonso A, Launer LJ, Hottenga JJ, Rivadeneira F, Noseworthy PA, Rice KM, Perz S, Arking DE, Spector TD, Kors JA, Aulchenko YS, Tarasov KV, Homuth G, Wild SH, Marroni F, Gieger C, Licht CM, Prineas RJ, Hofman A, Rotter JI, Hicks AA, Ernst F, Najjar SS, Wright AF, Peters A, Fox ER, Oostra BA, Kroemer HK, Couper D, Völzke H, Campbell H, Meitinger T, Uda M, Witteman JC, Psaty BM, Wichmann HE, Harris TB, Kääb S, Siscovick DS, Jamshidi Y, Uitterlinden AG, Folsom AR, Larson MG, Wilson JF, Penninx BW, Snieder H, Pramstaller PP, van Duijn CM, Lakatta EG, Felix SB, Gudnason V, Pfeufer A, Heckbert SR, Stricker BH, Boerwinkle E, O'Donnell CJ.",Hum Mol Genet. 2010 Oct 1;19(19):3885-94. doi: 10.1093/hmg/ddq303. Epub 2010 Jul 16.,Eijgelsheim M,Hum Mol Genet,2010,2010-07-20,PMC3657480,,10.1093/hmg/ddq303
20630077,Predicting functional associations from metabolism using bi-partite network algorithms,"Veeramani B, Bader JS.",BMC Syst Biol. 2010 Jul 14;4:95. doi: 10.1186/1752-0509-4-95.,Veeramani B,BMC Syst Biol,2010,2010-07-16,PMC2919484,,10.1186/1752-0509-4-95
20622843,Cloud computing and the DNA data race,"Schatz MC, Langmead B, Salzberg SL.",Nat Biotechnol. 2010 Jul;28(7):691-3. doi: 10.1038/nbt0710-691.,Schatz MC,Nat Biotechnol,2010,2010-07-13,PMC2904649,NIHMS212443,10.1038/nbt0710-691
20564464,Molecular diagnostics for personal medicine using a nanopore,"Mirsaidov UM, Wang D, Timp W, Timp G.",Wiley Interdiscip Rev Nanomed Nanobiotechnol. 2010 Jul-Aug;2(4):367-81. doi: 10.1002/wnan.86.,Mirsaidov UM,Wiley Interdiscip Rev Nanomed Nanobiotechnol,2010,2010-06-22,PMC5523111,NIHMS285062,10.1002/wnan.86
20602999,Mobile interspersed repeats are major structural variants in the human genome,"Huang CR, Schneider AM, Lu Y, Niranjan T, Shen P, Robinson MA, Steranka JP, Valle D, Civin CI, Wang T, Wheelan SJ, Ji H, Boeke JD, Burns KH.",Cell. 2010 Jun 25;141(7):1171-82. doi: 10.1016/j.cell.2010.05.026.,Huang CR,Cell,2010,2010-07-07,PMC2943426,NIHMS211747,10.1016/j.cell.2010.05.026
20581189,Integrated microbial survey analysis of prokaryotic communities for the PhyloChip microarray,"Schatz MC, Phillippy AM, Gajer P, DeSantis TZ, Andersen GL, Ravel J.",Appl Environ Microbiol. 2010 Aug;76(16):5636-8. doi: 10.1128/AEM.00303-10. Epub 2010 Jun 25.,Schatz MC,Appl Environ Microbiol,2010,2010-06-29,PMC2918976,,10.1128/AEM.00303-10
20558539,Common genetic variants associate with serum phosphorus concentration,"Kestenbaum B, Glazer NL, Köttgen A, Felix JF, Hwang SJ, Liu Y, Lohman K, Kritchevsky SB, Hausman DB, Petersen AK, Gieger C, Ried JS, Meitinger T, Strom TM, Wichmann HE, Campbell H, Hayward C, Rudan I, de Boer IH, Psaty BM, Rice KM, Chen YD, Li M, Arking DE, Boerwinkle E, Coresh J, Yang Q, Levy D, van Rooij FJ, Dehghan A, Rivadeneira F, Uitterlinden AG, Hofman A, van Duijn CM, Shlipak MG, Kao WH, Witteman JC, Siscovick DS, Fox CS.",J Am Soc Nephrol. 2010 Jul;21(7):1223-32. doi: 10.1681/ASN.2009111104. Epub 2010 Jun 17.,Kestenbaum B,J Am Soc Nephrol,2010,2010-06-19,PMC3152230,,10.1681/ASN.2009111104
20551135,JAMIE: joint analysis of multiple ChIP-chip experiments,"Wu H, Ji H.",Bioinformatics. 2010 Aug 1;26(15):1864-70. doi: 10.1093/bioinformatics/btq314. Epub 2010 Jun 15.,Wu H,Bioinformatics,2010,2010-06-17,PMC2905557,,10.1093/bioinformatics/btq314
20548781,Polymorphisms in the mitochondrial DNA control region and frailty in older adults,"Moore AZ, Biggs ML, Matteini A, O'Connor A, McGuire S, Beamer BA, Fallin MD, Fried LP, Walston J, Chakravarti A, Arking DE.",PLoS One. 2010 Jun 10;5(6):e11069. doi: 10.1371/journal.pone.0011069.,Moore AZ,PLoS One,2010,2010-06-16,PMC2883558,,10.1371/journal.pone.0011069
20531408,Automated identification of pathways from quantitative genetic interaction data,"Battle A, Jonikas MC, Walter P, Weissman JS, Koller D.",Mol Syst Biol. 2010 Jun 8;6:379. doi: 10.1038/msb.2010.27.,Battle A,Mol Syst Biol,2010,2010-06-10,PMC2913392,,10.1038/msb.2010.27
20508146,Assembly of large genomes using second-generation sequencing,"Schatz MC, Delcher AL, Salzberg SL.",Genome Res. 2010 Sep;20(9):1165-73. doi: 10.1101/gr.101360.109. Epub 2010 May 27.,Schatz MC,Genome Res,2010,2010-05-29,PMC2928494,,10.1101/gr.101360.109
20460306,Hedgehog pathway-regulated gene networks in cerebellum development and tumorigenesis,"Lee EY, Ji H, Ouyang Z, Zhou B, Ma W, Vokes SA, McMahon AP, Wong WH, Scott MP.",Proc Natl Acad Sci U S A. 2010 May 25;107(21):9736-41. doi: 10.1073/pnas.1004602107. Epub 2010 May 11.,Lee EY,Proc Natl Acad Sci U S A,2010,2010-05-13,PMC2906878,,10.1073/pnas.1004602107
20441615,Between a chicken and a grape: estimating the number of human genes,"Pertea M, Salzberg SL.",Genome Biol. 2010;11(5):206. doi: 10.1186/gb-2010-11-5-206. Epub 2010 May 5.,Pertea M,Genome Biol,2010,2010-05-06,PMC2898077,,10.1186/gb-2010-11-5-206
20436464,Transcript assembly and quantification by RNA-Seq reveals unannotated transcripts and isoform switching during cell differentiation,"Trapnell C, Williams BA, Pertea G, Mortazavi A, Kwan G, van Baren MJ, Salzberg SL, Wold BJ, Pachter L.",Nat Biotechnol. 2010 May;28(5):511-5. doi: 10.1038/nbt.1621. Epub 2010 May 2.,Trapnell C,Nat Biotechnol,2010,2010-05-04,PMC3146043,NIHMS190938,10.1038/nbt.1621
21572978,Nanopore Sequencing: Electrical Measurements of the Code of Life,"Timp W, Mirsaidov UM, Wang D, Comer J, Aksimentiev A, Timp G.",IEEE Trans Nanotechnol. 2010 May 1;9(3):281-294. doi: 10.1109/TNANO.2010.2044418.,Timp W,IEEE Trans Nanotechnol,2010,2011-05-17,PMC3092306,NIHMS285056,10.1109/TNANO.2010.2044418
20395217,Biases in Illumina transcriptome sequencing caused by random hexamer priming,"Hansen KD, Brenner SE, Dudoit S.",Nucleic Acids Res. 2010 Jul;38(12):e131. doi: 10.1093/nar/gkq224. Epub 2010 Apr 14.,Hansen KD,Nucleic Acids Res,2010,2010-04-17,PMC2896536,,10.1093/nar/gkq224
20383146,New loci associated with kidney function and chronic kidney disease,"Köttgen A, Pattaro C, Böger CA, Fuchsberger C, Olden M, Glazer NL, Parsa A, Gao X, Yang Q, Smith AV, O'Connell JR, Li M, Schmidt H, Tanaka T, Isaacs A, Ketkar S, Hwang SJ, Johnson AD, Dehghan A, Teumer A, Paré G, Atkinson EJ, Zeller T, Lohman K, Cornelis MC, Probst-Hensch NM, Kronenberg F, Tönjes A, Hayward C, Aspelund T, Eiriksdottir G, Launer LJ, Harris TB, Rampersaud E, Mitchell BD, Arking DE, Boerwinkle E, Struchalin M, Cavalieri M, Singleton A, Giallauria F, Metter J, de Boer IH, Haritunians T, Lumley T, Siscovick D, Psaty BM, Zillikens MC, Oostra BA, Feitosa M, Province M, de Andrade M, Turner ST, Schillert A, Ziegler A, Wild PS, Schnabel RB, Wilde S, Munzel TF, Leak TS, Illig T, Klopp N, Meisinger C, Wichmann HE, Koenig W, Zgaga L, Zemunik T, Kolcic I, Minelli C, Hu FB, Johansson A, Igl W, Zaboli G, Wild SH, Wright AF, Campbell H, Ellinghaus D, Schreiber S, Aulchenko YS, Felix JF, Rivadeneira F, Uitterlinden AG, Hofman A, Imboden M, Nitsch D, Brandstätter A, Kollerits B, Kedenko L, Mägi R, Stumvoll M, Kovacs P, Boban M, Campbell S, Endlich K, Völzke H, Kroemer HK, Nauck M, Völker U, Polasek O, Vitart V, et al.",Nat Genet. 2010 May;42(5):376-84. doi: 10.1038/ng.568. Epub 2010 Apr 11.,Köttgen A,Nat Genet,2010,2010-04-13,PMC2997674,NIHMS252811,10.1038/ng.568
20379180,Analyzing 'omics data using hierarchical models,"Ji H, Liu XS.",Nat Biotechnol. 2010 Apr;28(4):337-40. doi: 10.1038/nbt.1619.,Ji H,Nat Biotechnol,2010,2010-04-10,PMC2904972,NIHMS218674,10.1038/nbt.1619
20360844,Genome-wide association study identifies GPC5 as a novel genetic locus protective against sudden cardiac arrest,"Arking DE, Reinier K, Post W, Jui J, Hilton G, O'Connor A, Prineas RJ, Boerwinkle E, Psaty BM, Tomaselli GF, Rea T, Sotoodehnia N, Siscovick DS, Burke GL, Marban E, Spooner PM, Chakravarti A, Chugh SS.",PLoS One. 2010 Mar 25;5(3):e9879. doi: 10.1371/journal.pone.0009879.,Arking DE,PLoS One,2010,2010-04-03,PMC2845611,,10.1371/journal.pone.0009879
20219098,Detection and correction of false segmental duplications caused by genome mis-assembly,"Kelley DR, Salzberg SL.",Genome Biol. 2010;11(3):R28. doi: 10.1186/gb-2010-11-3-r28. Epub 2010 Mar 10.,Kelley DR,Genome Biol,2010,2010-03-12,PMC2864568,,10.1186/gb-2010-11-3-r28
20211837,GeneDesign 3.0 is an updated synthetic biology toolkit,"Richardson SM, Nunley PW, Yarrington RM, Boeke JD, Bader JS.",Nucleic Acids Res. 2010 May;38(8):2603-6. doi: 10.1093/nar/gkq143. Epub 2010 Mar 8.,Richardson SM,Nucleic Acids Res,2010,2010-03-10,PMC2860129,,10.1093/nar/gkq143
20211841,CLONEQC: lightweight sequence verification for synthetic biology,"Lee PA, Dymond JS, Scheifele LZ, Richardson SM, Foelber KJ, Boeke JD, Bader JS.",Nucleic Acids Res. 2010 May;38(8):2617-23. doi: 10.1093/nar/gkq093. Epub 2010 Mar 7.,Lee PA,Nucleic Acids Res,2010,2010-03-10,PMC2860120,,10.1093/nar/gkq093
20170320,Influence of maternal asthma and asthma severity on newborn morphometry,"Moldenhauer JS, Lai Y, Schatz M, Wise R, Landon MB, Newman RB, Rouse DJ, Simhan HN, Leveno KJ, Miodovnik M, Lindheimer MD, Wapner RJ, Varner MW, O'Sullivan MJ, Conway DL; Eunice Kennedy Shriver National Institute of Child Health and Human Development Maternal-Fetal Medicine Units Network.",J Asthma. 2010 Mar;47(2):145-9. doi: 10.3109/02770900903483774.,Moldenhauer JS,J Asthma,2010,2010-02-23,PMC4349430,NIHMS359250,10.3109/02770900903483774
20173747,Common variants in KCNN3 are associated with lone atrial fibrillation,"Ellinor PT, Lunetta KL, Glazer NL, Pfeufer A, Alonso A, Chung MK, Sinner MF, de Bakker PI, Mueller M, Lubitz SA, Fox E, Darbar D, Smith NL, Smith JD, Schnabel RB, Soliman EZ, Rice KM, Van Wagoner DR, Beckmann BM, van Noord C, Wang K, Ehret GB, Rotter JI, Hazen SL, Steinbeck G, Smith AV, Launer LJ, Harris TB, Makino S, Nelis M, Milan DJ, Perz S, Esko T, Köttgen A, Moebus S, Newton-Cheh C, Li M, Möhlenkamp S, Wang TJ, Kao WH, Vasan RS, Nöthen MM, MacRae CA, Stricker BH, Hofman A, Uitterlinden AG, Levy D, Boerwinkle E, Metspalu A, Topol EJ, Chakravarti A, Gudnason V, Psaty BM, Roden DM, Meitinger T, Wichmann HE, Witteman JC, Barnard J, Arking DE, Benjamin EJ, Heckbert SR, Kääb S.",Nat Genet. 2010 Mar;42(3):240-4. doi: 10.1038/ng.537. Epub 2010 Feb 21.,Ellinor PT,Nat Genet,2010,2010-02-23,PMC2871387,NIHMS172759,10.1038/ng.537
20167110,Evaluation of statistical methods for normalization and differential expression in mRNA-Seq experiments,"Bullard JH, Purdom E, Hansen KD, Dudoit S.",BMC Bioinformatics. 2010 Feb 18;11:94. doi: 10.1186/1471-2105-11-94.,Bullard JH,BMC Bioinformatics,2010,2010-02-20,PMC2838869,,10.1186/1471-2105-11-94
20139367,Mouse aorta smooth muscle cells differentiate into lymphoid tissue organizer-like cells on combined tumor necrosis factor receptor-1/lymphotoxin beta-receptor NF-kappaB signaling,"Lötzer K, Döpping S, Connert S, Gräbner R, Spanbroek R, Lemser B, Beer M, Hildner M, Hehlgans T, van der Wall M, Mebius RE, Lovas A, Randolph GJ, Weih F, Habenicht AJ.",Arterioscler Thromb Vasc Biol. 2010 Mar;30(3):395-402. doi: 10.1161/ATVBAHA.109.191395. Epub 2010 Feb 5.,Lötzer K,Arterioscler Thromb Vasc Biol,2010,2010-02-09,PMC2874749,NIHMS194006,10.1161/ATVBAHA.109.191395
20123909,Sox17 promotes differentiation in mouse embryonic stem cells by directly regulating extraembryonic gene expression and indirectly antagonizing self-renewal,"Niakan KK, Ji H, Maehr R, Vokes SA, Rodolfa KT, Sherwood RI, Yamaki M, Dimos JT, Chen AE, Melton DA, McMahon AP, Eggan K.",Genes Dev. 2010 Feb 1;24(3):312-26. doi: 10.1101/gad.1833510.,Niakan KK,Genes Dev,2010,2010-02-04,PMC2811832,,10.1101/gad.1833510
20111034,Mind the gaps,Salzberg SL.,Nat Methods. 2010 Feb;7(2):105-6. doi: 10.1038/nmeth0210-105.,Salzberg SL,Nat Methods,2010,2010-01-30,PMC2847354,NIHMS182378,10.1038/nmeth0210-105
20100020,The relationship of asthma-specific quality of life during pregnancy to subsequent asthma and perinatal morbidity,"Schatz M, Dombrowski MP, Wise R, Lai Y, Landon M, Newman RB, Rouse DJ, Miodovnik M, O'Sullivan MJ, Caritis SN, Leveno KJ, Wapner RJ, Conway DL; Eunice Kennedy Shriver National Institute Of Child Health And Human Development Maternal-Fetal Medicine Units Network And The National Heart Lung And Blood Institute.",J Asthma. 2010 Feb;47(1):46-50. doi: 10.3109/02770900903483758.,Schatz M,J Asthma,2010,2010-01-27,PMC3249656,NIHMS345210,10.3109/02770900903483758
20122237,NeMo: Network Module identification in Cytoscape,"Rivera CG, Vakil R, Bader JS.",BMC Bioinformatics. 2010 Jan 18;11 Suppl 1(Suppl 1):S61. doi: 10.1186/1471-2105-11-S1-S61.,Rivera CG,BMC Bioinformatics,2010,2010-02-04,PMC3009535,,10.1186/1471-2105-11-S1-S61
20064276,Assembly complexity of prokaryotic genomes using short reads,"Kingsford C, Schatz MC, Pop M.",BMC Bioinformatics. 2010 Jan 12;11:21. doi: 10.1186/1471-2105-11-21.,Kingsford C,BMC Bioinformatics,2010,2010-01-13,PMC2821320,,10.1186/1471-2105-11-21
20084108,Dynamic networks from hierarchical bayesian graph clustering,"Park Y, Moore C, Bader JS.",PLoS One. 2010 Jan 11;5(1):e8118. doi: 10.1371/journal.pone.0008118.,Park Y,PLoS One,2010,2010-01-20,PMC2799515,,10.1371/journal.pone.0008118
20062060,Genome-wide association study of PR interval,"Pfeufer A, van Noord C, Marciante KD, Arking DE, Larson MG, Smith AV, Tarasov KV, Müller M, Sotoodehnia N, Sinner MF, Verwoert GC, Li M, Kao WH, Köttgen A, Coresh J, Bis JC, Psaty BM, Rice K, Rotter JI, Rivadeneira F, Hofman A, Kors JA, Stricker BH, Uitterlinden AG, van Duijn CM, Beckmann BM, Sauter W, Gieger C, Lubitz SA, Newton-Cheh C, Wang TJ, Magnani JW, Schnabel RB, Chung MK, Barnard J, Smith JD, Van Wagoner DR, Vasan RS, Aspelund T, Eiriksdottir G, Harris TB, Launer LJ, Najjar SS, Lakatta E, Schlessinger D, Uda M, Abecasis GR, Müller-Myhsok B, Ehret GB, Boerwinkle E, Chakravarti A, Soliman EZ, Lunetta KL, Perz S, Wichmann HE, Meitinger T, Levy D, Gudnason V, Ellinor PT, Sanna S, Kääb S, Witteman JC, Alonso A, Benjamin EJ, Heckbert SR.",Nat Genet. 2010 Feb;42(2):153-9. doi: 10.1038/ng.517. Epub 2010 Jan 10.,Pfeufer A,Nat Genet,2010,2010-01-12,PMC2850197,NIHMS165362,10.1038/ng.517
20370629,Induction of Th17 cellular immunity with a novel nanoemulsion adjuvant,"Bielinska AU, Gerber M, Blanco LP, Makidon PE, Janczak KW, Beer M, Swanson B, Baker JR Jr.",Crit Rev Immunol. 2010;30(2):189-99. doi: 10.1615/critrevimmunol.v30.i2.60.,Bielinska AU,Crit Rev Immunol,2010,2010-04-08,PMC2860868,NIHMS186452,10.1615/critrevimmunol.v30.i2.60
19957145,R classes and methods for SNP array data,"Scharpf RB, Ruczinski I.",Methods Mol Biol. 2010;593:67-79. doi: 10.1007/978-1-60327-194-3_4.,Scharpf RB,Methods Mol Biol,2010,2009-12-04,PMC2853754,NIHMS174312,10.1007/978-1-60327-194-3_4
19880490,A genome-wide association analysis of serum iron concentrations,"Tanaka T, Roy CN, Yao W, Matteini A, Semba RD, Arking D, Walston JD, Fried LP, Singleton A, Guralnik J, Abecasis GR, Bandinelli S, Longo DL, Ferrucci L.",Blood. 2010 Jan 7;115(1):94-6. doi: 10.1182/blood-2009-07-232496. Epub 2009 Oct 30.,Tanaka T,Blood,2010,2009-11-03,PMC2803694,,10.1182/blood-2009-07-232496
19820079,The effect of active and passive household cigarette smoke exposure on pregnant women with asthma,"Newman RB, Momirova V, Dombrowski MP, Schatz M, Wise R, Landon M, Rouse DJ, Lindheimer M, Caritis SN, Sheffield J, Miodovnik M, Wapner RJ, Varner MW, O'Sullivan MJ, Conway DL; Eunice Kennedy Shriver National Institute of Child Health and Human Development Maternal-Fetal Medicine Units (MFMU) Network.",Chest. 2010 Mar;137(3):601-8. doi: 10.1378/chest.09-0942. Epub 2009 Oct 9.,Newman RB,Chest,2010,2009-10-13,PMC2832865,,10.1378/chest.09-0942
21904418,Rejoinder,"Scharpf RB, Tjelmeland H, Parmigiani G, Nobel AB.",J Am Stat Assoc. 2009 Dec;104(488):1318-1323. doi: 10.1198/jasa.2009.ap09575.,Scharpf RB,J Am Stat Assoc,2009,2011-09-28,PMC3167382,NIHMS174351,10.1198/jasa.2009.ap09575
19930550,Searching for SNPs with cloud computing,"Langmead B, Schatz MC, Lin J, Pop M, Salzberg SL.",Genome Biol. 2009;10(11):R134. doi: 10.1186/gb-2009-10-11-r134. Epub 2009 Nov 20.,Langmead B,Genome Biol,2009,2009-11-26,PMC3091327,,10.1186/gb-2009-10-11-r134
20037478,A resource for analysis of microRNA expression and function in pancreatic ductal adenocarcinoma cells,"Kent OA, Mullendore M, Wentzel EA, López-Romero P, Tan AC, Alvarez H, West K, Ochs MF, Hidalgo M, Arking DE, Maitra A, Mendell JT.",Cancer Biol Ther. 2009 Nov;8(21):2013-24. doi: 10.4161/cbt.8.21.9685.,Kent OA,Cancer Biol Ther,2009,2009-12-29,PMC2824894,NIHMS176512,10.4161/cbt.8.21.9685
19812673,A genome-wide linkage and association scan reveals novel loci for autism,"Weiss LA, Arking DE; Gene Discovery Project of Johns Hopkins & the Autism Consortium; Daly MJ, Chakravarti A.",Nature. 2009 Oct 8;461(7265):802-8. doi: 10.1038/nature08490.,Weiss LA,Nature,2009,2009-10-09,PMC2772655,NIHMS144946,10.1038/nature08490
19758451,Efficient oligonucleotide probe selection for pan-genomic tiling arrays,"Phillippy AM, Deng X, Zhang W, Salzberg SL.",BMC Bioinformatics. 2009 Sep 16;10:293. doi: 10.1186/1471-2105-10-293.,Phillippy AM,BMC Bioinformatics,2009,2009-09-18,PMC2753849,,10.1186/1471-2105-10-293
19661281,Detecting species-site dependencies in large multiple sequence alignments,"Schwarz R, Seibel PN, Rahmann S, Schoen C, Huenerberg M, Müller-Reible C, Dandekar T, Karchin R, Schultz J, Müller T.",Nucleic Acids Res. 2009 Oct;37(18):5959-68. doi: 10.1093/nar/gkp634. Epub 2009 Aug 6.,Schwarz R,Nucleic Acids Res,2009,2009-08-08,PMC2764451,,10.1093/nar/gkp634
19654414,"New connections, new components, real dynamics",Bader JS.,Sci Signal. 2009 Aug 4;2(82):pe48. doi: 10.1126/scisignal.282pe48.,Bader JS,Sci Signal,2009,2009-08-06,PMC2892287,NIHMS210751,10.1126/scisignal.282pe48
19654296,Cancer-specific high-throughput annotation of somatic mutations: computational prediction of driver missense mutations,"Carter H, Chen S, Isik L, Tyekucheva S, Velculescu VE, Kinzler KW, Vogelstein B, Karchin R.",Cancer Res. 2009 Aug 15;69(16):6660-7. doi: 10.1158/0008-5472.CAN-09-1133. Epub 2009 Aug 4.,Carter H,Cancer Res,2009,2009-08-06,PMC2763410,NIHMS127672,10.1158/0008-5472.CAN-09-1133
19652097,"Drug-sensitized zebrafish screen identifies multiple genes, including GINS3, as regulators of myocardial repolarization","Milan DJ, Kim AM, Winterfield JR, Jones IL, Pfeufer A, Sanna S, Arking DE, Amsterdam AH, Sabeh KM, Mably JD, Rosenbaum DS, Peterson RT, Chakravarti A, Kääb S, Roden DM, MacRae CA.",Circulation. 2009 Aug 18;120(7):553-9. doi: 10.1161/CIRCULATIONAHA.108.821082. Epub 2009 Aug 3.,Milan DJ,Circulation,2009,2009-08-05,PMC2771327,NIHMS139365,10.1161/CIRCULATIONAHA.108.821082
19648916,Phymm and PhymmBL: metagenomic phylogenetic classification with interpolated Markov models,"Brady A, Salzberg SL.",Nat Methods. 2009 Sep;6(9):673-6. doi: 10.1038/nmeth.1358. Epub 2009 Aug 2.,Brady A,Nat Methods,2009,2009-08-04,PMC2762791,NIHMS128792,10.1038/nmeth.1358
20161021,Optimizing Data Intensive GPGPU Computations for DNA Sequence Alignment,"Trapnell C, Schatz MC.",Parallel Comput. 2009 Aug 1;35(8):429-440. doi: 10.1016/j.parco.2009.05.002.,Trapnell C,Parallel Comput,2009,2010-02-18,PMC2749273,NIHMS134243,10.1016/j.parco.2009.05.002
19648384,"Impact of asthma controller medications on clinical, economic, and patient-reported outcomes","Tan H, Sarawate C, Singer J, Elward K, Cohen RI, Smart BA, Busk MF, Lustig J, O'Brien JD, Schatz M.",Mayo Clin Proc. 2009 Aug;84(8):675-84. doi: 10.4065/84.8.675.,Tan H,Mayo Clin Proc,2009,2009-08-04,PMC2719520,,10.4065/84.8.675
19646992,Prediction of protein-protein interfaces on G-protein beta subunits reveals a novel phospholipase C beta2 binding domain,"Friedman EJ, Temple BR, Hicks SN, Sondek J, Jones CD, Jones AM.",J Mol Biol. 2009 Oct 2;392(4):1044-54. doi: 10.1016/j.jmb.2009.07.076. Epub 2009 Jul 30.,Friedman EJ,J Mol Biol,2009,2009-08-04,PMC2767172,NIHMS140695,10.1016/j.jmb.2009.07.076
19636415,2009 Swine-origin influenza A (H1N1) resembles previous influenza isolates,"Kingsford C, Nagarajan N, Salzberg SL.",PLoS One. 2009 Jul 28;4(7):e6402. doi: 10.1371/journal.pone.0006402.,Kingsford C,PLoS One,2009,2009-07-29,PMC2712239,,10.1371/journal.pone.0006402
19607703,"A method for identifying alternative or cryptic donor splice sites within gene and mRNA sequences. Comparisons among sequences from vertebrates, echinoderms and other groups","Buckley KM, Florea LD, Smith LC.",BMC Genomics. 2009 Jul 16;10:318. doi: 10.1186/1471-2164-10-318.,Buckley KM,BMC Genomics,2009,2009-07-18,PMC2721852,,10.1186/1471-2164-10-318
19606141,The genome of the blood fluke Schistosoma mansoni,"Berriman M, Haas BJ, LoVerde PT, Wilson RA, Dillon GP, Cerqueira GC, Mashiyama ST, Al-Lazikani B, Andrade LF, Ashton PD, Aslett MA, Bartholomeu DC, Blandin G, Caffrey CR, Coghlan A, Coulson R, Day TA, Delcher A, DeMarco R, Djikeng A, Eyre T, Gamble JA, Ghedin E, Gu Y, Hertz-Fowler C, Hirai H, Hirai Y, Houston R, Ivens A, Johnston DA, Lacerda D, Macedo CD, McVeigh P, Ning Z, Oliveira G, Overington JP, Parkhill J, Pertea M, Pierce RJ, Protasio AV, Quail MA, Rajandream MA, Rogers J, Sajid M, Salzberg SL, Stanke M, Tivey AR, White O, Williams DL, Wortman J, Wu W, Zamanian M, Zerlotini A, Fraser-Liggett CM, Barrell BG, El-Sayed NM.",Nature. 2009 Jul 16;460(7253):352-8. doi: 10.1038/nature08160.,Berriman M,Nature,2009,2009-07-17,PMC2756445,NIHMS119811,10.1038/nature08160
19597492,Variants in ZFHX3 are associated with atrial fibrillation in individuals of European ancestry,"Benjamin EJ, Rice KM, Arking DE, Pfeufer A, van Noord C, Smith AV, Schnabel RB, Bis JC, Boerwinkle E, Sinner MF, Dehghan A, Lubitz SA, D'Agostino RB Sr, Lumley T, Ehret GB, Heeringa J, Aspelund T, Newton-Cheh C, Larson MG, Marciante KD, Soliman EZ, Rivadeneira F, Wang TJ, Eiríksdottir G, Levy D, Psaty BM, Li M, Chamberlain AM, Hofman A, Vasan RS, Harris TB, Rotter JI, Kao WH, Agarwal SK, Stricker BH, Wang K, Launer LJ, Smith NL, Chakravarti A, Uitterlinden AG, Wolf PA, Sotoodehnia N, Köttgen A, van Duijn CM, Meitinger T, Mueller M, Perz S, Steinbeck G, Wichmann HE, Lunetta KL, Heckbert SR, Gudnason V, Alonso A, Kääb S, Ellinor PT, Witteman JC.",Nat Genet. 2009 Aug;41(8):879-81. doi: 10.1038/ng.416. Epub 2009 Jul 13.,Benjamin EJ,Nat Genet,2009,2009-07-15,PMC2761746,NIHMS125272,10.1038/ng.416
19592393,TileProbe: modeling tiling array probe effects using publicly available data,"Judy JT, Ji H.",Bioinformatics. 2009 Sep 15;25(18):2369-75. doi: 10.1093/bioinformatics/btp425. Epub 2009 Jul 9.,Judy JT,Bioinformatics,2009,2009-07-14,PMC2735670,,10.1093/bioinformatics/btp425
19587794,Common genetic variation near the phospholamban gene is associated with cardiac repolarisation: meta-analysis of three genome-wide association studies,"Nolte IM, Wallace C, Newhouse SJ, Waggott D, Fu J, Soranzo N, Gwilliam R, Deloukas P, Savelieva I, Zheng D, Dalageorgou C, Farrall M, Samani NJ, Connell J, Brown M, Dominiczak A, Lathrop M, Zeggini E, Wain LV; Wellcome Trust Case Control Consortium; DCCT/EDIC Research Group; Newton-Cheh C, Eijgelsheim M, Rice K, de Bakker PI; QTGEN consortium; Pfeufer A, Sanna S, Arking DE; QTSCD consortium; Asselbergs FW, Spector TD, Carter ND, Jeffery S, Tobin M, Caulfield M, Snieder H, Paterson AD, Munroe PB, Jamshidi Y.",PLoS One. 2009 Jul 9;4(7):e6138. doi: 10.1371/journal.pone.0006138.,Nolte IM,PLoS One,2009,2009-07-10,PMC2704957,,10.1371/journal.pone.0006138
19543372,Genome-wide identification of alternative splice forms down-regulated by nonsense-mediated mRNA decay in Drosophila,"Hansen KD, Lareau LF, Blanchette M, Green RE, Meng Q, Rehwinkel J, Gallusser FL, Izaurralde E, Rio DC, Dudoit S, Brenner SE.",PLoS Genet. 2009 Jun;5(6):e1000525. doi: 10.1371/journal.pgen.1000525. Epub 2009 Jun 19.,Hansen KD,PLoS Genet,2009,2009-06-23,PMC2689934,,10.1371/journal.pgen.1000525
19503607,"Genomic analyses of the microsporidian Nosema ceranae, an emergent pathogen of honey bees","Cornman RS, Chen YP, Schatz MC, Street C, Zhao Y, Desany B, Egholm M, Hutchison S, Pettis JS, Lipkin WI, Evans JD.",PLoS Pathog. 2009 Jun;5(6):e1000466. doi: 10.1371/journal.ppat.1000466. Epub 2009 Jun 5.,Cornman RS,PLoS Pathog,2009,2009-06-09,PMC2685015,,10.1371/journal.ppat.1000466
20224629,Likelihood estimation of conjugacy relationships in linear models with applications to high-throughput genomics,"Caffo BS, Liu D, Scharpf RB, Parmigiani G.",Int J Biostat. 2009 May 29;5(1):Article 18. doi: 10.2202/1557-4679.1129.,Caffo BS,Int J Biostat,2009,2010-03-13,PMC2827886,,10.2202/1557-4679.1129
19434233,Mitochondrial DNA variants of respiratory complex I that uniquely characterize haplogroup T2 are associated with increased risk of age-related macular degeneration,"SanGiovanni JP, Arking DE, Iyengar SK, Elashoff M, Clemons TE, Reed GF, Henning AK, Sivakumaran TA, Xu X, DeWan A, Agrón E, Rochtchina E, Sue CM, Wang JJ, Mitchell P, Hoh J, Francis PJ, Klein ML, Chew EY, Chakravarti A.",PLoS One. 2009;4(5):e5508. doi: 10.1371/journal.pone.0005508. Epub 2009 May 12.,SanGiovanni JP,PLoS One,2009,2009-05-13,PMC2677106,,10.1371/journal.pone.0005508
19430482,Multiple loci associated with indices of renal function and chronic kidney disease,"Köttgen A, Glazer NL, Dehghan A, Hwang SJ, Katz R, Li M, Yang Q, Gudnason V, Launer LJ, Harris TB, Smith AV, Arking DE, Astor BC, Boerwinkle E, Ehret GB, Ruczinski I, Scharpf RB, Chen YD, de Boer IH, Haritunians T, Lumley T, Sarnak M, Siscovick D, Benjamin EJ, Levy D, Upadhyay A, Aulchenko YS, Hofman A, Rivadeneira F, Uitterlinden AG, van Duijn CM, Chasman DI, Paré G, Ridker PM, Kao WH, Witteman JC, Coresh J, Shlipak MG, Fox CS.",Nat Genet. 2009 Jun;41(6):712-7. doi: 10.1038/ng.377. Epub 2009 May 10.,Köttgen A,Nat Genet,2009,2009-05-12,PMC3039280,NIHMS267520,10.1038/ng.377
19430481,A common allele in RPGRIP1L is a modifier of retinal degeneration in ciliopathies,"Khanna H, Davis EE, Murga-Zamalloa CA, Estrada-Cuzcano A, Lopez I, den Hollander AI, Zonneveld MN, Othman MI, Waseem N, Chakarova CF, Maubaret C, Diaz-Font A, MacDonald I, Muzny DM, Wheeler DA, Morgan M, Lewis LR, Logan CV, Tan PL, Beer MA, Inglehearn CF, Lewis RA, Jacobson SG, Bergmann C, Beales PL, Attié-Bitach T, Johnson CA, Otto EA, Bhattacharya SS, Hildebrandt F, Gibbs RA, Koenekoop RK, Swaroop A, Katsanis N.",Nat Genet. 2009 Jun;41(6):739-45. doi: 10.1038/ng.366. Epub 2009 May 10.,Khanna H,Nat Genet,2009,2009-05-12,PMC2783476,NIHMS103218,10.1038/ng.366
19430479,Genome-wide association study of blood pressure and hypertension,"Levy D, Ehret GB, Rice K, Verwoert GC, Launer LJ, Dehghan A, Glazer NL, Morrison AC, Johnson AD, Aspelund T, Aulchenko Y, Lumley T, Köttgen A, Vasan RS, Rivadeneira F, Eiriksdottir G, Guo X, Arking DE, Mitchell GF, Mattace-Raso FU, Smith AV, Taylor K, Scharpf RB, Hwang SJ, Sijbrands EJ, Bis J, Harris TB, Ganesh SK, O'Donnell CJ, Hofman A, Rotter JI, Coresh J, Benjamin EJ, Uitterlinden AG, Heiss G, Fox CS, Witteman JC, Boerwinkle E, Wang TJ, Gudnason V, Larson MG, Chakravarti A, Psaty BM, van Duijn CM.",Nat Genet. 2009 Jun;41(6):677-87. doi: 10.1038/ng.384. Epub 2009 May 10.,Levy D,Nat Genet,2009,2009-05-12,PMC2998712,NIHMS146682,10.1038/ng.384
19429899,Sim4cc: a cross-species spliced alignment program,"Zhou L, Pertea M, Delcher AL, Florea L.",Nucleic Acids Res. 2009 Jun;37(11):e80. doi: 10.1093/nar/gkp319. Epub 2009 May 8.,Zhou L,Nucleic Acids Res,2009,2009-05-12,PMC2699533,,10.1093/nar/gkp319
19417071,Insignia: a DNA signature search web server for diagnostic assay development,"Phillippy AM, Ayanbule K, Edwards NJ, Salzberg SL.",Nucleic Acids Res. 2009 Jul;37(Web Server issue):W229-34. doi: 10.1093/nar/gkp286. Epub 2009 May 5.,Phillippy AM,Nucleic Acids Res,2009,2009-05-07,PMC2703920,,10.1093/nar/gkp286
19430453,How to map billions of short reads onto genomes,"Trapnell C, Salzberg SL.",Nat Biotechnol. 2009 May;27(5):455-7. doi: 10.1038/nbt0509-455.,Trapnell C,Nat Biotechnol,2009,2009-05-12,PMC2836519,NIHMS182376,10.1038/nbt0509-455
18951408,PIK3CA somatic mutations in breast cancer: Mechanistic insights from Langevin dynamics simulations,"Mankoo PK, Sukumar S, Karchin R.",Proteins. 2009 May 1;75(2):499-508. doi: 10.1002/prot.22265.,Mankoo PK,Proteins,2009,2008-10-28,PMC3094910,NIHMS283101,10.1002/prot.22265
19393038,"A whole-genome assembly of the domestic cow, Bos taurus","Zimin AV, Delcher AL, Florea L, Kelley DR, Schatz MC, Puiu D, Hanrahan F, Pertea G, Van Tassell CP, Sonstegard TS, Marçais G, Roberts M, Subramanian P, Yorke JA, Salzberg SL.",Genome Biol. 2009;10(4):R42. doi: 10.1186/gb-2009-10-4-r42. Epub 2009 Apr 24.,Zimin AV,Genome Biol,2009,2009-04-28,PMC2688933,,10.1186/gb-2009-10-4-r42
19369493,LS-SNP/PDB: annotated non-synonymous SNPs mapped to Protein Data Bank structures,"Ryan M, Diekhans M, Lien S, Liu Y, Karchin R.",Bioinformatics. 2009 Jun 1;25(11):1431-2. doi: 10.1093/bioinformatics/btp242. Epub 2009 Apr 15.,Ryan M,Bioinformatics,2009,2009-04-17,PMC6276889,,10.1093/bioinformatics/btp242
19357099,CloudBurst: highly sensitive read mapping with MapReduce,Schatz MC.,Bioinformatics. 2009 Jun 1;25(11):1363-9. doi: 10.1093/bioinformatics/btp236. Epub 2009 Apr 8.,Schatz MC,Bioinformatics,2009,2009-04-10,PMC2682523,,10.1093/bioinformatics/btp236
21373225,The falling rate of positive penicillin skin tests from 1995 to 2007,"Macy E, Schatz M, Lin C, Poon KY.",Perm J. 2009 Spring;13(2):12-8. doi: 10.7812/TPP/08-073.,Macy E,Perm J,2009,2011-03-05,PMC3034425,,10.7812/TPP/08-073
19305409,Common variants at ten loci modulate the QT interval duration in the QTSCD Study,"Pfeufer A, Sanna S, Arking DE, Müller M, Gateva V, Fuchsberger C, Ehret GB, Orrú M, Pattaro C, Köttgen A, Perz S, Usala G, Barbalic M, Li M, Pütz B, Scuteri A, Prineas RJ, Sinner MF, Gieger C, Najjar SS, Kao WH, Mühleisen TW, Dei M, Happle C, Möhlenkamp S, Crisponi L, Erbel R, Jöckel KH, Naitza S, Steinbeck G, Marroni F, Hicks AA, Lakatta E, Müller-Myhsok B, Pramstaller PP, Wichmann HE, Schlessinger D, Boerwinkle E, Meitinger T, Uda M, Coresh J, Kääb S, Abecasis GR, Chakravarti A.",Nat Genet. 2009 Apr;41(4):407-14. doi: 10.1038/ng.362. Epub 2009 Mar 22.,Pfeufer A,Nat Genet,2009,2009-03-24,PMC2976045,NIHMS240312,10.1038/ng.362
19289445,TopHat: discovering splice junctions with RNA-Seq,"Trapnell C, Pachter L, Salzberg SL.",Bioinformatics. 2009 May 1;25(9):1105-11. doi: 10.1093/bioinformatics/btp120. Epub 2009 Mar 16.,Trapnell C,Bioinformatics,2009,2009-03-18,PMC2672628,,10.1093/bioinformatics/btp120
19261174,Ultrafast and memory-efficient alignment of short DNA sequences to the human genome,"Langmead B, Trapnell C, Pop M, Salzberg SL.",Genome Biol. 2009;10(3):R25. doi: 10.1186/gb-2009-10-3-r25. Epub 2009 Mar 4.,Langmead B,Genome Biol,2009,2009-03-06,PMC2690996,,10.1186/gb-2009-10-3-r25
19253296,Identification of miR-21 targets in breast cancer cells using a quantitative proteomic approach,"Yang Y, Chaerkady R, Beer MA, Mendell JT, Pandey A.",Proteomics. 2009 Mar;9(5):1374-84. doi: 10.1002/pmic.200800551.,Yang Y,Proteomics,2009,2009-03-03,PMC3030979,NIHMS75747,10.1002/pmic.200800551
19218532,HistoneHits: a database for histone mutations and their phenotypes,"Huang H, Maertens AM, Hyland EM, Dai J, Norris A, Boeke JD, Bader JS.",Genome Res. 2009 Apr;19(4):674-81. doi: 10.1101/gr.083402.108. Epub 2009 Feb 13.,Huang H,Genome Res,2009,2009-02-17,PMC2666297,,10.1101/gr.083402.108
19211792,Lin-28B transactivation is necessary for Myc-mediated let-7 repression and proliferation,"Chang TC, Zeitels LR, Hwang HW, Chivukula RR, Wentzel EA, Dews M, Jung J, Gao P, Dang CV, Beer MA, Thomas-Tikhonenko A, Mendell JT.",Proc Natl Acad Sci U S A. 2009 Mar 3;106(9):3384-9. doi: 10.1073/pnas.0808300106. Epub 2009 Feb 11.,Chang TC,Proc Natl Acad Sci U S A,2009,2009-02-13,PMC2651245,,10.1073/pnas.0808300106
19204306,Genetic variations in nitric oxide synthase 1 adaptor protein are associated with sudden cardiac death in US white community-based populations,"Kao WH, Arking DE, Post W, Rea TD, Sotoodehnia N, Prineas RJ, Bishe B, Doan BQ, Boerwinkle E, Psaty BM, Tomaselli GF, Coresh J, Siscovick DS, Marbán E, Spooner PM, Burke GL, Chakravarti A.",Circulation. 2009 Feb 24;119(7):940-51. doi: 10.1161/CIRCULATIONAHA.108.791723. Epub 2009 Feb 9.,Kao WH,Circulation,2009,2009-02-11,PMC2782762,NIHMS126507,10.1161/CIRCULATIONAHA.108.791723
19305140,Hybrids of aneuploid human cancer cells permit complementation of simple and complex cancer defects,"Dezentje DA, Arking DE, Kortenhorst MS, West K, Chakravarti A, Kern SE.",Cancer Biol Ther. 2009 Feb;8(4):347-55. doi: 10.4161/cbt.8.4.7346. Epub 2009 Feb 4.,Dezentje DA,Cancer Biol Ther,2009,2009-03-24,PMC2749964,NIHMS132865,10.4161/cbt.8.4.7346
19177016,A new link between epigenetic progenitor lesions in cancer and the dynamics of signal transduction,"Timp W, Levchenko A, Feinberg AP.",Cell Cycle. 2009 Feb 1;8(3):383-90. doi: 10.4161/cc.8.3.7542. Epub 2009 Feb 3.,Timp W,Cell Cycle,2009,2009-01-30,PMC6275123,NIHMS995075,10.4161/cc.8.3.7542
19193147,"Metabolic flux correlations, genetic interactions, and disease","Veeramani B, Bader JS.",J Comput Biol. 2009 Feb;16(2):291-302. doi: 10.1089/cmb.2008.14TT.,Veeramani B,J Comput Biol,2009,2009-02-06,PMC2909654,NIHMS210752,10.1089/cmb.2008.14TT
19180230,Multiple independent genetic factors at NOS1AP modulate the QT interval in a multi-ethnic population,"Arking DE, Khera A, Xing C, Kao WH, Post W, Boerwinkle E, Chakravarti A.",PLoS One. 2009;4(1):e4333. doi: 10.1371/journal.pone.0004333. Epub 2009 Jan 30.,Arking DE,PLoS One,2009,2009-01-31,PMC2628730,,10.1371/journal.pone.0004333
19144174,Analytical approximations for the amplitude and period of a relaxation oscillator,"Kut C, Golkhou V, Bader JS.",BMC Syst Biol. 2009 Jan 14;3:6. doi: 10.1186/1752-0509-3-6.,Kut C,BMC Syst Biol,2009,2009-01-16,PMC2657111,,10.1186/1752-0509-3-6
19139167,Lymphotoxin beta receptor signaling promotes tertiary lymphoid organogenesis in the aorta adventitia of aged ApoE-/- mice,"Gräbner R, Lötzer K, Döpping S, Hildner M, Radke D, Beer M, Spanbroek R, Lippert B, Reardon CA, Getz GS, Fu YX, Hehlgans T, Mebius RE, van der Wall M, Kruspe D, Englert C, Lovas A, Hu D, Randolph GJ, Weih F, Habenicht AJ.",J Exp Med. 2009 Jan 16;206(1):233-48. doi: 10.1084/jem.20080752. Epub 2009 Jan 12.,Gräbner R,J Exp Med,2009,2009-01-14,PMC2626665,,10.1084/jem.20080752
21127725,A Bayesian model for cross-study differential gene expression,"Scharpf RB, Tjelmeland H, Parmigiani G, Nobel AB.",J Am Stat Assoc. 2009;104(488):1295-1310. doi: 10.1198/jasa.2009.ap07611.,Scharpf RB,J Am Stat Assoc,2009,2010-12-04,PMC2994029,NIHMS174344,10.1198/jasa.2009.ap07611
19181721,Next generation tools for the annotation of human SNPs,Karchin R.,Brief Bioinform. 2009 Jan;10(1):35-52. doi: 10.1093/bib/bbn047.,Karchin R,Brief Bioinform,2009,2009-02-03,PMC2638621,,10.1093/bib/bbn047
19114486,Genome sequence of the Wolbachia endosymbiont of Culex quinquefasciatus JHB,"Salzberg SL, Puiu D, Sommer DD, Nene V, Lee NH.",J Bacteriol. 2009 Mar;191(5):1725. doi: 10.1128/JB.01731-08. Epub 2008 Dec 29.,Salzberg SL,J Bacteriol,2009,2008-12-31,PMC2648186,,10.1128/JB.01731-08
19091773,Precision and recall estimates for two-hybrid screens,"Huang H, Bader JS.",Bioinformatics. 2009 Feb 1;25(3):372-8. doi: 10.1093/bioinformatics/btn640. Epub 2008 Dec 17.,Huang H,Bioinformatics,2009,2008-12-19,PMC2639075,,10.1093/bioinformatics/btn640
19033212,Phospholipase C isozymes as effectors of Ras superfamily GTPases,"Harden TK, Hicks SN, Sondek J.",J Lipid Res. 2009 Apr;50 Suppl(Suppl):S243-8. doi: 10.1194/jlr.R800045-JLR200. Epub 2008 Nov 24.,Harden TK,J Lipid Res,2009,2008-11-27,PMC2674739,,10.1194/jlr.R800045-JLR200
19015540,"Teaching synthetic biology, bioinformatics and engineering to undergraduates: the interdisciplinary Build-a-Genome course","Dymond JS, Scheifele LZ, Richardson S, Lee P, Chandrasegaran S, Bader JS, Boeke JD.",Genetics. 2009 Jan;181(1):13-21. doi: 10.1534/genetics.108.096784. Epub 2008 Nov 17.,Dymond JS,Genetics,2009,2008-11-19,PMC2621162,,10.1534/genetics.108.096784
18952800,"The complete genome sequence of Bacillus anthracis Ames ""Ancestor""","Ravel J, Jiang L, Stanley ST, Wilson MR, Decker RS, Read TD, Worsham P, Keim PS, Salzberg SL, Fraser-Liggett CM, Rasko DA.",J Bacteriol. 2009 Jan;191(1):445-6. doi: 10.1128/JB.01347-08. Epub 2008 Oct 24.,Ravel J,J Bacteriol,2009,2008-10-28,PMC2612425,,10.1128/JB.01347-08
18948284,OperonDB: a comprehensive database of predicted operons in microbial genomes,"Pertea M, Ayanbule K, Smedinghoff M, Salzberg SL.",Nucleic Acids Res. 2009 Jan;37(Database issue):D479-82. doi: 10.1093/nar/gkn784. Epub 2008 Oct 23.,Pertea M,Nucleic Acids Res,2009,2008-10-25,PMC2686487,,10.1093/nar/gkn784
18948282,"MODBASE, a database of annotated comparative protein structure models and associated resources","Pieper U, Eswar N, Webb BM, Eramian D, Kelly L, Barkan DT, Carter H, Mankoo P, Karchin R, Marti-Renom MA, Davis FP, Sali A.",Nucleic Acids Res. 2009 Jan;37(Database issue):D347-54. doi: 10.1093/nar/gkn791. Epub 2008 Oct 23.,Pieper U,Nucleic Acids Res,2009,2008-10-25,PMC2686492,,10.1093/nar/gkn791
18992264,"Analysis of a set of missense, frameshift, and in-frame deletion variants of BRCA1","Carvalho M, Pino MA, Karchin R, Beddor J, Godinho-Netto M, Mesquita RD, Rodarte RS, Vaz DC, Monteiro VA, Manoukian S, Colombo M, Ripamonti CB, Rosenquist R, Suthers G, Borg A, Radice P, Grist SA, Monteiro AN, Billack B.",Mutat Res. 2009 Jan 15;660(1-2):1-11. doi: 10.1016/j.mrfmmm.2008.09.017. Epub 2008 Oct 17.,Carvalho M,Mutat Res,2009,2008-11-11,PMC2682550,NIHMS93033,10.1016/j.mrfmmm.2008.09.017
19116010,Comparative genomics of mutualistic viruses of Glyptapanteles parasitic wasps,"Desjardins CA, Gundersen-Rindal DE, Hostetler JB, Tallon LJ, Fadrosh DW, Fuester RW, Pedroni MJ, Haas BJ, Schatz MC, Jones KM, Crabtree J, Forberger H, Nene V.",Genome Biol. 2008;9(12):R183. doi: 10.1186/gb-2008-9-12-r183. Epub 2008 Dec 30.,Desjardins CA,Genome Biol,2008,2009-01-01,PMC2646287,,10.1186/gb-2008-9-12-r183
19096707,Novel low abundance and transient RNAs in yeast revealed by tiling microarrays and ultra high-throughput sequencing are not conserved across closely related yeast species,"Lee A, Hansen KD, Bullard J, Dudoit S, Sherlock G.",PLoS Genet. 2008 Dec;4(12):e1000299. doi: 10.1371/journal.pgen.1000299. Epub 2008 Dec 19.,Lee A,PLoS Genet,2008,2008-12-20,PMC2601015,,10.1371/journal.pgen.1000299
20664721,Analysis of Carica papaya Telomeres and Telomere-Associated Proteins: Insights into the Evolution of Telomere Maintenance in Brassicales,"Shakirov EV, Salzberg SL, Alam M, Shippen DE.",Trop Plant Biol. 2008 Dec;1(3-4):202-215. doi: 10.1007/s12042-008-9018-x.,Shakirov EV,Trop Plant Biol,2008,2010-07-29,PMC2909770,NIHMS187076,10.1007/s12042-008-9018-x
19043590,Acquisition and evolution of plant pathogenesis-associated gene clusters and candidate determinants of tissue-specificity in xanthomonas,"Lu H, Patil P, Van Sluys MA, White FF, Ryan RP, Dow JM, Rabinowicz P, Salzberg SL, Leach JE, Sonti R, Brendel V, Bogdanove AJ.",PLoS One. 2008;3(11):e3828. doi: 10.1371/journal.pone.0003828. Epub 2008 Nov 27.,Lu H,PLoS One,2008,2008-12-02,PMC2585010,,10.1371/journal.pone.0003828
18978777,An integrated software system for analyzing ChIP-chip and ChIP-seq data,"Ji H, Jiang H, Ma W, Johnson DS, Myers RM, Wong WH.",Nat Biotechnol. 2008 Nov;26(11):1293-300. doi: 10.1038/nbt.1505. Epub 2008 Nov 2.,Ji H,Nat Biotechnol,2008,2008-11-04,PMC2596672,NIHMS72493,10.1038/nbt.1505
18927608,Re-assembly of the genome of Francisella tularensis subsp. holarctica OSU18,"Puiu D, Salzberg SL.",PLoS One. 2008;3(10):e3427. doi: 10.1371/journal.pone.0003427. Epub 2008 Oct 17.,Puiu D,PLoS One,2008,2008-10-18,PMC2561293,,10.1371/journal.pone.0003427
18843361,Comparative genomics of the neglected human malaria parasite Plasmodium vivax,"Carlton JM, Adams JH, Silva JC, Bidwell SL, Lorenzi H, Caler E, Crabtree J, Angiuoli SV, Merino EF, Amedeo P, Cheng Q, Coulson RM, Crabb BS, Del Portillo HA, Essien K, Feldblyum TV, Fernandez-Becerra C, Gilson PR, Gueye AH, Guo X, Kang'a S, Kooij TW, Korsinczky M, Meyer EV, Nene V, Paulsen I, White O, Ralph SA, Ren Q, Sargeant TJ, Salzberg SL, Stoeckert CJ, Sullivan SA, Yamamoto MM, Hoffman SL, Wortman JR, Gardner MJ, Galinski MR, Barnwell JW, Fraser-Liggett CM.",Nature. 2008 Oct 9;455(7214):757-63. doi: 10.1038/nature07327.,Carlton JM,Nature,2008,2008-10-10,PMC2651158,NIHMS75739,10.1038/nature07327
18832443,Finding friends and enemies in an enemies-only network: a graph diffusion kernel for predicting novel genetic interactions and co-complex membership from yeast genetic interactions,"Qi Y, Suhail Y, Lin YY, Boeke JD, Bader JS.",Genome Res. 2008 Dec;18(12):1991-2004. doi: 10.1101/gr.077693.108. Epub 2008 Oct 2.,Qi Y,Genome Res,2008,2008-10-04,PMC2593582,,10.1101/gr.077693.108
18832070,A genome-scale analysis of the cis-regulatory circuitry underlying sonic hedgehog-mediated patterning of the mammalian limb,"Vokes SA, Ji H, Wong WH, McMahon AP.",Genes Dev. 2008 Oct 1;22(19):2651-63. doi: 10.1101/gad.1693008.,Vokes SA,Genes Dev,2008,2008-10-04,PMC2559910,,10.1101/gad.1693008
18818729,Gene-boosted assembly of a novel bacterial genome from very short reads,"Salzberg SL, Sommer DD, Puiu D, Lee VT.",PLoS Comput Biol. 2008 Sep 26;4(9):e1000186. doi: 10.1371/journal.pcbi.1000186.,Salzberg SL,PLoS Comput Biol,2008,2008-09-27,PMC2529408,,10.1371/journal.pcbi.1000186
18805098,Probing nucleosome function: a highly versatile library of synthetic histone H3 and H4 mutants,"Dai J, Hyland EM, Yuan DS, Huang H, Bader JS, Boeke JD.",Cell. 2008 Sep 19;134(6):1066-78. doi: 10.1016/j.cell.2008.07.019.,Dai J,Cell,2008,2008-09-23,PMC2701395,NIHMS62239,10.1016/j.cell.2008.07.019
18776048,Comparisons of tyrosine phosphorylated proteins in cells expressing lung cancer-specific alleles of EGFR and KRAS,"Guha U, Chaerkady R, Marimuthu A, Patterson AS, Kashyap MK, Harsha HC, Sato M, Bader JS, Lash AE, Minna JD, Pandey A, Varmus HE.",Proc Natl Acad Sci U S A. 2008 Sep 16;105(37):14112-7. doi: 10.1073/pnas.0806158105. Epub 2008 Sep 5.,Guha U,Proc Natl Acad Sci U S A,2008,2008-09-09,PMC2531065,,10.1073/pnas.0806158105
18772397,Core signaling pathways in human pancreatic cancers revealed by global genomic analyses,"Jones S, Zhang X, Parsons DW, Lin JC, Leary RJ, Angenendt P, Mankoo P, Carter H, Kamiyama H, Jimeno A, Hong SM, Fu B, Lin MT, Calhoun ES, Kamiyama M, Walter K, Nikolskaya T, Nikolsky Y, Hartigan J, Smith DR, Hidalgo M, Leach SD, Klein AP, Jaffee EM, Goggins M, Maitra A, Iacobuzio-Donahue C, Eshleman JR, Kern SE, Hruban RH, Karchin R, Papadopoulos N, Parmigiani G, Vogelstein B, Velculescu VE, Kinzler KW.",Science. 2008 Sep 26;321(5897):1801-6. doi: 10.1126/science.1164368. Epub 2008 Sep 4.,Jones S,Science,2008,2008-09-06,PMC2848990,NIHMS105559,10.1126/science.1164368
18772396,An integrated genomic analysis of human glioblastoma multiforme,"Parsons DW, Jones S, Zhang X, Lin JC, Leary RJ, Angenendt P, Mankoo P, Carter H, Siu IM, Gallia GL, Olivi A, McLendon R, Rasheed BA, Keir S, Nikolskaya T, Nikolsky Y, Busam DA, Tekleab H, Diaz LA Jr, Hartigan J, Smith DR, Strausberg RL, Marie SK, Shinjo SM, Yan H, Riggins GJ, Bigner DD, Karchin R, Papadopoulos N, Parmigiani G, Vogelstein B, Velculescu VE, Kinzler KW.",Science. 2008 Sep 26;321(5897):1807-12. doi: 10.1126/science.1164382. Epub 2008 Sep 4.,Parsons DW,Science,2008,2008-09-06,PMC2820389,NIHMS105586,10.1126/science.1164382
18765661,Dual activation of phospholipase C-epsilon by Rho and Ras GTPases,"Seifert JP, Zhou Y, Hicks SN, Sondek J, Harden TK.",J Biol Chem. 2008 Oct 31;283(44):29690-8. doi: 10.1074/jbc.M805038200. Epub 2008 Sep 2.,Seifert JP,J Biol Chem,2008,2008-09-04,PMC2573092,,10.1074/jbc.M805038200
18779814,What are decision trees?,"Kingsford C, Salzberg SL.",Nat Biotechnol. 2008 Sep;26(9):1011-3. doi: 10.1038/nbt0908-1011.,Kingsford C,Nat Biotechnol,2008,2008-09-10,PMC2701298,NIHMS92537,10.1038/nbt0908-1011
18757875,PREDICT-2ND: a tool for generalized protein local structure prediction,"Katzman S, Barrett C, Thiltgen G, Karchin R, Karplus K.",Bioinformatics. 2008 Nov 1;24(21):2453-9. doi: 10.1093/bioinformatics/btn438. Epub 2008 Aug 30.,Katzman S,Bioinformatics,2008,2008-09-02,PMC2732275,,10.1093/bioinformatics/btn438
18698426,Pre-clinical evaluation of a novel nanoemulsion-based hepatitis B mucosal vaccine,"Makidon PE, Bielinska AU, Nigavekar SS, Janczak KW, Knowlton J, Scott AJ, Mank N, Cao Z, Rathinavelu S, Beer MR, Wilkinson JE, Blanco LP, Landers JJ, Baker JR Jr.",PLoS One. 2008 Aug 13;3(8):e2954. doi: 10.1371/journal.pone.0002954.,Makidon PE,PLoS One,2008,2008-08-14,PMC2496893,,10.1371/journal.pone.0002954
18691970,General and versatile autoinhibition of PLC isozymes,"Hicks SN, Jezyk MR, Gershburg S, Seifert JP, Harden TK, Sondek J.",Mol Cell. 2008 Aug 8;31(3):383-94. doi: 10.1016/j.molcel.2008.06.018.,Hicks SN,Mol Cell,2008,2008-08-12,PMC2702322,NIHMS95093,10.1016/j.molcel.2008.06.018
18682534,Molecular genetic and biochemical analyses of FGF23 mutations in familial tumoral calcinosis,"Garringer HJ, Malekpour M, Esteghamat F, Mortazavi SM, Davis SI, Farrow EG, Yu X, Arking DE, Dietz HC, White KE.",Am J Physiol Endocrinol Metab. 2008 Oct;295(4):E929-37. doi: 10.1152/ajpendo.90456.2008. Epub 2008 Aug 5.,Garringer HJ,Am J Physiol Endocrinol Metab,2008,2008-08-07,PMC2575904,,10.1152/ajpendo.90456.2008
18676811,A comprehensive synthetic genetic interaction network governing yeast histone acetylation and deacetylation,"Lin YY, Qi Y, Lu JY, Pan X, Yuan DS, Zhao Y, Bader JS, Boeke JD.",Genes Dev. 2008 Aug 1;22(15):2062-74. doi: 10.1101/gad.1679508.,Lin YY,Genes Dev,2008,2008-08-05,PMC2492751,NIHMS63489,10.1101/gad.1679508
18615063,The contents of the syringe,Salzberg S.,Nature. 2008 Jul 10;454(7201):160-1. doi: 10.1038/454160a.,Salzberg S,Nature,2008,2008-07-11,PMC2674578,NIHMS92536,10.1038/454160a
19609370,Hidden Markov models for the assessment of chromosomal alterations using high-throughput SNP arrays,"Scharpf RB, Parmigiani G, Pevsner J, Ruczinski I.",Ann Appl Stat. 2008 Jun 1;2(2):687-713. doi: 10.1214/07-AOAS155.,Scharpf RB,Ann Appl Stat,2008,2009-07-18,PMC2710854,NIHMS114455,10.1214/07-AOAS155
18452608,Genome sequence and rapid evolution of the rice pathogen Xanthomonas oryzae pv. oryzae PXO99A,"Salzberg SL, Sommer DD, Schatz MC, Phillippy AM, Rabinowicz PD, Tsuge S, Furutani A, Ochiai H, Delcher AL, Kelley D, Madupu R, Puiu D, Radune D, Shumway M, Trapnell C, Aparna G, Jha G, Pandey A, Patil PB, Ishihara H, Meyer DF, Szurek B, Verdier V, Koebnik R, Dow JM, Ryan RP, Hirata H, Tsuyumu S, Won Lee S, Seo YS, Sriariyanum M, Ronald PC, Sonti RV, Van Sluys MA, Leach JE, White FF, Bogdanove AJ.",BMC Genomics. 2008 May 1;9:204. doi: 10.1186/1471-2164-9-204.,Salzberg SL,BMC Genomics,2008,2008-05-03,PMC2432079,,10.1186/1471-2164-9-204
18445251,Differences in mtDNA haplogroup distribution among 3 Jewish populations alter susceptibility to T2DM complications,"Feder J, Blech I, Ovadia O, Amar S, Wainstein J, Raz I, Dadon S, Arking DE, Glaser B, Mishmar D.",BMC Genomics. 2008 Apr 29;9:198. doi: 10.1186/1471-2164-9-198.,Feder J,BMC Genomics,2008,2008-05-01,PMC2386827,,10.1186/1471-2164-9-198
18432245,The draft genome of the transgenic tropical fruit tree papaya (Carica papaya Linnaeus),"Ming R, Hou S, Feng Y, Yu Q, Dionne-Laporte A, Saw JH, Senin P, Wang W, Ly BV, Lewis KL, Salzberg SL, Feng L, Jones MR, Skelton RL, Murray JE, Chen C, Qian W, Shen J, Du P, Eustice M, Tong E, Tang H, Lyons E, Paull RE, Michael TP, Wall K, Rice DW, Albert H, Wang ML, Zhu YJ, Schatz M, Nagarajan N, Acob RA, Guan P, Blas A, Wai CM, Ackerman CM, Ren Y, Liu C, Wang J, Wang J, Na JK, Shakirov EV, Haas B, Thimmapuram J, Nelson D, Wang X, Bowers JE, Gschwend AR, Delcher AL, Singh R, Suzuki JY, Tripathi S, Neupane K, Wei H, Irikura B, Paidi M, Jiang N, Zhang W, Presting G, Windsor A, Navajas-Pérez R, Torres MJ, Feltus FA, Porter B, Li Y, Burroughs AM, Luo MC, Liu L, Christopher DA, Mount SM, Moore PH, Sugimura T, Jiang J, Schuler MA, Friedman V, Mitchell-Olds T, Shippen DE, dePamphilis CW, Palmer JD, Freeling M, Paterson AH, Gonsalves D, Wang L, Alam M.",Nature. 2008 Apr 24;452(7190):991-6. doi: 10.1038/nature06856.,Ming R,Nature,2008,2008-04-25,PMC2836516,NIHMS48187,10.1038/nature06856
19043619,Classifying Variants of Undetermined Significance in BRCA2 with protein likelihood ratios,"Karchin R, Agarwal M, Sali A, Couch F, Beattie MS.",Cancer Inform. 2008;6:203-16. doi: 10.4137/cin.s618. Epub 2008 Apr 18.,Karchin R,Cancer Inform,2008,2008-12-02,PMC2587343,NIHMS67089,10.4137/cin.s618
18401594,Genome-wide screen for asthma in Puerto Ricans: evidence for association with 5q23 region,"Choudhry S, Taub M, Mei R, Rodriguez-Santana J, Rodriguez-Cintron W, Shriver MD, Ziv E, Risch NJ, Burchard EG.",Hum Genet. 2008 Jun;123(5):455-68. doi: 10.1007/s00439-008-0495-7. Epub 2008 Apr 10.,Choudhry S,Hum Genet,2008,2008-04-11,PMC2664533,NIHMS97582,10.1007/s00439-008-0495-7
18387188,Validation and extension of an empirical Bayes method for SNP calling on Affymetrix microarrays,"Lin S, Carvalho B, Cutler DJ, Arking DE, Chakravarti A, Irizarry RA.",Genome Biol. 2008 Apr 3;9(4):R63. doi: 10.1186/gb-2008-9-4-r63.,Lin S,Genome Biol,2008,2008-04-05,PMC2643934,,10.1186/gb-2008-9-4-r63
18350171,"Improving Phrap-based assembly of the rat using ""reliable"" overlaps","Roberts M, Zimin AV, Hayes W, Hunt BR, Ustun C, White JR, Havlak P, Yorke J.",PLoS One. 2008 Mar 19;3(3):e1836. doi: 10.1371/journal.pone.0001836.,Roberts M,PLoS One,2008,2008-03-20,PMC2266800,,10.1371/journal.pone.0001836
18341692,Genome assembly forensics: finding the elusive mis-assembly,"Phillippy AM, Schatz MC, Pop M.",Genome Biol. 2008;9(3):R55. doi: 10.1186/gb-2008-9-3-r55. Epub 2008 Mar 14.,Phillippy AM,Genome Biol,2008,2008-03-18,PMC2397507,,10.1186/gb-2008-9-3-r55
18262676,Bioinformatics challenges of new sequencing technology,"Pop M, Salzberg SL.",Trends Genet. 2008 Mar;24(3):142-9. doi: 10.1016/j.tig.2007.12.006. Epub 2008 Feb 11.,Pop M,Trends Genet,2008,2008-02-12,PMC2680276,NIHMS48186,10.1016/j.tig.2007.12.006
18215286,Universal seeds for cDNA-to-genome comparison,"Zhou L, Stanton J, Florea L.",BMC Bioinformatics. 2008 Jan 23;9:36. doi: 10.1186/1471-2105-9-36.,Zhou L,BMC Bioinformatics,2008,2008-01-25,PMC2375135,,10.1186/1471-2105-9-36
18190707,Automated eukaryotic gene structure annotation using EVidenceModeler and the Program to Assemble Spliced Alignments,"Haas BJ, Salzberg SL, Zhu W, Pertea M, Allen JE, Orvis J, White O, Buell CR, Wortman JR.",Genome Biol. 2008 Jan 11;9(1):R7. doi: 10.1186/gb-2008-9-1-r7.,Haas BJ,Genome Biol,2008,2008-01-15,PMC2395244,,10.1186/gb-2008-9-1-r7
18179894,A common genetic variant in the neurexin superfamily member CNTNAP2 increases familial risk of autism,"Arking DE, Cutler DJ, Brune CW, Teslovich TM, West K, Ikeda M, Rea A, Guy M, Lin S, Cook EH, Chakravarti A.",Am J Hum Genet. 2008 Jan;82(1):160-4. doi: 10.1016/j.ajhg.2007.09.015.,Arking DE,Am J Hum Genet,2008,2008-01-09,PMC2253968,,10.1016/j.ajhg.2007.09.015
,Genome sequence and rapid evolution of the rice pathogen Xanthomonas oryzae pv. oryzae PXO99(A),"Salzberg SL, Sommer DD, Schatz MC, Phillippy AM, Rabinowicz PD, Tsuge S, Furutani A, Ochiai H, Delcher AL, Kelley D, Madupu R, Puiu D, Radune D, Shumway M, Trapnell C, Aparna G, Jha G, Pandey A, Patil PB, Ishihara H, Meyer DF, Szurek B, Verdier V, Koebnik R, Dow JM, Ryan RP, Hirata H, Tsuyumu S, Lee SW, Seo YS, Sriariyanum M, Ronald PC, Sonti RV, Van Sluys MA, Leach JE, White FF, Bogdanove AJ.",BMC Genomics. 2008 Nov 11;9:534. doi: 10.1186/1471-2164-9-534. eCollection 2008.,Salzberg SL,BMC Genomics,2008,,PMC2588604,,10.1186/1471-2164-9-534
18071029,Metrics of sequence constraint overlook regulatory sequences in an exhaustive analysis at phox2b,"McGaughey DM, Vinton RM, Huynh J, Al-Saif A, Beer MA, McCallion AS.",Genome Res. 2008 Feb;18(2):252-60. doi: 10.1101/gr.6929408. Epub 2007 Dec 10.,McGaughey DM,Genome Res,2008,2007-12-12,PMC2203623,,10.1101/gr.6929408
18066065,Widespread microRNA repression by Myc contributes to tumorigenesis,"Chang TC, Yu D, Lee YS, Wentzel EA, Arking DE, West KM, Dang CV, Thomas-Tikhonenko A, Mendell JT.",Nat Genet. 2008 Jan;40(1):43-50. doi: 10.1038/ng.2007.30. Epub 2007 Dec 9.,Chang TC,Nat Genet,2008,2007-12-11,PMC2628762,NIHMS82838,10.1038/ng.2007.30
18087038,Enhanced sensitivity to IGF-II signaling links loss of imprinting of IGF2 to increased cell proliferation and tumor risk,"Kaneda A, Wang CJ, Cheong R, Timp W, Onyango P, Wen B, Iacobuzio-Donahue CA, Ohlsson R, Andraos R, Pearson MA, Sharov AA, Longo DL, Ko MS, Levchenko A, Feinberg AP.",Proc Natl Acad Sci U S A. 2007 Dec 26;104(52):20926-31. doi: 10.1073/pnas.0710359105. Epub 2007 Dec 17.,Kaneda A,Proc Natl Acad Sci U S A,2007,2007-12-19,PMC2409243,,10.1073/pnas.0710359105
18070356,High-throughput sequence alignment using Graphics Processing Units,"Schatz MC, Trapnell C, Delcher AL, Varshney A.",BMC Bioinformatics. 2007 Dec 10;8:474. doi: 10.1186/1471-2105-8-474.,Schatz MC,BMC Bioinformatics,2007,2007-12-12,PMC2222658,,10.1186/1471-2105-8-474
18039026,Where have all the interactions gone? Estimating the coverage of two-hybrid protein interaction maps,"Huang H, Jedynak BM, Bader JS.",PLoS Comput Biol. 2007 Nov;3(11):e214. doi: 10.1371/journal.pcbi.0030214. Epub 2007 Sep 21.,Huang H,PLoS Comput Biol,2007,2007-11-28,PMC2082503,,10.1371/journal.pcbi.0030214
17885136,Draft genome of the filarial nematode parasite Brugia malayi,"Ghedin E, Wang S, Spiro D, Caler E, Zhao Q, Crabtree J, Allen JE, Delcher AL, Guiliano DB, Miranda-Saavedra D, Angiuoli SV, Creasy T, Amedeo P, Haas B, El-Sayed NM, Wortman JR, Feldblyum T, Tallon L, Schatz M, Shumway M, Koo H, Salzberg SL, Schobel S, Pertea M, Pop M, White O, Barton GJ, Carlow CK, Crawford MJ, Daub J, Dimmic MW, Estes CF, Foster JM, Ganatra M, Gregory WF, Johnson NM, Jin J, Komuniecki R, Korf I, Kumar S, Laney S, Li BW, Li W, Lindblom TH, Lustigman S, Ma D, Maina CV, Martin DM, McCarter JP, McReynolds L, Mitreva M, Nutman TB, Parkinson J, Peregrín-Alvarez JM, Poole C, Ren Q, Saunders L, Sluder AE, Smith K, Stanke M, Unnasch TR, Ware J, Wei AD, Weil G, Williams DJ, Zhang Y, Williams SA, Fraser-Liggett C, Slatko B, Blaxter ML, Scott AL.",Science. 2007 Sep 21;317(5845):1756-60. doi: 10.1126/science.1145406.,Ghedin E,Science,2007,2007-09-22,PMC2613796,NIHMS48183,10.1126/science.1145406
17642473,A unified model explaining the offsets of overlapping and near-overlapping prokaryotic genes,"Kingsford C, Delcher AL, Salzberg SL.",Mol Biol Evol. 2007 Sep;24(9):2091-8. doi: 10.1093/molbev/msm145. Epub 2007 Jul 21.,Kingsford C,Mol Biol Evol,2007,2007-07-24,PMC2429982,NIHMS48182,10.1093/molbev/msm145
17594494,Structure and evolution of a proviral locus of Glyptapanteles indiensis bracovirus,"Desjardins CA, Gundersen-Rindal DE, Hostetler JB, Tallon LJ, Fuester RW, Schatz MC, Pedroni MJ, Fadrosh DW, Haas BJ, Toms BS, Chen D, Nene V.",BMC Microbiol. 2007 Jun 26;7:61. doi: 10.1186/1471-2180-7-61.,Desjardins CA,BMC Microbiol,2007,2007-06-28,PMC1919376,,10.1186/1471-2180-7-61
17565224,Associations between genetic variants in the NOS1AP (CAPON) gene and cardiac repolarization in the old order Amish,"Post W, Shen H, Damcott C, Arking DE, Kao WH, Sack PA, Ryan KA, Chakravarti A, Mitchell BD, Shuldiner AR.",Hum Hered. 2007;64(4):214-9. doi: 10.1159/000103630. Epub 2007 Jun 12.,Post W,Hum Hered,2007,2007-06-15,PMC2880727,,10.1159/000103630
17540599,Transactivation of miR-34a by p53 broadly influences gene expression and promotes apoptosis,"Chang TC, Wentzel EA, Kent OA, Ramachandran K, Mullendore M, Lee KH, Feldmann G, Yamakuchi M, Ferlito M, Lowenstein CJ, Arking DE, Beer MA, Maitra A, Mendell JT.",Mol Cell. 2007 Jun 8;26(5):745-52. doi: 10.1016/j.molcel.2007.05.010. Epub 2007 May 31.,Chang TC,Mol Cell,2007,2007-06-02,PMC1939978,NIHMS25552,10.1016/j.molcel.2007.05.010
17517127,A computational survey of candidate exonic splicing enhancer motifs in the model plant Arabidopsis thaliana,"Pertea M, Mount SM, Salzberg SL.",BMC Bioinformatics. 2007 May 21;8:159. doi: 10.1186/1471-2105-8-159.,Pertea M,BMC Bioinformatics,2007,2007-05-23,PMC1892810,,10.1186/1471-2105-8-159
17510324,"Genome sequence of Aedes aegypti, a major arbovirus vector","Nene V, Wortman JR, Lawson D, Haas B, Kodira C, Tu ZJ, Loftus B, Xi Z, Megy K, Grabherr M, Ren Q, Zdobnov EM, Lobo NF, Campbell KS, Brown SE, Bonaldo MF, Zhu J, Sinkins SP, Hogenkamp DG, Amedeo P, Arensburger P, Atkinson PW, Bidwell S, Biedler J, Birney E, Bruggner RV, Costas J, Coy MR, Crabtree J, Crawford M, Debruyn B, Decaprio D, Eiglmeier K, Eisenstadt E, El-Dorry H, Gelbart WM, Gomes SL, Hammond M, Hannick LI, Hogan JR, Holmes MH, Jaffe D, Johnston JS, Kennedy RC, Koo H, Kravitz S, Kriventseva EV, Kulp D, Labutti K, Lee E, Li S, Lovin DD, Mao C, Mauceli E, Menck CF, Miller JR, Montgomery P, Mori A, Nascimento AL, Naveira HF, Nusbaum C, O'leary S, Orvis J, Pertea M, Quesneville H, Reidenbach KR, Rogers YH, Roth CW, Schneider JR, Schatz M, Shumway M, Stanke M, Stinson EO, Tubio JM, Vanzee JP, Verjovski-Almeida S, Werner D, White O, Wyder S, Zeng Q, Zhao Q, Zhao Y, Hill CA, Raikhel AS, Soares MB, Knudson DL, Lee NH, Galagan J, Salzberg SL, Paulsen IT, Dimopoulos G, Collins FH, Birren B, Fraser-Liggett CM, Severson DW.",Science. 2007 Jun 22;316(5832):1718-23. doi: 10.1126/science.1138878. Epub 2007 May 17.,Nene V,Science,2007,2007-05-19,PMC2868357,UKMS30391,10.1126/science.1138878
17553249,Genome analysis linking recent European and African influenza (H5N1) viruses,"Salzberg SL, Kingsford C, Cattoli G, Spiro DJ, Janies DA, Aly MM, Brown IH, Couacy-Hymann E, De Mia GM, Dung do H, Guercio A, Joannis T, Maken Ali AS, Osmani A, Padalino I, Saad MD, Savić V, Sengamalay NA, Yingst S, Zaborsky J, Zorman-Rojs O, Ghedin E, Capua I.",Emerg Infect Dis. 2007 May;13(5):713-8. doi: 10.3201/eid1305.070013.,Salzberg SL,Emerg Infect Dis,2007,2007-06-08,PMC2432181,NIHMS48181,10.3201/eid1305.070013
17472750,Pre-processing Agilent microarray data,"Zahurak M, Parmigiani G, Yu W, Scharpf RB, Berman D, Schaeffer E, Shabbeer S, Cope L.",BMC Bioinformatics. 2007 May 1;8:142. doi: 10.1186/1471-2105-8-142.,Zahurak M,BMC Bioinformatics,2007,2007-05-03,PMC1876252,,10.1186/1471-2105-8-142
17511514,Comprehensive DNA signature discovery and validation,"Phillippy AM, Mason JA, Ayanbule K, Sommer DD, Taviani E, Huq A, Colwell RR, Knight IT, Salzberg SL.",PLoS Comput Biol. 2007 May;3(5):e98. doi: 10.1371/journal.pcbi.0030098. Epub 2007 Apr 20.,Phillippy AM,PLoS Comput Biol,2007,2007-05-22,PMC1868776,,10.1371/journal.pcbi.0030098
17324286,"Minimus: a fast, lightweight genome assembler","Sommer DD, Delcher AL, Salzberg SL, Pop M.",BMC Bioinformatics. 2007 Feb 26;8:64. doi: 10.1186/1471-2105-8-64.,Sommer DD,BMC Bioinformatics,2007,2007-02-28,PMC1821043,,10.1186/1471-2105-8-64
17308087,Determination of cancer risk associated with germ line BRCA1 missense variants by functional analysis,"Carvalho MA, Marsillac SM, Karchin R, Manoukian S, Grist S, Swaby RF, Urmenyi TP, Rondinelli E, Silva R, Gayol L, Baumbach L, Sutphen R, Pickard-Brzosowicz JL, Nathanson KL, Sali A, Goldgar D, Couch FJ, Radice P, Monteiro AN.",Cancer Res. 2007 Feb 15;67(4):1494-501. doi: 10.1158/0008-5472.CAN-06-3297.,Carvalho MA,Cancer Res,2007,2007-02-20,PMC2936786,NIHMS230359,10.1158/0008-5472.CAN-06-3297
17293509,Ecology of the microbial community removing phosphate from wastewater under continuously aerobic conditions in a sequencing batch reactor,"Ahn J, Schroeder S, Beer M, McIlroy S, Bayly RC, May JW, Vasiliadis G, Seviour RJ.",Appl Environ Microbiol. 2007 Apr;73(7):2257-70. doi: 10.1128/AEM.02080-06. Epub 2007 Feb 9.,Ahn J,Appl Environ Microbiol,2007,2007-02-13,PMC1855644,,10.1128/AEM.02080-06
17254969,FoxOs are lineage-restricted redundant tumor suppressors and regulate endothelial cell homeostasis,"Paik JH, Kollipara R, Chu G, Ji H, Xiao Y, Ding Z, Miao L, Tothova Z, Horner JW, Carrasco DR, Jiang S, Gilliland DG, Chin L, Wong WH, Castrillon DH, DePinho RA.",Cell. 2007 Jan 26;128(2):309-23. doi: 10.1016/j.cell.2006.12.029.,Paik JH,Cell,2007,2007-01-27,PMC1855089,NIHMS17365,10.1016/j.cell.2006.12.029
17237039,Identifying bacterial genes and endosymbiont DNA with Glimmer,"Delcher AL, Bratke KA, Powers EC, Salzberg SL.",Bioinformatics. 2007 Mar 15;23(6):673-9. doi: 10.1093/bioinformatics/btm009. Epub 2007 Jan 19.,Delcher AL,Bioinformatics,2007,2007-01-24,PMC2387122,NIHMS48173,10.1093/bioinformatics/btm009
17218520,Draft genome sequence of the sexually transmitted pathogen Trichomonas vaginalis,"Carlton JM, Hirt RP, Silva JC, Delcher AL, Schatz M, Zhao Q, Wortman JR, Bidwell SL, Alsmark UC, Besteiro S, Sicheritz-Ponten T, Noel CJ, Dacks JB, Foster PG, Simillion C, Van de Peer Y, Miranda-Saavedra D, Barton GJ, Westrop GD, Müller S, Dessi D, Fiori PL, Ren Q, Paulsen I, Zhang H, Bastida-Corcuera FD, Simoes-Barbosa A, Brown MT, Hayes RD, Mukherjee M, Okumura CY, Schneider R, Smith AJ, Vanacova S, Villalvazo M, Haas BJ, Pertea M, Feldblyum TV, Utterback TR, Shu CL, Osoegawa K, de Jong PJ, Hrdy I, Horvathova L, Zubacova Z, Dolezal P, Malik SB, Logsdon JM Jr, Henze K, Gupta A, Wang CC, Dunne RL, Upcroft JA, Upcroft P, White O, Salzberg SL, Tang P, Chiu CH, Lee YS, Embley TM, Coombs GH, Mottram JC, Tachezy J, Fraser-Liggett CM, Johnson PJ.",Science. 2007 Jan 12;315(5809):207-12. doi: 10.1126/science.1132894.,Carlton JM,Science,2007,2007-01-16,PMC2080659,NIHMS33761,10.1126/science.1132894
17349036,Hawkeye: an interactive visual analytics tool for genome assemblies,"Schatz MC, Phillippy AM, Shneiderman B, Salzberg SL.",Genome Biol. 2007;8(3):R34. doi: 10.1186/gb-2007-8-3-r34.,Schatz MC,Genome Biol,2007,2007-03-14,PMC1868940,,10.1186/gb-2007-8-3-r34
17313685,"Rapid, accurate, computational discovery of Rho-independent transcription terminators illuminates their relationship to DNA uptake","Kingsford CL, Ayanbule K, Salzberg SL.",Genome Biol. 2007;8(2):R22. doi: 10.1186/gb-2007-8-2-r22.,Kingsford CL,Genome Biol,2007,2007-02-23,PMC1852404,,10.1186/gb-2007-8-2-r22
17274839,Genome re-annotation: a wiki solution?,Salzberg SL.,Genome Biol. 2007;8(1):102. doi: 10.1186/gb-2007-8-1-102.,Salzberg SL,Genome Biol,2007,2007-02-06,PMC1839116,,10.1186/gb-2007-8-1-102
17305420,Functional impact of missense variants in BRCA1 predicted by supervised learning,"Karchin R, Monteiro AN, Tavtigian SV, Carvalho MA, Sali A.",PLoS Comput Biol. 2007 Feb 16;3(2):e26. doi: 10.1371/journal.pcbi.0030026. Epub 2006 Dec 28.,Karchin R,PLoS Comput Biol,2007,2007-02-20,PMC1797820,,10.1371/journal.pcbi.0030026
17189379,Improving gene annotation using peptide mass spectrometry,"Tanner S, Shen Z, Ng J, Florea L, Guigó R, Briggs SP, Bafna V.",Genome Res. 2007 Feb;17(2):231-9. doi: 10.1101/gr.5646507. Epub 2006 Dec 22.,Tanner S,Genome Res,2007,2006-12-26,PMC1781355,,10.1101/gr.5646507
17364011,Decoding transcriptional regulatory interactions,"Liu LA, Bader JS.",Physica D. 2006 Dec;224(1-2):174-181. doi: 10.1016/j.physd.2006.09.022.,Liu LA,Physica D,2006,2007-03-17,PMC1827156,NIHMS14788,10.1016/j.physd.2006.09.022
17090591,A comparative analysis of genome-wide chromatin immunoprecipitation data for mammalian transcription factors,"Ji H, Vokes SA, Wong WH.",Nucleic Acids Res. 2006;34(21):e146. doi: 10.1093/nar/gkl803. Epub 2006 Nov 7.,Ji H,Nucleic Acids Res,2006,2006-11-09,PMC1669715,,10.1093/nar/gkl803
16980415,The mosaic nature of intergenic 16S-23S rRNA spacer regions suggests rRNA operon copy number variation in Clostridium difficile strains,"Sadeghifard N, Gürtler V, Beer M, Seviour RJ.",Appl Environ Microbiol. 2006 Nov;72(11):7311-23. doi: 10.1128/AEM.01179-06. Epub 2006 Sep 15.,Sadeghifard N,Appl Environ Microbiol,2006,2006-09-19,PMC1636144,,10.1128/AEM.01179-06
16933976,"Macronuclear genome sequence of the ciliate Tetrahymena thermophila, a model eukaryote","Eisen JA, Coyne RS, Wu M, Wu D, Thiagarajan M, Wortman JR, Badger JH, Ren Q, Amedeo P, Jones KM, Tallon LJ, Delcher AL, Salzberg SL, Silva JC, Haas BJ, Majoros WH, Farzad M, Carlton JM, Smith RK Jr, Garg J, Pearlman RE, Karrer KM, Sun L, Manning G, Elde NC, Turkewitz AP, Asai DJ, Wilkes DE, Wang Y, Cai H, Collins K, Stewart BA, Lee SR, Wilamowska K, Weinberg Z, Ruzzo WL, Wloga D, Gaertig J, Frankel J, Tsao CC, Gorovsky MA, Keeling PJ, Waller RF, Patron NJ, Cherry JM, Stover NA, Krieger CJ, del Toro C, Ryder HF, Williamson SC, Barbeau RA, Hamilton EP, Orias E.",PLoS Biol. 2006 Sep;4(9):e286. doi: 10.1371/journal.pbio.0040286.,Eisen JA,PLoS Biol,2006,2006-08-29,PMC1557398,,10.1371/journal.pbio.0040286
16934144,A phylogenetic generalized hidden Markov model for predicting alternatively spliced exons,"Allen JE, Salzberg SL.",Algorithms Mol Biol. 2006 Aug 25;1:14. doi: 10.1186/1748-7188-1-14.,Allen JE,Algorithms Mol Biol,2006,2006-08-29,PMC1570466,,10.1186/1748-7188-1-14
16899657,Human embryonic stem cells have a unique epigenetic signature,"Bibikova M, Chudin E, Wu B, Zhou L, Garcia EW, Liu Y, Shin S, Plaia TW, Auerbach JM, Arking DE, Gonzalez R, Crook J, Davidson B, Schulz TC, Robins A, Khanna A, Sartipy P, Hyllner J, Vanguri P, Savant-Bhonsale S, Smith AK, Chakravarti A, Maitra A, Rao M, Barker DL, Loring JF, Fan JB.",Genome Res. 2006 Sep;16(9):1075-83. doi: 10.1101/gr.5319906. Epub 2006 Aug 9.,Bibikova M,Genome Res,2006,2006-08-11,PMC1557765,,10.1101/gr.5319906
16925843,"JIGSAW, GeneZilla, and GlimmerHMM: puzzling out the features of human genes in the ENCODE regions","Allen JE, Majoros WH, Pertea M, Salzberg SL.",Genome Biol. 2006;7 Suppl 1(Suppl 1):S9.1-13. doi: 10.1186/gb-2006-7-s1-s9. Epub 2006 Aug 7.,Allen JE,Genome Biol,2006,2006-08-24,PMC1810558,,10.1186/gb-2006-7-s1-s9
17030173,Relative contribution of genetic and nongenetic modifiers to intestinal obstruction in cystic fibrosis,"Blackman SM, Deering-Brose R, McWilliams R, Naughton K, Coleman B, Lai T, Algire M, Beck S, Hoover-Fong J, Hamosh A, Fallin MD, West K, Arking DE, Chakravarti A, Cutler DJ, Cutting GR.",Gastroenterology. 2006 Oct;131(4):1030-9. doi: 10.1053/j.gastro.2006.07.016. Epub 2006 Jul 24.,Blackman SM,Gastroenterology,2006,2006-10-13,PMC1764617,NIHMS14107,10.1053/j.gastro.2006.07.016
16785428,Phosphoproteomic analysis of Her2/neu signaling and inhibition,"Bose R, Molina H, Patterson AS, Bitok JK, Periaswamy B, Bader JS, Pandey A, Cole PA.",Proc Natl Acad Sci U S A. 2006 Jun 27;103(26):9773-8. doi: 10.1073/pnas.0603948103. Epub 2006 Jun 19.,Bose R,Proc Natl Acad Sci U S A,2006,2006-06-21,PMC1502529,,10.1073/pnas.0603948103
16766564,It is time to end the patenting of software,"Quackenbush J, Salzberg SL.",Bioinformatics. 2006 Jun 15;22(12):1416-7. doi: 10.1093/bioinformatics/btl167.,Quackenbush J,Bioinformatics,2006,2006-06-13,PMC2836512,NIHMS48170,10.1093/bioinformatics/btl167
16652170,RNA interference analysis of Legionella in Drosophila cells: exploitation of early secretory apparatus dynamics,"Dorer MS, Kirton D, Bader JS, Isberg RR.",PLoS Pathog. 2006 Apr;2(4):e34. doi: 10.1371/journal.ppat.0020034. Epub 2006 Apr 28.,Dorer MS,PLoS Pathog,2006,2006-05-03,PMC1447669,,10.1371/journal.ppat.0020034
16606835,Cysteinyl leukotriene 2 receptor and protease-activated receptor 1 activate strongly correlated early genes in human endothelial cells,"Uzonyi B, Lötzer K, Jahn S, Kramer C, Hildner M, Bretschneider E, Radke D, Beer M, Vollandt R, Evans JF, Funk CD, Habenicht AJ.",Proc Natl Acad Sci U S A. 2006 Apr 18;103(16):6326-31. doi: 10.1073/pnas.0601223103. Epub 2006 Apr 10.,Uzonyi B,Proc Natl Acad Sci U S A,2006,2006-04-12,PMC1458877,,10.1073/pnas.0601223103
16438730,An improved distance measure between the expression profiles linking co-expression and co-regulation in mouse,"Kim RS, Ji H, Wong WH.",BMC Bioinformatics. 2006 Jan 26;7:44. doi: 10.1186/1471-2105-7-44.,Kim RS,BMC Bioinformatics,2006,2006-01-28,PMC1403805,,10.1186/1471-2105-7-44
16381869,MODBASE: a database of annotated comparative protein structure models and associated resources,"Pieper U, Eswar N, Davis FP, Braberg H, Madhusudhan MS, Rossi A, Marti-Renom M, Karchin R, Webb BM, Eramian D, Shen MY, Kelly L, Melo F, Sali A.",Nucleic Acids Res. 2006 Jan 1;34(Database issue):D291-5. doi: 10.1093/nar/gkj059.,Pieper U,Nucleic Acids Res,2006,2005-12-31,PMC1347422,,10.1093/nar/gkj059
16332255,Genetic Interaction Motif Finding by expectation maximization--a novel statistical model for inferring gene modules from synthetic lethality,"Qi Y, Ye P, Bader JS.",BMC Bioinformatics. 2005 Dec 6;6:288. doi: 10.1186/1471-2105-6-288.,Qi Y,BMC Bioinformatics,2005,2005-12-08,PMC1334220,,10.1186/1471-2105-6-288
16729061,Gene function prediction from congruent synthetic lethal interactions in yeast,"Ye P, Peyser BD, Pan X, Boeke JD, Spencer FA, Bader JS.",Mol Syst Biol. 2005;1:2005.0026. doi: 10.1038/msb4100034. Epub 2005 Nov 22.,Ye P,Mol Syst Biol,2005,2006-05-27,PMC1681444,,10.1038/msb4100034
16283923,Commensurate distances and similar motifs in genetic congruence and protein interaction networks in yeast,"Ye P, Peyser BD, Spencer FA, Bader JS.",BMC Bioinformatics. 2005 Nov 9;6:270. doi: 10.1186/1471-2105-6-270.,Ye P,BMC Bioinformatics,2005,2005-11-15,PMC1310633,,10.1186/1471-2105-6-270
16140990,Why do human diversity levels vary at a megabase scale?,"Hellmann I, Prüfer K, Ji H, Zody MC, Pääbo S, Ptak SE.",Genome Res. 2005 Sep;15(9):1222-31. doi: 10.1101/gr.3461105.,Hellmann I,Genome Res,2005,2005-09-06,PMC1199536,,10.1101/gr.3461105
16109971,"Sequence, annotation, and analysis of synteny between rice chromosome 3 and diverged grass species","Buell CR, Yuan Q, Ouyang S, Liu J, Zhu W, Wang A, Maiti R, Haas B, Wortman J, Pertea M, Jones KM, Kim M, Overton L, Tsitrin T, Fadrosh D, Bera J, Weaver B, Jin S, Johri S, Reardon M, Webb K, Hill J, Moffat K, Tallon L, Van Aken S, Lewis M, Utterback T, Feldblyum T, Zismann V, Iobst S, Hsiao J, de Vazeille AR, Salzberg SL, White O, Fraser C, Yu Y, Kim H, Rambo T, Currie J, Collura K, Kernodle-Thompson S, Wei F, Kudrna K, Ammiraju JS, Luo M, Goicoechea JL, Wing RA, Henry D, Oates R, Palmer M, Pries G, Saski C, Simmons J, Soderlund C, Nelson W, de la Bastide M, Spiegel L, Nascimento L, Huang E, Preston R, Zutavern T, Palmer L, O'Shaughnessy A, Dike S, McCombie WR, Minx P, Cordum H, Wilson R, Jin W, Lee HR, Jiang J, Jackson S; Rice Chromosome 3 Sequencing Consortium.",Genome Res. 2005 Sep;15(9):1284-91. doi: 10.1101/gr.3869505. Epub 2005 Aug 18.,Buell CR,Genome Res,2005,2005-08-20,PMC1199543,,10.1101/gr.3869505
16056220,Genome sequencing in microfabricated high-density picolitre reactors,"Margulies M, Egholm M, Altman WE, Attiya S, Bader JS, Bemben LA, Berka J, Braverman MS, Chen YJ, Chen Z, Dewell SB, Du L, Fierro JM, Gomes XV, Godwin BC, He W, Helgesen S, Ho CH, Irzyk GP, Jando SC, Alenquer ML, Jarvie TP, Jirage KB, Kim JB, Knight JR, Lanza JR, Leamon JH, Lefkowitz SM, Lei M, Li J, Lohman KL, Lu H, Makhijani VB, McDade KE, McKenna MP, Myers EW, Nickerson E, Nobile JR, Plant R, Puc BP, Ronan MT, Roth GT, Sarkis GJ, Simons JF, Simpson JW, Srinivasan M, Tartaro KR, Tomasz A, Vogt KA, Volkmer GA, Wang SH, Wang Y, Weiner MP, Yu P, Begley RF, Rothberg JM.",Nature. 2005 Sep 15;437(7057):376-80. doi: 10.1038/nature03959. Epub 2005 Jul 31.,Margulies M,Nature,2005,2005-08-02,PMC1464427,NIHMS5166,10.1038/nature03959
16026181,Whole-genome analysis of human influenza A virus reveals multiple persistent lineages and reassortment among recent H3N2 viruses,"Holmes EC, Ghedin E, Miller N, Taylor J, Bao Y, St George K, Grenfell BT, Salzberg SL, Fraser CM, Lipman DJ, Taubenberger JK.",PLoS Biol. 2005 Sep;3(9):e300. doi: 10.1371/journal.pbio.0030300. Epub 2005 Jul 26.,Holmes EC,PLoS Biol,2005,2005-07-20,PMC1180517,,10.1371/journal.pbio.0030300
15998463,Correction: Serendipitous discovery of Wolbachia genomes in multiple Drosophila species,"Salzberg SL, Dunning Hotopp JC, Delcher AL, Pop M, Smith DR, Eisen MB, Nelson WC.",Genome Biol. 2005;6(7):402. doi: 10.1186/gb-2005-6-7-402. Epub 2005 Jun 24.,Salzberg SL,Genome Biol,2005,2005-07-07,PMC1175986,,10.1186/gb-2005-6-7-402
15870260,Functional characterization of a novel Ku70/80 pause site at the H19/Igf2 imprinting control region,"Katz DJ, Beer MA, Levorse JM, Tilghman SM.",Mol Cell Biol. 2005 May;25(10):3855-63. doi: 10.1128/MCB.25.10.3855-3863.2005.,Katz DJ,Mol Cell Biol,2005,2005-05-05,PMC1087736,,10.1128/MCB.25.10.3855-3863.2005
15738422,Regulation of platelet granule exocytosis by S-nitrosylation,"Morrell CN, Matsushita K, Chiles K, Scharpf RB, Yamakuchi M, Mason RJ, Bergmeier W, Mankowski JL, Baldwin WM 3rd, Faraday N, Lowenstein CJ.",Proc Natl Acad Sci U S A. 2005 Mar 8;102(10):3782-7. doi: 10.1073/pnas.0408310102. Epub 2005 Feb 28.,Morrell CN,Proc Natl Acad Sci U S A,2005,2005-03-02,PMC553307,,10.1073/pnas.0408310102
15774024,Serendipitous discovery of Wolbachia genomes in multiple Drosophila species,"Salzberg SL, Dunning Hotopp JC, Delcher AL, Pop M, Smith DR, Eisen MB, Nelson WC.",Genome Biol. 2005;6(3):R23. doi: 10.1186/gb-2005-6-3-r23. Epub 2005 Feb 22.,Salzberg SL,Genome Biol,2005,2005-03-19,PMC1088942,,10.1186/gb-2005-6-3-r23
15667658,Efficient decoding algorithms for generalized hidden Markov model gene finders,"Majoros WH, Pertea M, Delcher AL, Salzberg SL.",BMC Bioinformatics. 2005 Jan 24;6:16. doi: 10.1186/1471-2105-6-16.,Majoros WH,BMC Bioinformatics,2005,2005-01-26,PMC552317,,10.1186/1471-2105-6-16
15653466,The genome of the basidiomycetous yeast and human pathogen Cryptococcus neoformans,"Loftus BJ, Fung E, Roncaglia P, Rowley D, Amedeo P, Bruno D, Vamathevan J, Miranda M, Anderson IJ, Fraser JA, Allen JE, Bosdet IE, Brent MR, Chiu R, Doering TL, Donlin MJ, D'Souza CA, Fox DS, Grinberg V, Fu J, Fukushima M, Haas BJ, Huang JC, Janbon G, Jones SJ, Koo HL, Krzywinski MI, Kwon-Chung JK, Lengeler KB, Maiti R, Marra MA, Marra RE, Mathewson CA, Mitchell TG, Pertea M, Riggs FR, Salzberg SL, Schein JE, Shvartsbeyn A, Shin H, Shumway M, Specht CA, Suh BB, Tenney A, Utterback TR, Wickes BL, Wortman JR, Wye NH, Kronstad JW, Lodge JK, Heitman J, Davis RW, Fraser CM, Hyman RW.",Science. 2005 Feb 25;307(5713):1321-4. doi: 10.1126/science.1103773. Epub 2005 Jan 13.,Loftus BJ,Science,2005,2005-01-18,PMC3520129,NIHMS249964,10.1126/science.1103773
15660156,Major structural differences and novel potential virulence mechanisms from the genomes of multiple campylobacter species,"Fouts DE, Mongodin EF, Mandrell RE, Miller WG, Rasko DA, Ravel J, Brinkac LM, DeBoy RT, Parker CT, Daugherty SC, Dodson RJ, Durkin AS, Madupu R, Sullivan SA, Shetty JU, Ayodeji MA, Shvartsbeyn A, Schatz MC, Badger JH, Fraser CM, Nelson KE.",PLoS Biol. 2005 Jan;3(1):e15. doi: 10.1371/journal.pbio.0030015. Epub 2005 Jan 4.,Fouts DE,PLoS Biol,2005,2005-01-22,PMC539331,,10.1371/journal.pbio.0030015
15632090,Gene and alternative splicing annotation with AIR,"Florea L, Di Francesco V, Miller J, Turner R, Yao A, Harris M, Walenz B, Mobarry C, Merkulov GV, Charlab R, Dew I, Deng Z, Istrail S, Li P, Sutton G.",Genome Res. 2005 Jan;15(1):54-66. doi: 10.1101/gr.2889405.,Florea L,Genome Res,2005,2005-01-06,PMC540277,,10.1101/gr.2889405
,An empirical analysis of training protocols for probabilistic gene finders,"Majoros WH, Salzberg SL.",BMC Bioinformatics. 2005 Aug 1;6:193. doi: 10.1186/1471-2105-6-193. eCollection 2005.,Majoros WH,BMC Bioinformatics,2005,,PMC1187878,,10.1186/1471-2105-6-193
15613242,An empirical analysis of training protocols for probabilistic gene finders,"Majoros WH, Salzberg SL.",BMC Bioinformatics. 2004 Dec 21;5:206. doi: 10.1186/1471-2105-5-206.,Majoros WH,BMC Bioinformatics,2004,2004-12-23,PMC544851,,10.1186/1471-2105-5-206
15383840,Genomic insights into methanotrophy: the complete genome sequence of Methylococcus capsulatus (Bath),"Ward N, Larsen Ø, Sakwa J, Bruseth L, Khouri H, Durkin AS, Dimitrov G, Jiang L, Scanlan D, Kang KH, Lewis M, Nelson KE, Methé B, Wu M, Heidelberg JF, Paulsen IT, Fouts D, Ravel J, Tettelin H, Ren Q, Read T, DeBoy RT, Seshadri R, Salzberg SL, Jensen HB, Birkeland NK, Nelson WC, Dodson RJ, Grindhaug SH, Holt I, Eidhammer I, Jonasen I, Vanaken S, Utterback T, Feldblyum TV, Fraser CM, Lillehaug JR, Eisen JA.",PLoS Biol. 2004 Oct;2(10):e303. doi: 10.1371/journal.pbio.0020303. Epub 2004 Sep 21.,Ward N,PLoS Biol,2004,2004-09-24,PMC517821,,10.1371/journal.pbio.0020303
15367931,The genome Assembly Archive: a new public resource,"Salzberg SL, Church D, DiCuccio M, Yaschenko E, Ostell J.",PLoS Biol. 2004 Sep;2(9):E285. doi: 10.1371/journal.pbio.0020285. Epub 2004 Sep 14.,Salzberg SL,PLoS Biol,2004,2004-09-16,PMC516794,,10.1371/journal.pbio.0020285
15326311,Comparative immunopeptidomics of humans and their pathogens,"Istrail S, Florea L, Halldórsson BV, Kohlbacher O, Schwartz RS, Yap VB, Yewdell JW, Hoffman SL.",Proc Natl Acad Sci U S A. 2004 Sep 7;101(36):13268-72. doi: 10.1073/pnas.0404740101. Epub 2004 Aug 23.,Istrail S,Proc Natl Acad Sci U S A,2004,2004-08-25,PMC516558,,10.1073/pnas.0404740101
15345045,Computational identification of developmental enhancers: conservation and function of transcription factor binding-site clusters in Drosophila melanogaster and Drosophila pseudoobscura,"Berman BP, Pfeiffer BD, Laverty TR, Salzberg SL, Rubin GM, Eisen MB, Celniker SE.",Genome Biol. 2004;5(9):R61. doi: 10.1186/gb-2004-5-9-r61. Epub 2004 Aug 20.,Berman BP,Genome Biol,2004,2004-09-04,PMC522868,,10.1186/gb-2004-5-9-r61
26705167,Routine Penicillin Skin Testing in Hospitalized Patients with a History of Penicillin Allergy,"Macy E, Roppe LB, Schatz M.",Perm J. 2004 Summer;8(3):20-4. doi: 10.7812/TPP/04.934.,Macy E,Perm J,2004,2015-12-26,PMC4690693,,10.7812/TPP/04.934
14769938,Whole-genome shotgun assembly and comparison of human genome assemblies,"Istrail S, Sutton GG, Florea L, Halpern AL, Mobarry CM, Lippert R, Walenz B, Shatkay H, Dew I, Miller JR, Flanigan MJ, Edwards NJ, Bolanos R, Fasulo D, Halldorsson BV, Hannenhalli S, Turner R, Yooseph S, Lu F, Nusskern DR, Shue BC, Zheng XH, Zhong F, Delcher AL, Huson DH, Kravitz SA, Mouchard L, Reinert K, Remington KA, Clark AG, Waterman MS, Eichler EE, Adams MD, Hunkapiller MW, Myers EW, Venter JC.",Proc Natl Acad Sci U S A. 2004 Feb 17;101(7):1916-21. doi: 10.1073/pnas.0307971100. Epub 2004 Feb 9.,Istrail S,Proc Natl Acad Sci U S A,2004,2004-02-11,PMC357027,,10.1073/pnas.0307971100
14759262,Versatile and open software for comparing large genomes,"Kurtz S, Phillippy A, Delcher AL, Smoot M, Shumway M, Antonescu C, Salzberg SL.",Genome Biol. 2004;5(2):R12. doi: 10.1186/gb-2004-5-2-r12. Epub 2004 Jan 30.,Kurtz S,Genome Biol,2004,2004-02-05,PMC395750,,10.1186/gb-2004-5-2-r12
14744981,Automated correction of genome sequence errors,"Gajer P, Schatz M, Salzberg SL.",Nucleic Acids Res. 2004 Jan 26;32(2):562-9. doi: 10.1093/nar/gkh216. Print 2004.,Gajer P,Nucleic Acids Res,2004,2004-01-28,PMC373340,,10.1093/nar/gkh216
14707177,Hierarchical scaffolding with Bambus,"Pop M, Kosack DS, Salzberg SL.",Genome Res. 2004 Jan;14(1):149-59. doi: 10.1101/gr.1536204.,Pop M,Genome Res,2004,2004-01-07,PMC314292,,10.1101/gr.1536204
14707176,Computational gene prediction using multiple sources of evidence,"Allen JE, Pertea M, Salzberg SL.",Genome Res. 2004 Jan;14(1):142-8. doi: 10.1101/gr.1562804.,Allen JE,Genome Res,2004,2004-01-07,PMC314291,,10.1101/gr.1562804
14672978,Whole-genome discovery of transcription factor binding sites by network-level conservation,"Pritsker M, Liu YC, Beer MA, Tavazoie S.",Genome Res. 2004 Jan;14(1):99-108. doi: 10.1101/gr.1739204. Epub 2003 Dec 12.,Pritsker M,Genome Res,2004,2003-12-16,PMC314286,,10.1101/gr.1739204
14500829,Improving the Arabidopsis genome annotation using maximal transcript alignment assemblies,"Haas BJ, Delcher AL, Mount SM, Wortman JR, Smith RK Jr, Hannick LI, Maiti R, Ronning CM, Rusch DB, Town CD, Salzberg SL, White O.",Nucleic Acids Res. 2003 Oct 1;31(19):5654-66. doi: 10.1093/nar/gkg770.,Haas BJ,Nucleic Acids Res,2003,2003-09-23,PMC206470,,10.1093/nar/gkg770
12907728,The sequence and analysis of Trypanosoma brucei chromosome II,"El-Sayed NM, Ghedin E, Song J, MacLeod A, Bringaud F, Larkin C, Wanless D, Peterson J, Hou L, Taylor S, Tweedie A, Biteau N, Khalak HG, Lin X, Mason T, Hannick L, Caler E, Blandin G, Bartholomeu D, Simpson AJ, Kaul S, Zhao H, Pai G, Van Aken S, Utterback T, Haas B, Koo HL, Umayam L, Suh B, Gerrard C, Leech V, Qi R, Zhou S, Schwartz D, Feldblyum T, Salzberg S, Tait A, Turner CM, Ullu E, White O, Melville S, Adams MD, Fraser CM, Donelson JE.",Nucleic Acids Res. 2003 Aug 15;31(16):4856-63. doi: 10.1093/nar/gkg673.,El-Sayed NM,Nucleic Acids Res,2003,2003-08-09,PMC169936,,10.1093/nar/gkg673
12824375,"GlimmerM, Exonomy and Unveil: three ab initio eukaryotic genefinders","Majoros WH, Pertea M, Antonescu C, Salzberg SL.",Nucleic Acids Res. 2003 Jul 1;31(13):3601-4. doi: 10.1093/nar/gkg527.,Majoros WH,Nucleic Acids Res,2003,2003-06-26,PMC168934,,10.1093/nar/gkg527
12824359,EnteriX 2003: Visualization tools for genome alignments of Enterobacteriaceae,"Florea L, McClelland M, Riemer C, Schwartz S, Miller W.",Nucleic Acids Res. 2003 Jul 1;31(13):3527-32. doi: 10.1093/nar/gkg551.,Florea L,Nucleic Acids Res,2003,2003-06-26,PMC168958,,10.1093/nar/gkg551
12799353,Computational discovery of internal micro-exons,"Volfovsky N, Haas BJ, Salzberg SL.",Genome Res. 2003 Jun;13(6A):1216-21. doi: 10.1101/gr.677503.,Volfovsky N,Genome Res,2003,2003-06-12,PMC403649,,10.1101/gr.677503
12682364,Genome sequence of Chlamydophila caviae (Chlamydia psittaci GPIC): examining the role of niche-specific genes in the evolution of the Chlamydiaceae,"Read TD, Myers GS, Brunham RC, Nelson WC, Paulsen IT, Heidelberg J, Holtzapple E, Khouri H, Federova NB, Carty HA, Umayam LA, Haft DH, Peterson J, Beanan MJ, White O, Salzberg SL, Hsia RC, McClarty G, Rank RG, Bavoil PM, Fraser CM.",Nucleic Acids Res. 2003 Apr 15;31(8):2134-47. doi: 10.1093/nar/gkg321.,Read TD,Nucleic Acids Res,2003,2003-04-12,PMC153749,,10.1093/nar/gkg321
12655003,A non-redundant microarray of genes for two related bacteria,"Porwollik S, Frye J, Florea LD, Blackmer F, McClelland M.",Nucleic Acids Res. 2003 Apr 1;31(7):1869-76. doi: 10.1093/nar/gkg298.,Porwollik S,Nucleic Acids Res,2003,2003-03-26,PMC152813,,10.1093/nar/gkg298
12669274,KLOTHO allele status and the risk of early-onset occult coronary artery disease,"Arking DE, Becker DM, Yanek LR, Fallin D, Judge DP, Moy TF, Becker LC, Dietz HC.",Am J Hum Genet. 2003 May;72(5):1154-61. doi: 10.1086/375035. Epub 2003 Mar 31.,Arking DE,Am J Hum Genet,2003,2003-04-02,PMC1180268,,10.1086/375035
12590129,Uncensored exchange of scientific results,"Atlas R, Campbell P, Cozzarelli NR, Curfman G, Enquist L, Fink G, Flanagin A, Fletcher J, George E, Hammes G, Heyman D, Inglesby T, Kaplan S, Kennedy D, Krug J, Levinson RE, Marcus E, Metzger H, Morse SS, O'Brien A, Onderdonk A, Poste G, Renault B, Rich R, Rosengard A, Salzberg S, Scanlan M, Shenk T, Tabor H, Varmus H, Wimmer E, Yamamoto K; Journal Editors and Authors Group.",Proc Natl Acad Sci U S A. 2003 Feb 18;100(4):1464. doi: 10.1073/pnas.0630491100. Epub 2003 Feb 15.,Atlas R,Proc Natl Acad Sci U S A,2003,2003-02-19,PMC149850,,10.1073/pnas.0630491100
12426324,The value of complete microbial genome sequencing (you get what you pay for),"Fraser CM, Eisen JA, Nelson KE, Paulsen IT, Salzberg SL.",J Bacteriol. 2002 Dec;184(23):6403-5; discusion 6405. doi: 10.1128/JB.184.23.6403-6405.2002.,Fraser CM,J Bacteriol,2002,2002-11-12,PMC135419,,10.1128/JB.184.23.6403-6405.2002
12368864,Genome sequence of the human malaria parasite Plasmodium falciparum,"Gardner MJ, Hall N, Fung E, White O, Berriman M, Hyman RW, Carlton JM, Pain A, Nelson KE, Bowman S, Paulsen IT, James K, Eisen JA, Rutherford K, Salzberg SL, Craig A, Kyes S, Chan MS, Nene V, Shallom SJ, Suh B, Peterson J, Angiuoli S, Pertea M, Allen J, Selengut J, Haft D, Mather MW, Vaidya AB, Martin DM, Fairlamb AH, Fraunholz MJ, Roos DS, Ralph SA, McFadden GI, Cummings LM, Subramanian GM, Mungall C, Venter JC, Carucci DJ, Hoffman SL, Newbold C, Davis RW, Fraser CM, Barrell B.",Nature. 2002 Oct 3;419(6906):498-511. doi: 10.1038/nature01097.,Gardner MJ,Nature,2002,2002-10-09,PMC3836256,EMS54165,10.1038/nature01097
12218036,Whole-genome comparison of Mycobacterium tuberculosis clinical and laboratory strains,"Fleischmann RD, Alland D, Eisen JA, Carpenter L, White O, Peterson J, DeBoy R, Dodson R, Gwinn M, Haft D, Hickey E, Kolonay JF, Nelson WC, Umayam LA, Ermolaeva M, Salzberg SL, Delcher A, Utterback T, Weidman J, Khouri H, Gill J, Mikula A, Bishai W, Jacobs WR Jr, Venter JC, Fraser CM.",J Bacteriol. 2002 Oct;184(19):5479-90. doi: 10.1128/JB.184.19.5479-5490.2002.,Fleischmann RD,J Bacteriol,2002,2002-09-10,PMC135346,,10.1128/JB.184.19.5479-5490.2002
,Immediate Hypersensitivity to Methylparaben Causing False-Positive Results of Local Anesthetic Skin Testing or Provocative Dose Testing,"Macy E, Schatz M, Zeiger RS.",Perm J. 2002 Fall;6(4):17-21.,Macy ESchatz MZeiger RS,Perm J,2002,,PMC6220647,,
12271122,The Brucella suis genome reveals fundamental similarities between animal and plant pathogens and symbionts,"Paulsen IT, Seshadri R, Nelson KE, Eisen JA, Heidelberg JF, Read TD, Dodson RJ, Umayam L, Brinkac LM, Beanan MJ, Daugherty SC, Deboy RT, Durkin AS, Kolonay JF, Madupu R, Nelson WC, Ayodeji B, Kraul M, Shetty J, Malek J, Van Aken SE, Riedmuller S, Tettelin H, Gill SR, White O, Salzberg SL, Hoover DL, Lindler LE, Halling SM, Boyle SM, Fraser CM.",Proc Natl Acad Sci U S A. 2002 Oct 1;99(20):13148-53. doi: 10.1073/pnas.192319099. Epub 2002 Sep 23.,Paulsen IT,Proc Natl Acad Sci U S A,2002,2002-09-25,PMC130601,,10.1073/pnas.192319099
12034836,Fast algorithms for large-scale genome alignment and comparison,"Delcher AL, Phillippy A, Carlton J, Salzberg SL.",Nucleic Acids Res. 2002 Jun 1;30(11):2478-83. doi: 10.1093/nar/30.11.2478.,Delcher AL,Nucleic Acids Res,2002,2002-05-30,PMC117189,,10.1093/nar/30.11.2478
12093376,Full-length messenger RNA sequences greatly improve genome annotation,"Haas BJ, Volfovsky N, Town CD, Troukhan M, Alexandrov N, Feldmann KA, Flavell RB, White O, Salzberg SL.",Genome Biol. 2002;3(6):RESEARCH0029. doi: 10.1186/gb-2002-3-6-research0029. Epub 2002 May 30.,Haas BJ,Genome Biol,2002,2002-07-03,PMC116726,,10.1186/gb-2002-3-6-research0029
11792841,Association of human aging with a functional variant of klotho,"Arking DE, Krebsova A, Macek M Sr, Macek M Jr, Arking A, Mian IS, Fried L, Hamosh A, Dey S, McIntosh I, Dietz HC.",Proc Natl Acad Sci U S A. 2002 Jan 22;99(2):856-61. doi: 10.1073/pnas.022484299. Epub 2002 Jan 15.,Arking DE,Proc Natl Acad Sci U S A,2002,2002-01-17,PMC117395,,10.1073/pnas.022484299
11591641,Understanding the adaptation of Halobacterium species NRC-1 to its extreme environment through computational analysis of its genome sequence,"Kennedy SP, Ng WV, Salzberg SL, Hood L, DasSarma S.",Genome Res. 2001 Oct;11(10):1641-50. doi: 10.1101/gr.190201.,Kennedy SP,Genome Res,2001,2001-10-10,PMC311145,,10.1101/gr.190201
11532211,A clustering method for repeat analysis in DNA sequences,"Volfovsky N, Haas BJ, Salzberg SL.",Genome Biol. 2001;2(8):RESEARCH0027. doi: 10.1186/gb-2001-2-8-research0027. Epub 2001 Aug 1.,Volfovsky N,Genome Biol,2001,2001-09-05,PMC55324,,10.1186/gb-2001-2-8-research0027
11259647,Complete genome sequence of Caulobacter crescentus,"Nierman WC, Feldblyum TV, Laub MT, Paulsen IT, Nelson KE, Eisen JA, Heidelberg JF, Alley MR, Ohta N, Maddock JR, Potocka I, Nelson WC, Newton A, Stephens C, Phadke ND, Ely B, DeBoy RT, Dodson RJ, Durkin AS, Gwinn ML, Haft DH, Kolonay JF, Smit J, Craven MB, Khouri H, Shetty J, Berry K, Utterback T, Tran K, Wolf A, Vamathevan J, Ermolaeva M, White O, Salzberg SL, Venter JC, Shapiro L, Fraser CM.",Proc Natl Acad Sci U S A. 2001 Mar 27;98(7):4136-41. doi: 10.1073/pnas.061029298. Epub 2001 Mar 20.,Nierman WC,Proc Natl Acad Sci U S A,2001,2001-03-22,PMC31192,,10.1073/pnas.061029298
11244096,Rice bioinformatics. analysis of rice sequence data and leveraging the data to other plant species,"Yuan Q, Quackenbush J, Sultana R, Pertea M, Salzberg SL, Buell CR.",Plant Physiol. 2001 Mar;125(3):1166-74. doi: 10.1104/pp.125.3.1166.,Yuan Q,Plant Physiol,2001,2001-03-13,PMC1539370,,10.1104/pp.125.3.1166
11222772,Prediction of operons in microbial genomes,"Ermolaeva MD, White O, Salzberg SL.",Nucleic Acids Res. 2001 Mar 1;29(5):1216-21. doi: 10.1093/nar/29.5.1216.,Ermolaeva MD,Nucleic Acids Res,2001,2001-02-27,PMC29727,,10.1093/nar/29.5.1216
11222768,GeneSplicer: a new computational method for splice site prediction,"Pertea M, Lin X, Salzberg SL.",Nucleic Acids Res. 2001 Mar 1;29(5):1185-90. doi: 10.1093/nar/29.5.1185.,Pertea M,Nucleic Acids Res,2001,2001-02-27,PMC29713,,10.1093/nar/29.5.1185
11178265,Evidence for symmetric chromosomal inversions around the replication origin in bacteria,"Eisen JA, Heidelberg JF, White O, Salzberg SL.",Genome Biol. 2000;1(6):RESEARCH0011. doi: 10.1186/gb-2000-1-6-research0011. Epub 2000 Dec 4.,Eisen JA,Genome Biol,2000,2001-02-24,PMC16139,,10.1186/gb-2000-1-6-research0011
10982889,An optimized protocol for analysis of EST sequences,"Liang F, Holt I, Pertea G, Karamycheva S, Salzberg SL, Quackenbush J.",Nucleic Acids Res. 2000 Sep 15;28(18):3657-65. doi: 10.1093/nar/28.18.3657.,Liang F,Nucleic Acids Res,2000,2000-09-13,PMC110731,,10.1093/nar/28.18.3657
10963611,Microbial genome sequencing,"Fraser CM, Eisen JA, Salzberg SL.",Nature. 2000 Aug 17;406(6797):799-803. doi: 10.1038/35021244.,Fraser CM,Nature,2000,2000-08-30,PMC9754328,,10.1038/35021244
10952301,DNA sequence of both chromosomes of the cholera pathogen Vibrio cholerae,"Heidelberg JF, Eisen JA, Nelson WC, Clayton RA, Gwinn ML, Dodson RJ, Haft DH, Hickey EK, Peterson JD, Umayam L, Gill SR, Nelson KE, Read TD, Tettelin H, Richardson D, Ermolaeva MD, Vamathevan J, Bass S, Qin H, Dragoi I, Sellers P, McDonald L, Utterback T, Fleishmann RD, Nierman WC, White O, Salzberg SL, Smith HO, Colwell RR, Mekalanos JJ, Venter JC, Fraser CM.",Nature. 2000 Aug 3;406(6795):477-83. doi: 10.1038/35020000.,Heidelberg JF,Nature,2000,2000-08-22,PMC8288016,,10.1038/35020000
10684935,Genome sequences of Chlamydia trachomatis MoPn and Chlamydia pneumoniae AR39,"Read TD, Brunham RC, Shen C, Gill SR, Heidelberg JF, White O, Hickey EK, Peterson J, Utterback T, Berry K, Bass S, Linher K, Weidman J, Khouri H, Craven B, Bowman C, Dodson R, Gwinn M, Nelson W, DeBoy R, Kolonay J, McClarty G, Salzberg SL, Eisen J, Fraser CM.",Nucleic Acids Res. 2000 Mar 15;28(6):1397-406. doi: 10.1093/nar/28.6.1397.,Read TD,Nucleic Acids Res,2000,2000-02-24,PMC111046,,10.1093/nar/28.6.1397
10556321,Improved microbial gene identification with GLIMMER,"Delcher AL, Harmon D, Kasif S, White O, Salzberg SL.",Nucleic Acids Res. 1999 Dec 1;27(23):4636-41. doi: 10.1093/nar/27.23.4636.,Delcher AL,Nucleic Acids Res,1999,1999-11-11,PMC148753,,10.1093/nar/27.23.4636
10325427,Alignment of whole genomes,"Delcher AL, Kasif S, Fleischmann RD, Peterson J, White O, Salzberg SL.",Nucleic Acids Res. 1999 Jun 1;27(11):2369-76. doi: 10.1093/nar/27.11.2369.,Delcher AL,Nucleic Acids Res,1999,1999-05-15,PMC148804,,10.1093/nar/27.11.2369
9421513,Microbial gene identification using interpolated Markov models,"Salzberg SL, Delcher AL, Kasif S, White O.",Nucleic Acids Res. 1998 Jan 15;26(2):544-8. doi: 10.1093/nar/26.2.544.,Salzberg SL,Nucleic Acids Res,1998,1998-02-28,PMC147303,,10.1093/nar/26.2.544
,Exemplar-Based Learning to Predict Protein Folding,"Cost S, Salzberg S.",Proc Annu Symp Comput Appl Med Care. 1990 Nov 7:114-8.,Cost S,Proc Annu Symp Comput Appl Med Care,1990,,PMC2245400,,
